-- phpMyAdmin SQL Dump
-- version 5.1.1
-- https://www.phpmyadmin.net/
--
-- Gép: 127.0.0.1
-- Létrehozás ideje: 2022. Máj 03. 22:19
-- Kiszolgáló verziója: 10.4.21-MariaDB
-- PHP verzió: 8.0.11

SET SQL_MODE = "NO_AUTO_VALUE_ON_ZERO";
START TRANSACTION;
SET time_zone = "+00:00";


/*!40101 SET @OLD_CHARACTER_SET_CLIENT=@@CHARACTER_SET_CLIENT */;
/*!40101 SET @OLD_CHARACTER_SET_RESULTS=@@CHARACTER_SET_RESULTS */;
/*!40101 SET @OLD_COLLATION_CONNECTION=@@COLLATION_CONNECTION */;
/*!40101 SET NAMES utf8mb4 */;

--
-- Adatbázis: `laravel`
--

-- --------------------------------------------------------

--
-- Tábla szerkezet ehhez a táblához `alapanyags`
--

CREATE TABLE `alapanyags` (
  `megnevezes` varchar(40) COLLATE utf8mb4_unicode_ci NOT NULL,
  `created_at` timestamp NULL DEFAULT NULL,
  `updated_at` timestamp NULL DEFAULT NULL
) ENGINE=InnoDB DEFAULT CHARSET=utf8mb4 COLLATE=utf8mb4_unicode_ci;

--
-- A tábla adatainak kiíratása `alapanyags`
--

INSERT INTO `alapanyags` (`megnevezes`, `created_at`, `updated_at`) VALUES
('áfonya', '2022-05-02 19:04:28', '2022-05-02 19:04:28'),
('áfonyalevél', '2022-05-02 19:05:14', '2022-05-02 19:05:14'),
('ajvár', '2022-05-02 19:04:47', '2022-05-02 19:04:47'),
('alkoholmentes pezsgő', '2022-05-02 19:04:22', '2022-05-02 19:04:22'),
('almaecet', '2022-05-02 19:05:15', '2022-05-02 19:05:15'),
('almalé', '2022-05-02 19:05:31', '2022-05-02 19:05:31'),
('almapaprika', '2022-05-02 19:05:00', '2022-05-02 19:05:00'),
('aludttej', '2022-05-02 19:05:16', '2022-05-02 19:05:16'),
('amarettó', '2022-05-02 19:05:35', '2022-05-02 19:05:35'),
('ananász', '2022-05-02 19:04:27', '2022-05-02 19:04:27'),
('ananászlé', '2022-05-02 19:04:21', '2022-05-02 19:04:21'),
('angolszalonna', '2022-05-02 19:05:30', '2022-05-02 19:05:30'),
('ánizs', '2022-05-02 19:05:11', '2022-05-02 19:05:11'),
('ánizsolaj', '2022-05-02 19:05:04', '2022-05-02 19:05:04'),
('apró uborka', '2022-05-02 19:04:47', '2022-05-02 19:04:47'),
('arab hétfűszerkeverék', '2022-05-02 19:05:08', '2022-05-02 19:05:08'),
('articsóka', '2022-05-02 19:04:47', '2022-05-02 19:04:47'),
('aszatgyanta', '2022-05-02 19:05:10', '2022-05-02 19:05:10'),
('avokádó', '2022-05-02 19:04:28', '2022-05-02 19:04:28'),
('ázsiai tészta', '2022-05-02 19:05:22', '2022-05-02 19:05:22'),
('babapiskóta', '2022-05-02 20:49:55', '2022-05-02 20:49:55'),
('babérlevél', '2022-05-02 19:05:10', '2022-05-02 19:05:10'),
('babpüré', '2022-05-02 19:04:48', '2022-05-02 19:04:48'),
('bacon', '2022-05-02 19:05:28', '2022-05-02 19:05:28'),
('bagel', '2022-05-02 19:05:39', '2022-05-02 19:05:39'),
('Baileys', '2022-05-02 19:05:38', '2022-05-02 19:05:38'),
('balzsamecet', '2022-05-02 19:05:14', '2022-05-02 19:05:14'),
('bambuszrügy', '2022-05-02 19:04:55', '2022-05-02 19:04:55'),
('banán', '2022-05-02 19:04:27', '2022-05-02 19:04:27'),
('bárányborda', '2022-05-02 19:04:33', '2022-05-02 19:04:33'),
('báránycsülök', '2022-05-02 19:04:33', '2022-05-02 19:04:33'),
('báránygerinc', '2022-05-02 19:04:33', '2022-05-02 19:04:33'),
('bárányhús', '2022-05-02 19:04:33', '2022-05-02 19:04:33'),
('báránykaraj', '2022-05-02 19:04:33', '2022-05-02 19:04:33'),
('barna rizs', '2022-05-02 19:04:24', '2022-05-02 19:04:24'),
('barna rum', '2022-05-02 19:05:36', '2022-05-02 19:05:36'),
('barna sör', '2022-05-02 19:05:35', '2022-05-02 19:05:35'),
('basmati rizs', '2022-05-02 19:04:23', '2022-05-02 19:04:23'),
('bazsalikom', '2022-05-02 19:05:05', '2022-05-02 19:05:05'),
('bébikukorica', '2022-05-02 19:04:47', '2022-05-02 19:04:47'),
('bébipulyka', '2022-05-02 19:04:40', '2022-05-02 19:04:40'),
('bébirépa', '2022-05-02 19:04:49', '2022-05-02 19:04:49'),
('bébispenót', '2022-05-02 19:04:55', '2022-05-02 19:04:55'),
('biryani masala', '2022-05-02 19:05:08', '2022-05-02 19:05:08'),
('bodzabogyó', '2022-05-02 19:04:29', '2022-05-02 19:04:29'),
('bokorbab', '2022-05-02 19:04:51', '2022-05-02 19:04:51'),
('borjúbríz', '2022-05-02 19:04:34', '2022-05-02 19:04:34'),
('borjúcomb', '2022-05-02 19:04:33', '2022-05-02 19:04:33'),
('borjúhús', '2022-05-02 19:04:33', '2022-05-02 19:04:33'),
('borjúkaraj', '2022-05-02 19:04:33', '2022-05-02 19:04:33'),
('borjúlábszár', '2022-05-02 19:04:33', '2022-05-02 19:04:33'),
('borjúmáj', '2022-05-02 19:04:33', '2022-05-02 19:04:33'),
('borókabogyó', '2022-05-02 19:05:10', '2022-05-02 19:05:10'),
('bors', '2022-05-02 19:05:09', '2022-05-02 19:05:09'),
('borsikafű', '2022-05-02 19:05:10', '2022-05-02 19:05:10'),
('borslevél', '2022-05-02 19:05:06', '2022-05-02 19:05:06'),
('borsmentalevél', '2022-05-02 19:05:06', '2022-05-02 19:05:06'),
('brandy', '2022-05-02 19:05:36', '2022-05-02 19:05:36'),
('brazil dió', '2022-05-02 19:04:27', '2022-05-02 19:04:27'),
('brie sajt', '2022-05-02 19:05:20', '2022-05-02 19:05:20'),
('brokkoli', '2022-05-02 19:04:53', '2022-05-02 19:04:53'),
('bulgur', '2022-05-02 19:04:23', '2022-05-02 19:04:23'),
('burgonya', '2022-05-02 19:04:46', '2022-05-02 19:04:46'),
('burgonyaliszt', '2022-05-02 19:04:24', '2022-05-02 19:04:24'),
('burgonyapehely', '2022-05-02 19:04:47', '2022-05-02 19:04:47'),
('burgonyapüré', '2022-05-02 19:04:48', '2022-05-02 19:04:48'),
('búzadara', '2022-05-02 19:04:25', '2022-05-02 19:04:25'),
('calvados', '2022-05-02 19:05:35', '2022-05-02 19:05:35'),
('camembert sajt', '2022-05-02 19:05:17', '2022-05-02 19:05:17'),
('campari', '2022-05-02 19:05:36', '2022-05-02 19:05:36'),
('cannelloni', '2022-05-02 19:05:23', '2022-05-02 19:05:23'),
('cappuccino por', '2022-05-02 19:05:33', '2022-05-02 19:05:33'),
('cayenne bors', '2022-05-02 19:05:10', '2022-05-02 19:05:10'),
('cékla', '2022-05-02 19:04:49', '2022-05-02 19:04:49'),
('céklalé', '2022-05-02 19:05:32', '2022-05-02 19:05:32'),
('cérnametélt', '2022-05-02 19:05:23', '2022-05-02 19:05:23'),
('chayote', '2022-05-02 19:05:02', '2022-05-02 19:05:02'),
('cheddar sajt', '2022-05-02 19:05:17', '2022-05-02 19:05:17'),
('chili', '2022-05-02 19:05:06', '2022-05-02 19:05:06'),
('chiliolaj', '2022-05-02 19:05:04', '2022-05-02 19:05:04'),
('chilipehely', '2022-05-02 19:05:12', '2022-05-02 19:05:12'),
('chilis kukorica konzerv', '2022-05-02 19:04:56', '2022-05-02 19:04:56'),
('chorizo', '2022-05-02 19:05:25', '2022-05-02 19:05:25'),
('cider', '2022-05-02 19:05:38', '2022-05-02 19:05:38'),
('cigánymeggy', '2022-05-02 19:04:30', '2022-05-02 19:04:30'),
('cikória', '2022-05-02 19:04:54', '2022-05-02 19:04:54'),
('citrom', '2022-05-02 19:04:27', '2022-05-02 19:04:27'),
('citrombors', '2022-05-02 19:05:11', '2022-05-02 19:05:11'),
('citromfű', '2022-05-02 19:05:06', '2022-05-02 19:05:06'),
('citromlé', '2022-05-02 19:04:21', '2022-05-02 19:04:21'),
('citruspor', '2022-05-02 19:05:12', '2022-05-02 19:05:12'),
('cointreau', '2022-05-02 19:05:35', '2022-05-02 19:05:35'),
('cottage cheese', '2022-05-02 19:05:21', '2022-05-02 19:05:21'),
('crème fraîche', '2022-05-02 19:05:20', '2022-05-02 19:05:20'),
('császárszalonna', '2022-05-02 19:05:30', '2022-05-02 19:05:30'),
('csemegekukorica', '2022-05-02 19:04:47', '2022-05-02 19:04:47'),
('csemegeuborka', '2022-05-02 19:05:00', '2022-05-02 19:05:00'),
('cseresznye', '2022-05-02 19:04:30', '2022-05-02 19:04:30'),
('cseresznyepaprika', '2022-05-02 19:05:00', '2022-05-02 19:05:00'),
('csicseriborsó', '2022-05-02 19:04:51', '2022-05-02 19:04:51'),
('csicseriborsó (konzerv)', '2022-05-02 19:04:56', '2022-05-02 19:04:56'),
('csicsóka', '2022-05-02 19:04:49', '2022-05-02 19:04:49'),
('csigatészta', '2022-05-02 19:05:22', '2022-05-02 19:05:22'),
('csillagánizs', '2022-05-02 19:05:11', '2022-05-02 19:05:11'),
('csiperkegomba', '2022-05-02 19:04:30', '2022-05-02 19:04:30'),
('csípős fűszerpaprika', '2022-05-02 19:05:11', '2022-05-02 19:05:11'),
('csípős kolbász', '2022-05-02 19:05:26', '2022-05-02 19:05:26'),
('csirke', '2022-05-02 19:04:34', '2022-05-02 19:04:34'),
('csirke alsócomb', '2022-05-02 19:04:34', '2022-05-02 19:04:34'),
('csirke felsőcomb', '2022-05-02 19:04:34', '2022-05-02 19:04:34'),
('csirke fűszersó', '2022-05-02 19:05:07', '2022-05-02 19:05:07'),
('csirkeaprólék', '2022-05-02 19:04:35', '2022-05-02 19:04:35'),
('csirkebőr', '2022-05-02 19:04:35', '2022-05-02 19:04:35'),
('csirkecomb', '2022-05-02 19:04:34', '2022-05-02 19:04:34'),
('csirkefarhát', '2022-05-02 19:04:34', '2022-05-02 19:04:34'),
('csirkeláb', '2022-05-02 19:04:35', '2022-05-02 19:04:35'),
('csirkemáj', '2022-05-02 19:04:34', '2022-05-02 19:04:34'),
('csirkemell (csontos)', '2022-05-02 19:04:34', '2022-05-02 19:04:34'),
('csirkemellfilé', '2022-05-02 19:04:35', '2022-05-02 19:04:35'),
('csirkemellsonka', '2022-05-02 19:05:27', '2022-05-02 19:05:27'),
('csirkenyak', '2022-05-02 19:04:34', '2022-05-02 19:04:34'),
('csirkeszárny', '2022-05-02 19:04:34', '2022-05-02 19:04:34'),
('csirkeszív', '2022-05-02 19:04:34', '2022-05-02 19:04:34'),
('csirkezúza', '2022-05-02 19:04:34', '2022-05-02 19:04:34'),
('csontos sertéskaraj', '2022-05-02 19:04:40', '2022-05-02 19:04:40'),
('csöves kukorica', '2022-05-02 19:04:47', '2022-05-02 19:04:47'),
('csuszatészta', '2022-05-02 19:05:22', '2022-05-02 19:05:22'),
('cukkini', '2022-05-02 19:05:01', '2022-05-02 19:05:01'),
('cukkinivirág', '2022-05-02 19:05:02', '2022-05-02 19:05:02'),
('cukorborsó', '2022-05-02 19:04:51', '2022-05-02 19:04:51'),
('Curaçao blue', '2022-05-02 19:56:48', '2022-05-02 19:56:48'),
('curry levél', '2022-05-02 19:05:06', '2022-05-02 19:05:06'),
('curry por', '2022-05-02 19:05:09', '2022-05-02 19:05:09'),
('darált marhahús', '2022-05-02 19:04:38', '2022-05-02 19:04:38'),
('darált pulykahús', '2022-05-02 19:04:39', '2022-05-02 19:04:39'),
('darált sertéshús', '2022-05-02 19:04:40', '2022-05-02 19:04:40'),
('datolya', '2022-05-02 19:04:28', '2022-05-02 19:04:28'),
('debreceni kolbász', '2022-05-02 19:05:26', '2022-05-02 19:05:26'),
('desszertbor', '2022-05-02 19:05:38', '2022-05-02 19:05:38'),
('dió', '2022-05-02 19:04:26', '2022-05-02 19:04:26'),
('dióolaj', '2022-05-02 19:05:04', '2022-05-02 19:05:04'),
('disznósajt', '2022-05-02 19:05:25', '2022-05-02 19:05:25'),
('disznózsír', '2022-05-02 19:05:03', '2022-05-02 19:05:03'),
('dupla tejszín', '2022-05-02 19:05:20', '2022-05-02 19:05:20'),
('ecet', '2022-05-02 19:05:14', '2022-05-02 19:05:14'),
('ecetes almapaprika', '2022-05-02 19:05:00', '2022-05-02 19:05:00'),
('ecetes cékla', '2022-05-02 19:05:00', '2022-05-02 19:05:00'),
('ecetes gyöngyhagyma', '2022-05-02 19:05:00', '2022-05-02 19:05:00'),
('edami sajt', '2022-05-02 19:05:17', '2022-05-02 19:05:17'),
('édes fehérbor', '2022-05-02 19:05:33', '2022-05-02 19:05:33'),
('édes rosé', '2022-05-02 19:05:33', '2022-05-02 19:05:33'),
('édes vörösbor', '2022-05-02 19:05:34', '2022-05-02 19:05:34'),
('édesburgonya', '2022-05-02 19:04:46', '2022-05-02 19:04:46'),
('édesgyökér', '2022-05-02 19:05:14', '2022-05-02 19:05:14'),
('édeskömény', '2022-05-02 19:04:46', '2022-05-02 19:04:46'),
('édesköménymag', '2022-05-02 19:05:09', '2022-05-02 19:05:09'),
('egres', '2022-05-02 19:04:29', '2022-05-02 19:04:29'),
('ementáli sajt', '2022-05-02 19:05:18', '2022-05-02 19:05:18'),
('eper', '2022-05-02 19:04:21', '2022-05-02 19:04:21'),
('eperlé', '2022-05-02 19:04:22', '2022-05-02 19:04:22'),
('eperlevél tészta', '2022-05-02 19:05:23', '2022-05-02 19:05:23'),
('eperszirup', '2022-05-02 19:04:21', '2022-05-02 19:04:21'),
('eperszörp', '2022-05-02 19:05:34', '2022-05-02 19:05:34'),
('erdélyi szalonna', '2022-05-02 19:05:30', '2022-05-02 19:05:30'),
('ételízesítő', '2022-05-02 19:05:07', '2022-05-02 19:05:07'),
('éticsiga', '2022-05-02 19:04:35', '2022-05-02 19:04:35'),
('étolaj', '2022-05-02 19:04:25', '2022-05-02 19:04:25'),
('fácánhús', '2022-05-02 19:04:46', '2022-05-02 19:04:46'),
('fafülgomba', '2022-05-02 19:04:30', '2022-05-02 19:04:30'),
('fagomba', '2022-05-02 19:04:31', '2022-05-02 19:04:31'),
('fahéj', '2022-05-02 19:05:09', '2022-05-02 19:05:09'),
('fahéjrúd', '2022-05-02 19:05:11', '2022-05-02 19:05:11'),
('fajita fűszerkeverék', '2022-05-02 19:05:07', '2022-05-02 19:05:07'),
('farfalle', '2022-05-02 19:05:23', '2022-05-02 19:05:23'),
('fasírt fűszerkeverék', '2022-05-02 19:05:07', '2022-05-02 19:05:07'),
('fehér balzsamecet', '2022-05-02 19:05:15', '2022-05-02 19:05:15'),
('fehér bors', '2022-05-02 19:05:11', '2022-05-02 19:05:11'),
('fehér hagyma', '2022-05-02 19:04:50', '2022-05-02 19:04:50'),
('fehér mustármag', '2022-05-02 19:05:12', '2022-05-02 19:05:12'),
('fehér rizs', '2022-05-02 19:04:24', '2022-05-02 19:04:24'),
('fehér rum', '2022-05-02 19:05:36', '2022-05-02 19:05:36'),
('fehér spárga', '2022-05-02 19:05:01', '2022-05-02 19:05:01'),
('fehérbab', '2022-05-02 19:04:51', '2022-05-02 19:04:51'),
('fehérbor', '2022-05-02 19:05:33', '2022-05-02 19:05:33'),
('fehérborecet', '2022-05-02 19:05:14', '2022-05-02 19:05:14'),
('fehérpecsenye', '2022-05-02 19:04:38', '2022-05-02 19:04:38'),
('fehérrépa', '2022-05-02 19:04:49', '2022-05-02 19:04:49'),
('fejessaláta', '2022-05-02 19:04:54', '2022-05-02 19:04:54'),
('fejtett bab', '2022-05-02 19:04:51', '2022-05-02 19:04:51'),
('fejtett lóbab', '2022-05-02 19:04:52', '2022-05-02 19:04:52'),
('fekete áfonya', '2022-05-02 19:04:29', '2022-05-02 19:04:29'),
('fekete bors', '2022-05-02 19:05:11', '2022-05-02 19:05:11'),
('fekete burgonya', '2022-05-02 19:04:46', '2022-05-02 19:04:46'),
('fekete kardamom', '2022-05-02 19:05:12', '2022-05-02 19:05:12'),
('fekete retek', '2022-05-02 19:04:49', '2022-05-02 19:04:49'),
('fekete üröm', '2022-05-02 19:05:06', '2022-05-02 19:05:06'),
('feketeerdő sonka', '2022-05-02 19:05:28', '2022-05-02 19:05:28'),
('feketegyökér', '2022-05-02 19:04:49', '2022-05-02 19:04:49'),
('feketekávé', '2022-05-02 19:05:32', '2022-05-02 19:05:32'),
('feketekömény', '2022-05-02 19:05:09', '2022-05-02 19:05:09'),
('feketeribizli', '2022-05-02 19:04:28', '2022-05-02 19:04:28'),
('feketeribizli szörp', '2022-05-02 19:05:34', '2022-05-02 19:05:34'),
('félédes rosé', '2022-05-02 19:05:33', '2022-05-02 19:05:33'),
('félédes vörösbor', '2022-05-02 19:05:34', '2022-05-02 19:05:34'),
('felesborsó', '2022-05-02 19:04:51', '2022-05-02 19:04:51'),
('félszáraz fehérbor', '2022-05-02 19:05:33', '2022-05-02 19:05:33'),
('félszáraz rosé', '2022-05-02 19:05:34', '2022-05-02 19:05:34'),
('félszáraz vörösbor', '2022-05-02 19:05:34', '2022-05-02 19:05:34'),
('felvágott', '2022-05-02 19:05:27', '2022-05-02 19:05:27'),
('fenyérfű', '2022-05-02 19:05:06', '2022-05-02 19:05:06'),
('fenyőtinoru', '2022-05-02 19:04:31', '2022-05-02 19:04:31'),
('feta sajt', '2022-05-02 19:05:17', '2022-05-02 19:05:17'),
('flekken fűszerkeverék', '2022-05-02 19:05:08', '2022-05-02 19:05:08'),
('fodros kel', '2022-05-02 19:04:53', '2022-05-02 19:04:53'),
('fokhagyma', '2022-05-02 19:04:49', '2022-05-02 19:04:49'),
('fokhagymabors', '2022-05-02 19:05:13', '2022-05-02 19:05:13'),
('fokhagymapor', '2022-05-02 19:05:12', '2022-05-02 19:05:12'),
('földimogyoró', '2022-05-02 19:04:26', '2022-05-02 19:04:26'),
('földimogyoró olaj', '2022-05-02 19:05:04', '2022-05-02 19:05:04'),
('főtt sonka', '2022-05-02 19:05:28', '2022-05-02 19:05:28'),
('főtt tojás', '2022-05-02 19:04:22', '2022-05-02 19:04:22'),
('főzőhagyma', '2022-05-02 19:04:51', '2022-05-02 19:04:51'),
('főzőkolbász', '2022-05-02 19:05:26', '2022-05-02 19:05:26'),
('főzőtejszín', '2022-05-02 19:05:20', '2022-05-02 19:05:20'),
('franciasaláta alap', '2022-05-02 19:04:48', '2022-05-02 19:04:48'),
('frankfurti virsli', '2022-05-02 19:05:31', '2022-05-02 19:05:31'),
('fromage frais', '2022-05-02 19:05:17', '2022-05-02 19:05:17'),
('füge', '2022-05-02 19:04:28', '2022-05-02 19:04:28'),
('fürj', '2022-05-02 19:04:46', '2022-05-02 19:04:46'),
('fürjtojás', '2022-05-02 19:04:22', '2022-05-02 19:04:22'),
('fusilli tészta', '2022-05-02 19:05:23', '2022-05-02 19:05:23'),
('füstölt lapocka', '2022-05-02 19:05:28', '2022-05-02 19:05:28'),
('füstölt libamell', '2022-05-02 19:04:37', '2022-05-02 19:04:37'),
('füstölt oldalas', '2022-05-02 19:04:45', '2022-05-02 19:04:45'),
('füstölt pirospaprika', '2022-05-02 19:05:11', '2022-05-02 19:05:11'),
('füstölt sajt', '2022-05-02 19:05:19', '2022-05-02 19:05:19'),
('füstölt sertéscsülök', '2022-05-02 19:04:45', '2022-05-02 19:04:45'),
('füstölt szalonna', '2022-05-02 19:05:30', '2022-05-02 19:05:30'),
('füstölt tarja', '2022-05-02 19:04:45', '2022-05-02 19:04:45'),
('füstölt virsli', '2022-05-02 19:05:31', '2022-05-02 19:05:31'),
('füstölt-főtt tarja', '2022-05-02 19:05:28', '2022-05-02 19:05:28'),
('fűszerpaprika', '2022-05-02 19:05:09', '2022-05-02 19:05:09'),
('fűszerpaprikamag-olaj', '2022-05-02 19:05:04', '2022-05-02 19:05:04'),
('fűszersó', '2022-05-02 19:04:23', '2022-05-02 19:04:23'),
('fűszervaj', '2022-05-02 19:05:21', '2022-05-02 19:05:21'),
('gabonakávé', '2022-05-02 19:05:33', '2022-05-02 19:05:33'),
('galamb', '2022-05-02 19:04:35', '2022-05-02 19:04:35'),
('galambgomba', '2022-05-02 19:04:30', '2022-05-02 19:04:30'),
('galambmáj', '2022-05-02 19:04:35', '2022-05-02 19:04:35'),
('galangal', '2022-05-02 19:05:06', '2022-05-02 19:05:06'),
('garam masala', '2022-05-02 19:05:06', '2022-05-02 19:05:06'),
('gépsonka', '2022-05-02 19:05:28', '2022-05-02 19:05:28'),
('gersli', '2022-05-02 19:04:24', '2022-05-02 19:04:24'),
('gesztenye', '2022-05-02 19:04:27', '2022-05-02 19:04:27'),
('ghee', '2022-05-02 19:05:21', '2022-05-02 19:05:21'),
('gin', '2022-05-02 19:05:37', '2022-05-02 19:05:37'),
('gnocchi', '2022-05-02 19:05:23', '2022-05-02 19:05:23'),
('gomba', '2022-05-02 19:04:30', '2022-05-02 19:04:30'),
('gombakonzerv', '2022-05-02 19:04:32', '2022-05-02 19:04:32'),
('gomolya sajt', '2022-05-02 19:05:17', '2022-05-02 19:05:17'),
('gomolyatúró', '2022-05-02 19:05:21', '2022-05-02 19:05:21'),
('gorgonzola', '2022-05-02 19:05:17', '2022-05-02 19:05:17'),
('görög fűszerkeverék', '2022-05-02 19:05:07', '2022-05-02 19:05:07'),
('görög joghurt', '2022-05-02 19:05:16', '2022-05-02 19:05:16'),
('görögsaláta fűszerkeverék', '2022-05-02 19:05:07', '2022-05-02 19:05:07'),
('görögszéna', '2022-05-02 19:05:12', '2022-05-02 19:05:12'),
('grana padano', '2022-05-02 19:05:17', '2022-05-02 19:05:17'),
('gránátalma', '2022-05-02 19:04:27', '2022-05-02 19:04:27'),
('Grand Marnier', '2022-05-02 19:05:36', '2022-05-02 19:05:36'),
('grépfrút', '2022-05-02 19:04:27', '2022-05-02 19:04:27'),
('grépfrútlé', '2022-05-02 19:04:21', '2022-05-02 19:04:21'),
('gruyére sajt', '2022-05-02 19:05:17', '2022-05-02 19:05:17'),
('gyömbér', '2022-05-02 19:05:05', '2022-05-02 19:05:05'),
('gyömbér üdítő', '2022-05-02 19:05:31', '2022-05-02 19:05:31'),
('gyömbérpor', '2022-05-02 19:05:11', '2022-05-02 19:05:11'),
('gyömbérsör', '2022-05-02 19:05:31', '2022-05-02 19:05:31'),
('gyöngybab', '2022-05-02 19:04:52', '2022-05-02 19:04:52'),
('gyöngyhagyma', '2022-05-02 19:04:50', '2022-05-02 19:04:50'),
('gyöngytyúk', '2022-05-02 19:04:35', '2022-05-02 19:04:35'),
('gyors rizs', '2022-05-02 19:04:26', '2022-05-02 19:04:26'),
('gyros fűszerkeverék', '2022-05-02 19:05:07', '2022-05-02 19:05:07'),
('gyufatészta', '2022-05-02 19:05:23', '2022-05-02 19:05:23'),
('gyulai kolbász', '2022-05-02 19:05:26', '2022-05-02 19:05:26'),
('gyümölcsjoghurt', '2022-05-02 19:05:16', '2022-05-02 19:05:16'),
('gyümölcslé', '2022-05-02 19:05:31', '2022-05-02 19:05:31'),
('gyümölcsös dresszing', '2022-05-02 19:05:15', '2022-05-02 19:05:15'),
('habtejszín', '2022-05-02 19:05:20', '2022-05-02 19:05:20'),
('hajdina', '2022-05-02 19:04:23', '2022-05-02 19:04:23'),
('hal fűszerkeverék', '2022-05-02 19:05:07', '2022-05-02 19:05:07'),
('halloumi sajt', '2022-05-02 19:05:17', '2022-05-02 19:05:17'),
('halolaj', '2022-05-02 19:05:03', '2022-05-02 19:05:03'),
('halványító zeller', '2022-05-02 19:04:53', '2022-05-02 19:04:53'),
('hamburger zsemle', '2022-05-02 19:05:39', '2022-05-02 19:05:39'),
('hamburgerhús', '2022-05-02 19:05:25', '2022-05-02 19:05:25'),
('hámozott mandula', '2022-05-02 20:51:17', '2022-05-02 20:51:17'),
('hasábburgonya', '2022-05-02 19:04:48', '2022-05-02 19:04:48'),
('háztartási keksz', '2022-05-02 19:04:25', '2022-05-02 19:04:25'),
('hegyes erős paprika', '2022-05-02 19:04:59', '2022-05-02 19:04:59'),
('himalája só', '2022-05-02 19:04:23', '2022-05-02 19:04:23'),
('hokkaido tök', '2022-05-02 19:05:01', '2022-05-02 19:05:01'),
('hosszúmetélt', '2022-05-02 19:05:22', '2022-05-02 19:05:22'),
('hot-dog kifli', '2022-05-02 19:05:39', '2022-05-02 19:05:39'),
('hummusz', '2022-05-02 19:04:48', '2022-05-02 19:04:48'),
('indiai szószos bab', '2022-05-02 19:04:56', '2022-05-02 19:04:56'),
('instant kávé', '2022-05-02 19:05:32', '2022-05-02 19:05:32'),
('instant pótkávé', '2022-05-02 19:05:33', '2022-05-02 19:05:33'),
('író', '2022-05-02 19:05:15', '2022-05-02 19:05:15'),
('istengyalulta tök', '2022-05-02 19:05:02', '2022-05-02 19:05:02'),
('izsóp', '2022-05-02 19:05:05', '2022-05-02 19:05:05'),
('jalapeño', '2022-05-02 19:04:56', '2022-05-02 19:04:56'),
('japánszilva', '2022-05-02 19:04:30', '2022-05-02 19:04:30'),
('jázmin rizs', '2022-05-02 19:04:23', '2022-05-02 19:04:23'),
('jégcsapretek', '2022-05-02 19:04:49', '2022-05-02 19:04:49'),
('jégsaláta', '2022-05-02 19:04:54', '2022-05-02 19:04:54'),
('joghurt', '2022-05-02 19:05:16', '2022-05-02 19:05:16'),
('juhbeles virsli', '2022-05-02 19:05:31', '2022-05-02 19:05:31'),
('juhhús', '2022-05-02 19:04:33', '2022-05-02 19:04:33'),
('juhkefir', '2022-05-02 19:05:16', '2022-05-02 19:05:16'),
('juhsajt', '2022-05-02 19:05:17', '2022-05-02 19:05:17'),
('juhtúró', '2022-05-02 19:05:21', '2022-05-02 19:05:21'),
('kacsa testháj', '2022-05-02 19:05:03', '2022-05-02 19:05:03'),
('kacsaaprólék', '2022-05-02 19:04:36', '2022-05-02 19:04:36'),
('kacsacomb', '2022-05-02 19:04:36', '2022-05-02 19:04:36'),
('kacsahús', '2022-05-02 19:04:36', '2022-05-02 19:04:36'),
('kacsamáj', '2022-05-02 19:04:36', '2022-05-02 19:04:36'),
('kacsamell', '2022-05-02 19:04:36', '2022-05-02 19:04:36'),
('kacsazsír', '2022-05-02 19:05:02', '2022-05-02 19:05:02'),
('kacsazúza', '2022-05-02 19:04:36', '2022-05-02 19:04:36'),
('kagylótészta', '2022-05-02 19:05:24', '2022-05-02 19:05:24'),
('kakaó', '2022-05-02 19:05:31', '2022-05-02 19:05:31'),
('kakaóvaj', '2022-05-02 19:05:04', '2022-05-02 19:05:04'),
('kakas', '2022-05-02 19:04:35', '2022-05-02 19:04:35'),
('kakukkfű', '2022-05-02 19:05:05', '2022-05-02 19:05:05'),
('kanadai bacon', '2022-05-02 19:05:30', '2022-05-02 19:05:30'),
('kanadai sütőtök', '2022-05-02 19:05:02', '2022-05-02 19:05:02'),
('kápia paprika', '2022-05-02 19:04:57', '2022-05-02 19:04:57'),
('kapor', '2022-05-02 19:05:05', '2022-05-02 19:05:05'),
('káposzta', '2022-05-02 19:04:53', '2022-05-02 19:04:53'),
('káposztalevél', '2022-05-02 19:04:53', '2022-05-02 19:04:53'),
('karalábé', '2022-05-02 19:04:53', '2022-05-02 19:04:53'),
('karalábélevél', '2022-05-02 19:04:54', '2022-05-02 19:04:54'),
('kardamom', '2022-05-02 19:05:10', '2022-05-02 19:05:10'),
('karfiol', '2022-05-02 19:04:52', '2022-05-02 19:04:52'),
('kaukázusi kefir', '2022-05-02 19:05:16', '2022-05-02 19:05:16'),
('kávé', '2022-05-02 19:05:32', '2022-05-02 19:05:32'),
('kávétejszín', '2022-05-02 19:05:21', '2022-05-02 19:05:21'),
('kecskehús', '2022-05-02 19:04:37', '2022-05-02 19:04:37'),
('kecskejoghurt', '2022-05-02 19:05:16', '2022-05-02 19:05:16'),
('kecskesajt', '2022-05-02 19:05:16', '2022-05-02 19:05:16'),
('kefir', '2022-05-02 19:05:16', '2022-05-02 19:05:16'),
('kéksajt', '2022-05-02 19:05:17', '2022-05-02 19:05:17'),
('kekszmorzsa', '2022-05-02 19:04:25', '2022-05-02 19:04:25'),
('kékszőlő', '2022-05-02 19:04:29', '2022-05-02 19:04:29'),
('kelbimbó', '2022-05-02 19:04:53', '2022-05-02 19:04:53'),
('kelkáposzta', '2022-05-02 19:04:53', '2022-05-02 19:04:53'),
('kelkáposzta levél', '2022-05-02 19:04:53', '2022-05-02 19:04:53'),
('kendermagliszt', '2022-05-02 19:04:24', '2022-05-02 19:04:24'),
('kenguruhús', '2022-05-02 19:04:36', '2022-05-02 19:04:36'),
('kenőmájas', '2022-05-02 19:05:26', '2022-05-02 19:05:26'),
('kentucky fűszerkeverék', '2022-05-02 19:05:08', '2022-05-02 19:05:08'),
('kenyérszalonna', '2022-05-02 19:05:30', '2022-05-02 19:05:30'),
('kesudió', '2022-05-02 19:04:27', '2022-05-02 19:04:27'),
('kifli', '2022-05-02 19:05:39', '2022-05-02 19:05:39'),
('kifliburgonya', '2022-05-02 19:04:46', '2022-05-02 19:04:46'),
('kígyóuborka', '2022-05-02 19:04:47', '2022-05-02 19:04:47'),
('kínai kel', '2022-05-02 19:04:53', '2022-05-02 19:04:53'),
('kínai ötfűszer-keverék', '2022-05-02 19:05:06', '2022-05-02 19:05:06'),
('kínai rizsbor', '2022-05-02 19:05:37', '2022-05-02 19:05:37'),
('kínai só', '2022-05-02 19:04:23', '2022-05-02 19:04:23'),
('kínai tészta', '2022-05-02 19:05:22', '2022-05-02 19:05:22'),
('kínai zöldségkeverék', '2022-05-02 19:04:48', '2022-05-02 19:04:48'),
('kivi', '2022-05-02 19:04:28', '2022-05-02 19:04:28'),
('kockasajt', '2022-05-02 19:05:20', '2022-05-02 19:05:20'),
('koffeinmentes kávé', '2022-05-02 19:05:32', '2022-05-02 19:05:32'),
('koktélcseresznye', '2022-05-02 19:58:27', '2022-05-02 19:58:27'),
('koktélparadicsom', '2022-05-02 19:04:47', '2022-05-02 19:04:47'),
('kókusz', '2022-05-02 19:04:28', '2022-05-02 19:04:28'),
('kókuszolaj', '2022-05-02 19:05:03', '2022-05-02 19:05:03'),
('kókuszzsír', '2022-05-02 19:05:04', '2022-05-02 19:05:04'),
('kóla', '2022-05-02 19:05:32', '2022-05-02 19:05:32'),
('kolbász', '2022-05-02 19:05:25', '2022-05-02 19:05:25'),
('kolbászhús', '2022-05-02 19:05:26', '2022-05-02 19:05:26'),
('köles', '2022-05-02 19:04:23', '2022-05-02 19:04:23'),
('kolozsvári szalonna', '2022-05-02 19:05:30', '2022-05-02 19:05:30'),
('köménymag', '2022-05-02 19:05:09', '2022-05-02 19:05:09'),
('konyak', '2022-05-02 19:05:35', '2022-05-02 19:05:35'),
('konzerv bab', '2022-05-02 19:04:55', '2022-05-02 19:04:55'),
('konzerv paradicsom', '2022-05-02 19:04:55', '2022-05-02 19:04:55'),
('konzerv vagdalthús', '2022-05-02 19:05:25', '2022-05-02 19:05:25'),
('koriander', '2022-05-02 19:05:05', '2022-05-02 19:05:05'),
('koriandermag', '2022-05-02 19:05:12', '2022-05-02 19:05:12'),
('körözött', '2022-05-02 19:05:21', '2022-05-02 19:05:21'),
('körtelé', '2022-05-02 19:04:22', '2022-05-02 19:04:22'),
('kötözött sonka', '2022-05-02 19:05:28', '2022-05-02 19:05:28'),
('kovászos uborka', '2022-05-02 19:05:00', '2022-05-02 19:05:00'),
('kovászosuborkalé', '2022-05-02 19:05:00', '2022-05-02 19:05:00'),
('közönséges tök', '2022-05-02 19:05:01', '2022-05-02 19:05:01'),
('krémfehérsajt', '2022-05-02 19:05:20', '2022-05-02 19:05:20'),
('krémsajt', '2022-05-02 19:05:17', '2022-05-02 19:05:17'),
('krémtúró', '2022-05-02 19:05:21', '2022-05-02 19:05:21'),
('krinolin', '2022-05-02 19:05:31', '2022-05-02 19:05:31'),
('kristálycukor', '2022-05-02 19:04:22', '2022-05-02 19:04:22'),
('kruton', '2022-05-02 19:05:39', '2022-05-02 19:05:39'),
('kucsmagomba', '2022-05-02 19:04:30', '2022-05-02 19:04:30'),
('kukoricadara', '2022-05-02 19:04:24', '2022-05-02 19:04:24'),
('kukoricakeményítő', '2022-05-02 19:04:24', '2022-05-02 19:04:24'),
('kukoricaliszt', '2022-05-02 19:04:24', '2022-05-02 19:04:24'),
('kukoricaolaj', '2022-05-02 19:05:04', '2022-05-02 19:05:04'),
('kumquat', '2022-05-02 19:04:28', '2022-05-02 19:04:28'),
('kurkuma', '2022-05-02 19:05:09', '2022-05-02 19:05:09'),
('kurkumagyökér', '2022-05-02 19:05:12', '2022-05-02 19:05:12'),
('laktózmentes sajt', '2022-05-02 19:05:20', '2022-05-02 19:05:20'),
('laktózmentes tej', '2022-05-02 19:05:22', '2022-05-02 19:05:22'),
('laktózmentes túró', '2022-05-02 19:05:21', '2022-05-02 19:05:21'),
('lángolt kolbász', '2022-05-02 19:05:26', '2022-05-02 19:05:26'),
('lapkasajt', '2022-05-02 19:05:19', '2022-05-02 19:05:19'),
('lasagne tészta', '2022-05-02 19:05:23', '2022-05-02 19:05:23'),
('laskagomba', '2022-05-02 19:04:30', '2022-05-02 19:04:30'),
('lecsó', '2022-05-02 19:04:55', '2022-05-02 19:04:55'),
('lecsókolbász', '2022-05-02 19:05:26', '2022-05-02 19:05:26'),
('lecsópaprika', '2022-05-02 19:05:00', '2022-05-02 19:05:00'),
('lencse', '2022-05-02 19:04:51', '2022-05-02 19:04:51'),
('lenmagolaj', '2022-05-02 19:05:04', '2022-05-02 19:05:04'),
('lestyán', '2022-05-02 19:05:06', '2022-05-02 19:05:06'),
('levescsont', '2022-05-02 19:04:35', '2022-05-02 19:04:35'),
('levesgyöngy', '2022-05-02 19:05:23', '2022-05-02 19:05:23'),
('libaaprólék', '2022-05-02 19:04:37', '2022-05-02 19:04:37'),
('libacomb', '2022-05-02 19:04:37', '2022-05-02 19:04:37'),
('libaháj', '2022-05-02 19:05:03', '2022-05-02 19:05:03'),
('libahús', '2022-05-02 19:04:37', '2022-05-02 19:04:37'),
('libamáj', '2022-05-02 19:04:37', '2022-05-02 19:04:37'),
('libamájpástétom', '2022-05-02 19:05:26', '2022-05-02 19:05:26'),
('libamell', '2022-05-02 19:04:37', '2022-05-02 19:04:37'),
('libanyak bőr', '2022-05-02 19:04:37', '2022-05-02 19:04:37'),
('libaszív', '2022-05-02 19:04:37', '2022-05-02 19:04:37'),
('libatepertő', '2022-05-02 19:05:24', '2022-05-02 19:05:24'),
('libazsír', '2022-05-02 19:05:03', '2022-05-02 19:05:03'),
('likőr', '2022-05-02 19:05:38', '2022-05-02 19:05:38'),
('lilahagyma', '2022-05-02 19:04:50', '2022-05-02 19:04:50'),
('lime', '2022-05-02 19:04:27', '2022-05-02 19:04:27'),
('limelé', '2022-05-02 19:04:22', '2022-05-02 19:04:22'),
('limoncello', '2022-05-02 19:05:35', '2022-05-02 19:05:35'),
('liszt', '2022-05-02 19:04:23', '2022-05-02 19:04:23'),
('löncshús', '2022-05-02 19:05:25', '2022-05-02 19:05:25'),
('lótuszgyökér', '2022-05-02 19:04:47', '2022-05-02 19:04:47'),
('madársaláta', '2022-05-02 19:04:54', '2022-05-02 19:04:54'),
('madras curry', '2022-05-02 19:05:08', '2022-05-02 19:05:08'),
('magyaros fűszerkeverék', '2022-05-02 19:05:08', '2022-05-02 19:05:08'),
('májas hurka', '2022-05-02 19:05:25', '2022-05-02 19:05:25'),
('májgombóc', '2022-05-02 19:05:25', '2022-05-02 19:05:25'),
('májkrém', '2022-05-02 19:05:26', '2022-05-02 19:05:26'),
('majoranna', '2022-05-02 19:05:06', '2022-05-02 19:05:06'),
('májusi pereszke', '2022-05-02 19:04:31', '2022-05-02 19:04:31'),
('makadámdió', '2022-05-02 19:04:27', '2022-05-02 19:04:27'),
('makaróni', '2022-05-02 19:05:23', '2022-05-02 19:05:23'),
('málna', '2022-05-02 19:04:28', '2022-05-02 19:04:28'),
('málnaecet', '2022-05-02 19:05:15', '2022-05-02 19:05:15'),
('málnaszörp', '2022-05-02 19:05:34', '2022-05-02 19:05:34'),
('mandarin', '2022-05-02 19:04:28', '2022-05-02 19:04:28'),
('mandula', '2022-05-02 19:04:26', '2022-05-02 19:04:26'),
('mandulaliszt', '2022-05-02 19:04:24', '2022-05-02 19:04:24'),
('mangalica hús', '2022-05-02 19:04:37', '2022-05-02 19:04:37'),
('mangalica szalonna', '2022-05-02 19:05:30', '2022-05-02 19:05:30'),
('mangalica zsír', '2022-05-02 19:05:03', '2022-05-02 19:05:03'),
('mangalicasonka', '2022-05-02 19:05:28', '2022-05-02 19:05:28'),
('mangalicaszűz', '2022-05-02 19:04:37', '2022-05-02 19:04:37'),
('mangalicatarja', '2022-05-02 19:04:37', '2022-05-02 19:04:37'),
('mangó', '2022-05-02 19:04:27', '2022-05-02 19:04:27'),
('mángold', '2022-05-02 19:04:54', '2022-05-02 19:04:54'),
('manióka', '2022-05-02 19:04:49', '2022-05-02 19:04:49'),
('margarin', '2022-05-02 19:05:03', '2022-05-02 19:05:03'),
('marha hátszín', '2022-05-02 19:04:38', '2022-05-02 19:04:38'),
('marha velőscsont', '2022-05-02 19:04:38', '2022-05-02 19:04:38'),
('marhabélszín', '2022-05-02 19:04:38', '2022-05-02 19:04:38'),
('marhacomb', '2022-05-02 19:04:38', '2022-05-02 19:04:38'),
('marhacsont', '2022-05-02 19:04:38', '2022-05-02 19:04:38'),
('marhafaggyú', '2022-05-02 19:04:39', '2022-05-02 19:04:39'),
('marhafarok', '2022-05-02 19:04:39', '2022-05-02 19:04:39'),
('marhafartő', '2022-05-02 19:04:38', '2022-05-02 19:04:38'),
('marhafelsál', '2022-05-02 19:04:39', '2022-05-02 19:04:39'),
('marhahús', '2022-05-02 19:04:37', '2022-05-02 19:04:37'),
('marhalábszár', '2022-05-02 19:04:38', '2022-05-02 19:04:38'),
('marhalapocka', '2022-05-02 19:04:38', '2022-05-02 19:04:38'),
('marhamáj', '2022-05-02 19:04:39', '2022-05-02 19:04:39'),
('marhanyak', '2022-05-02 19:04:39', '2022-05-02 19:04:39'),
('marhanyelv', '2022-05-02 19:04:39', '2022-05-02 19:04:39'),
('marharostélyos', '2022-05-02 19:04:38', '2022-05-02 19:04:38'),
('marhavelő', '2022-05-02 19:04:39', '2022-05-02 19:04:39'),
('marinált feta', '2022-05-02 19:05:20', '2022-05-02 19:05:20'),
('marinált paprika', '2022-05-02 19:04:48', '2022-05-02 19:04:48'),
('marsala', '2022-05-02 19:05:34', '2022-05-02 19:05:34'),
('Martini Bianco', '2022-05-02 19:05:37', '2022-05-02 19:05:37'),
('Martini Rosso', '2022-05-02 19:05:38', '2022-05-02 19:05:38'),
('mascarpone', '2022-05-02 19:05:17', '2022-05-02 19:05:17'),
('mazsola', '2022-05-02 20:43:33', '2022-05-02 20:43:33'),
('medvehagyma', '2022-05-02 19:04:50', '2022-05-02 19:04:50'),
('meggy', '2022-05-02 19:04:29', '2022-05-02 19:04:29'),
('meggylé', '2022-05-02 19:05:32', '2022-05-02 19:05:32'),
('melegszendvicskrém', '2022-05-02 19:05:25', '2022-05-02 19:05:25'),
('menta', '2022-05-02 19:05:05', '2022-05-02 19:05:05'),
('metélőhagyma', '2022-05-02 19:04:51', '2022-05-02 19:04:51'),
('mexicana szószos bab', '2022-05-02 19:04:56', '2022-05-02 19:04:56'),
('mexikói keverék', '2022-05-02 19:04:48', '2022-05-02 19:04:48'),
('mézeskalács fűszerkeverék', '2022-05-02 19:05:07', '2022-05-02 19:05:07'),
('mirin', '2022-05-02 19:05:34', '2022-05-02 19:05:34'),
('mogyoróolaj', '2022-05-02 19:05:04', '2022-05-02 19:05:04'),
('mortadella', '2022-05-02 19:05:30', '2022-05-02 19:05:30'),
('mozzarella', '2022-05-02 19:05:16', '2022-05-02 19:05:16'),
('muflon', '2022-05-02 19:04:35', '2022-05-02 19:04:35'),
('mungóbab', '2022-05-02 19:04:52', '2022-05-02 19:04:52'),
('mungóbabcsíra', '2022-05-02 19:04:52', '2022-05-02 19:04:52'),
('must', '2022-05-02 19:05:31', '2022-05-02 19:05:31'),
('mustármag', '2022-05-02 19:05:11', '2022-05-02 19:05:11'),
('napraforgó olaj', '2022-05-02 19:05:03', '2022-05-02 19:05:03'),
('narancs', '2022-05-02 19:04:27', '2022-05-02 19:04:27'),
('narancshéj', '2022-05-02 19:57:59', '2022-05-02 19:57:59'),
('narancslé', '2022-05-02 19:05:32', '2022-05-02 19:05:32'),
('narancsszörp', '2022-05-02 19:05:34', '2022-05-02 19:05:34'),
('négyszínű bors', '2022-05-02 19:05:13', '2022-05-02 19:05:13'),
('nektarin', '2022-05-02 19:04:30', '2022-05-02 19:04:30'),
('némakacsa', '2022-05-02 19:04:36', '2022-05-02 19:04:36'),
('némakacsa melle', '2022-05-02 19:04:36', '2022-05-02 19:04:36'),
('NoCarb Noodle', '2022-05-02 19:05:22', '2022-05-02 19:05:22'),
('nori lap', '2022-05-02 19:04:48', '2022-05-02 19:04:48'),
('nyúlcomb', '2022-05-02 19:04:39', '2022-05-02 19:04:39'),
('nyúlhús', '2022-05-02 19:04:39', '2022-05-02 19:04:39'),
('nyúlmáj', '2022-05-02 19:04:39', '2022-05-02 19:04:39'),
('okra', '2022-05-02 19:04:47', '2022-05-02 19:04:47'),
('olasz fűszerkeverék', '2022-05-02 19:05:08', '2022-05-02 19:05:08'),
('olívaolaj', '2022-05-02 19:04:25', '2022-05-02 19:04:25'),
('orda', '2022-05-02 19:05:20', '2022-05-02 19:05:20'),
('orecchiette tészta', '2022-05-02 19:05:24', '2022-05-02 19:05:24'),
('oregánó', '2022-05-02 19:05:05', '2022-05-02 19:05:05'),
('oreo keksz', '2022-05-02 19:04:25', '2022-05-02 19:04:25'),
('őrölt fűszerkömény', '2022-05-02 19:05:12', '2022-05-02 19:05:12'),
('őrölt kávé', '2022-05-02 19:05:32', '2022-05-02 19:05:32'),
('orzo', '2022-05-02 19:05:24', '2022-05-02 19:05:24'),
('őszibarack', '2022-05-02 19:04:29', '2022-05-02 19:04:29'),
('ottoman', '2022-05-02 19:05:09', '2022-05-02 19:05:09'),
('őzcomb', '2022-05-02 19:04:46', '2022-05-02 19:04:46'),
('őzgerinc', '2022-05-02 19:04:45', '2022-05-02 19:04:45'),
('őzhús', '2022-05-02 19:04:45', '2022-05-02 19:04:45'),
('pacal', '2022-05-02 19:04:38', '2022-05-02 19:04:38'),
('padlizsán', '2022-05-02 19:04:47', '2022-05-02 19:04:47'),
('padlizsánkrém', '2022-05-02 19:04:48', '2022-05-02 19:04:48'),
('pak-choi', '2022-05-02 19:04:53', '2022-05-02 19:04:53'),
('pálinka', '2022-05-02 19:05:36', '2022-05-02 19:05:36'),
('pálmazsír', '2022-05-02 19:05:04', '2022-05-02 19:05:04'),
('pancetta', '2022-05-02 19:05:29', '2022-05-02 19:05:29'),
('pandanlevél', '2022-05-02 19:04:55', '2022-05-02 19:04:55'),
('paprika', '2022-05-02 19:04:56', '2022-05-02 19:04:56'),
('paprikás kolbász', '2022-05-02 19:05:26', '2022-05-02 19:05:26'),
('paprikás szalámi', '2022-05-02 19:05:26', '2022-05-02 19:05:26'),
('paradicsom', '2022-05-02 19:04:46', '2022-05-02 19:04:46'),
('paradicsom ivólé', '2022-05-02 19:05:31', '2022-05-02 19:05:31'),
('paradicsomlé', '2022-05-02 19:05:31', '2022-05-02 19:05:31'),
('paradicsomos babkonzerv', '2022-05-02 19:04:56', '2022-05-02 19:04:56'),
('paradicsomos salsa', '2022-05-02 19:04:48', '2022-05-02 19:04:48'),
('paradicsompaprika', '2022-05-02 19:04:58', '2022-05-02 19:04:58'),
('paradicsompüré', '2022-05-02 19:04:48', '2022-05-02 19:04:48'),
('parasztkolbász', '2022-05-02 19:05:26', '2022-05-02 19:05:26'),
('parázskrumpli', '2022-05-02 19:04:46', '2022-05-02 19:04:46'),
('parenyica sajt', '2022-05-02 19:05:20', '2022-05-02 19:05:20'),
('párizsi', '2022-05-02 19:05:31', '2022-05-02 19:05:31'),
('pármai sonka', '2022-05-02 19:05:28', '2022-05-02 19:05:28'),
('parmezán sajt', '2022-05-02 19:05:16', '2022-05-02 19:05:16'),
('passzírozott paradicsom', '2022-05-02 19:04:55', '2022-05-02 19:04:55'),
('pastrami', '2022-05-02 19:05:28', '2022-05-02 19:05:28'),
('pasztinák', '2022-05-02 19:04:49', '2022-05-02 19:04:49'),
('patisszon', '2022-05-02 19:05:02', '2022-05-02 19:05:02'),
('pecorino sajt', '2022-05-02 19:05:20', '2022-05-02 19:05:20'),
('pecsenyezsír', '2022-05-02 19:05:03', '2022-05-02 19:05:03'),
('pekándió', '2022-05-02 19:04:27', '2022-05-02 19:04:27'),
('penne', '2022-05-02 19:05:23', '2022-05-02 19:05:23'),
('pépesített eper', '2022-05-02 19:04:22', '2022-05-02 19:04:22'),
('pepperoni', '2022-05-02 19:04:56', '2022-05-02 19:04:56'),
('perilla', '2022-05-02 19:05:06', '2022-05-02 19:05:06'),
('petrezselyem', '2022-05-02 19:05:04', '2022-05-02 19:05:04'),
('pezsgő', '2022-05-02 19:05:35', '2022-05-02 19:05:35'),
('piros kalifornia paprika', '2022-05-02 19:04:57', '2022-05-02 19:04:57'),
('piros ribizli', '2022-05-02 19:04:28', '2022-05-02 19:04:28'),
('pisztácia', '2022-05-02 19:04:27', '2022-05-02 19:04:27'),
('pizza fűszerkeverék', '2022-05-02 19:05:07', '2022-05-02 19:05:07'),
('pomelo', '2022-05-02 19:04:28', '2022-05-02 19:04:28'),
('porcukor', '2022-05-02 19:04:22', '2022-05-02 19:04:22'),
('póréhagyma', '2022-05-02 19:04:49', '2022-05-02 19:04:49'),
('portobello gomba', '2022-05-02 19:04:30', '2022-05-02 19:04:30'),
('prágai sonka', '2022-05-02 19:05:28', '2022-05-02 19:05:28'),
('pritaminpaprika', '2022-05-02 19:04:59', '2022-05-02 19:04:59'),
('prosciutto', '2022-05-02 19:05:26', '2022-05-02 19:05:26'),
('Prosecco – habzóbor', '2022-05-02 19:05:38', '2022-05-02 19:05:38'),
('provence-i fűszerkeverék', '2022-05-02 19:05:06', '2022-05-02 19:05:06'),
('pulykacomb', '2022-05-02 19:04:39', '2022-05-02 19:04:39'),
('pulykafelsőcomb', '2022-05-02 19:04:39', '2022-05-02 19:04:39'),
('pulykafűszerkeverék', '2022-05-02 19:05:07', '2022-05-02 19:05:07'),
('pulykahere', '2022-05-02 19:04:40', '2022-05-02 19:04:40'),
('pulykahús', '2022-05-02 19:04:39', '2022-05-02 19:04:39'),
('pulykamáj', '2022-05-02 19:04:39', '2022-05-02 19:04:39'),
('pulykamell', '2022-05-02 19:04:39', '2022-05-02 19:04:39'),
('pulykamellsonka', '2022-05-02 19:05:28', '2022-05-02 19:05:28'),
('pulykanyak', '2022-05-02 19:04:40', '2022-05-02 19:04:40'),
('pulykazúza', '2022-05-02 19:04:39', '2022-05-02 19:04:39'),
('puncs fűszerkeverék', '2022-05-02 19:05:08', '2022-05-02 19:05:08'),
('puttanesca fűszerkeverék', '2022-05-02 19:05:07', '2022-05-02 19:05:07'),
('quinoa', '2022-05-02 19:04:24', '2022-05-02 19:04:24'),
('radicchio', '2022-05-02 19:04:54', '2022-05-02 19:04:54'),
('raklett sajt', '2022-05-02 19:05:20', '2022-05-02 19:05:20'),
('Rama', '2022-05-02 19:05:04', '2022-05-02 19:05:04'),
('rántott sajt', '2022-05-02 19:05:20', '2022-05-02 19:05:20'),
('ras el hanout', '2022-05-02 19:05:08', '2022-05-02 19:05:08'),
('rebarbara', '2022-05-02 19:04:54', '2022-05-02 19:04:54'),
('repceolaj', '2022-05-02 19:05:04', '2022-05-02 19:05:04'),
('reszelt citromhéj', '2022-05-02 20:29:42', '2022-05-02 20:29:42'),
('retek', '2022-05-02 19:04:49', '2022-05-02 19:04:49'),
('reteklevél', '2022-05-02 19:04:55', '2022-05-02 19:04:55'),
('ribizliszörp', '2022-05-02 19:05:34', '2022-05-02 19:05:34'),
('ricotta', '2022-05-02 19:05:21', '2022-05-02 19:05:21'),
('rigatoni tészta', '2022-05-02 19:05:24', '2022-05-02 19:05:24'),
('ringlószilva', '2022-05-02 19:04:30', '2022-05-02 19:04:30'),
('rizottó rizs', '2022-05-02 19:04:26', '2022-05-02 19:04:26'),
('rizsborecet', '2022-05-02 19:05:15', '2022-05-02 19:05:15'),
('rizsecet', '2022-05-02 19:05:15', '2022-05-02 19:05:15'),
('rizsliszt', '2022-05-02 19:04:24', '2022-05-02 19:04:24'),
('rizstészta', '2022-05-02 19:05:22', '2022-05-02 19:05:22'),
('rogan josh fűszerkeverék', '2022-05-02 19:05:08', '2022-05-02 19:05:08'),
('rókagomba', '2022-05-02 19:04:30', '2022-05-02 19:04:30'),
('római kömény', '2022-05-02 19:05:11', '2022-05-02 19:05:11'),
('római saláta', '2022-05-02 19:04:54', '2022-05-02 19:04:54'),
('rosé', '2022-05-02 19:05:33', '2022-05-02 19:05:33'),
('rostos almalé', '2022-05-02 19:05:32', '2022-05-02 19:05:32'),
('rostos gyümölcslé', '2022-05-02 19:05:32', '2022-05-02 19:05:32'),
('rozmaring', '2022-05-02 19:05:04', '2022-05-02 19:05:04'),
('rozs', '2022-05-02 19:04:24', '2022-05-02 19:04:24'),
('rózsabors', '2022-05-02 19:05:11', '2022-05-02 19:05:11'),
('rózsaburgonya', '2022-05-02 19:04:46', '2022-05-02 19:04:46'),
('rukkola', '2022-05-02 19:04:54', '2022-05-02 19:04:54'),
('rum', '2022-05-02 19:05:34', '2022-05-02 19:05:34'),
('sáfrány', '2022-05-02 19:05:05', '2022-05-02 19:05:05'),
('sáfrányos szeklice', '2022-05-02 19:05:13', '2022-05-02 19:05:13'),
('sajt', '2022-05-02 19:05:16', '2022-05-02 19:05:16'),
('sajtos tortellini', '2022-05-02 19:05:24', '2022-05-02 19:05:24'),
('salátahagyma', '2022-05-02 19:04:50', '2022-05-02 19:04:50'),
('salátakeverék', '2022-05-02 19:04:54', '2022-05-02 19:04:54'),
('salátalevél', '2022-05-02 19:04:54', '2022-05-02 19:04:54'),
('salottahagyma', '2022-05-02 19:04:50', '2022-05-02 19:04:50'),
('sangría', '2022-05-02 19:05:38', '2022-05-02 19:05:38'),
('sárga kaliforniai paprika', '2022-05-02 19:04:59', '2022-05-02 19:04:59'),
('sárgabarack', '2022-05-02 19:04:29', '2022-05-02 19:04:29'),
('sárgarépa', '2022-05-02 19:04:48', '2022-05-02 19:04:48'),
('savanyított gomba', '2022-05-02 19:04:30', '2022-05-02 19:04:30'),
('savanyított kerekrépa', '2022-05-02 19:05:00', '2022-05-02 19:05:00'),
('savanyú káposzta', '2022-05-02 19:05:00', '2022-05-02 19:05:00'),
('savanyúkáposztalé', '2022-05-02 19:05:01', '2022-05-02 19:05:01'),
('savó', '2022-05-02 19:05:16', '2022-05-02 19:05:16'),
('scamorza', '2022-05-02 19:05:17', '2022-05-02 19:05:17'),
('selyemsonka', '2022-05-02 19:05:28', '2022-05-02 19:05:28'),
('serrano sonka', '2022-05-02 19:05:26', '2022-05-02 19:05:26'),
('sertés agyvelő', '2022-05-02 19:04:45', '2022-05-02 19:04:45'),
('sertés karajcsont', '2022-05-02 19:04:41', '2022-05-02 19:04:41'),
('sertés rövidkaraj', '2022-05-02 19:04:40', '2022-05-02 19:04:40'),
('sertés szűzpecsenye', '2022-05-02 19:04:41', '2022-05-02 19:04:41'),
('sertés virsli', '2022-05-02 19:05:31', '2022-05-02 19:05:31'),
('sertésborda', '2022-05-02 19:04:43', '2022-05-02 19:04:43'),
('sertésbőrke', '2022-05-02 19:04:45', '2022-05-02 19:04:45'),
('sertéscomb', '2022-05-02 19:04:40', '2022-05-02 19:04:40'),
('sertéscsont', '2022-05-02 19:04:43', '2022-05-02 19:04:43'),
('sertéscsülök', '2022-05-02 19:04:43', '2022-05-02 19:04:43'),
('sertésdagadó', '2022-05-02 19:04:40', '2022-05-02 19:04:40'),
('sertésfarok', '2022-05-02 19:04:44', '2022-05-02 19:04:44'),
('sertésfej', '2022-05-02 19:04:45', '2022-05-02 19:04:45'),
('sertésfül', '2022-05-02 19:04:43', '2022-05-02 19:04:43'),
('sertésháj', '2022-05-02 19:04:40', '2022-05-02 19:04:40'),
('sertésháló', '2022-05-02 19:04:45', '2022-05-02 19:04:45'),
('sertéshús', '2022-05-02 19:04:40', '2022-05-02 19:04:40'),
('sertésköröm', '2022-05-02 19:04:42', '2022-05-02 19:04:42'),
('sertéslapocka', '2022-05-02 19:04:43', '2022-05-02 19:04:43'),
('sertésmáj', '2022-05-02 19:04:40', '2022-05-02 19:04:40'),
('sertésnyelv', '2022-05-02 19:04:44', '2022-05-02 19:04:44'),
('sertésoldalas', '2022-05-02 19:04:41', '2022-05-02 19:04:41'),
('sertésorr', '2022-05-02 19:04:44', '2022-05-02 19:04:44'),
('sertésszív', '2022-05-02 19:04:44', '2022-05-02 19:04:44'),
('sertéstarja', '2022-05-02 19:04:41', '2022-05-02 19:04:41'),
('sertéstüdő', '2022-05-02 19:04:45', '2022-05-02 19:04:45'),
('sertésvelő', '2022-05-02 19:04:45', '2022-05-02 19:04:45'),
('sertésvér', '2022-05-02 19:04:45', '2022-05-02 19:04:45'),
('sertésvese', '2022-05-02 19:04:44', '2022-05-02 19:04:44'),
('sertészsír', '2022-05-02 19:05:02', '2022-05-02 19:05:02'),
('sherry', '2022-05-02 19:05:35', '2022-05-02 19:05:35'),
('sherryecet', '2022-05-02 19:05:15', '2022-05-02 19:05:15'),
('shiitake gomba', '2022-05-02 19:04:30', '2022-05-02 19:04:30'),
('skyr', '2022-05-02 19:05:16', '2022-05-02 19:05:16'),
('snidling', '2022-05-02 19:05:06', '2022-05-02 19:05:06'),
('só', '2022-05-02 19:04:22', '2022-05-02 19:04:22'),
('soba tészta', '2022-05-02 19:05:23', '2022-05-02 19:05:23'),
('som', '2022-05-02 19:04:29', '2022-05-02 19:04:29'),
('sombrero mix', '2022-05-02 19:04:56', '2022-05-02 19:04:56'),
('sonka', '2022-05-02 19:05:27', '2022-05-02 19:05:27'),
('sonkahagyma', '2022-05-02 19:04:50', '2022-05-02 19:04:50'),
('sonkás szalámi', '2022-05-02 19:05:26', '2022-05-02 19:05:26'),
('sonkás tortellini', '2022-05-02 19:05:24', '2022-05-02 19:05:24'),
('sonkatök', '2022-05-02 19:05:02', '2022-05-02 19:05:02'),
('sör', '2022-05-02 19:05:35', '2022-05-02 19:05:35'),
('sóska', '2022-05-02 19:04:54', '2022-05-02 19:04:54'),
('sötét trombitagomba', '2022-05-02 19:04:30', '2022-05-02 19:04:30'),
('sótlan pisztácia', '2022-05-02 19:04:27', '2022-05-02 19:04:27'),
('sovány tej', '2022-05-02 19:05:22', '2022-05-02 19:05:22'),
('sovány tejpor (cukrozott)', '2022-05-02 19:05:15', '2022-05-02 19:05:15'),
('sovány túró', '2022-05-02 19:05:21', '2022-05-02 19:05:21'),
('sóvirág', '2022-05-02 19:04:23', '2022-05-02 19:04:23'),
('sózott törökmogyoró', '2022-05-02 19:04:27', '2022-05-02 19:04:27'),
('spagetti tészta', '2022-05-02 19:05:23', '2022-05-02 19:05:23'),
('spárgatök', '2022-05-02 19:05:02', '2022-05-02 19:05:02'),
('spatzle tészta', '2022-05-02 19:05:22', '2022-05-02 19:05:22'),
('spenót', '2022-05-02 19:04:54', '2022-05-02 19:04:54'),
('süldő malac', '2022-05-02 19:04:45', '2022-05-02 19:04:45'),
('sült hagyma', '2022-05-02 19:04:51', '2022-05-02 19:04:51'),
('sült szöcske', '2022-05-02 19:04:35', '2022-05-02 19:04:35'),
('sűrített paradicsom', '2022-05-02 19:04:55', '2022-05-02 19:04:55'),
('sűrített tej (cukrozott)', '2022-05-02 19:05:15', '2022-05-02 19:05:15'),
('sushi rizs', '2022-05-02 19:04:26', '2022-05-02 19:04:26'),
('sütnivaló kolbász', '2022-05-02 19:05:26', '2022-05-02 19:05:26'),
('sütő rum', '2022-05-02 19:05:38', '2022-05-02 19:05:38'),
('sütőmargarin', '2022-05-02 19:05:04', '2022-05-02 19:05:04'),
('sütőtök', '2022-05-02 19:05:01', '2022-05-02 19:05:01'),
('szaké', '2022-05-02 19:05:35', '2022-05-02 19:05:35'),
('szalámi', '2022-05-02 19:05:26', '2022-05-02 19:05:26'),
('szamóca', '2022-05-02 19:04:29', '2022-05-02 19:04:29'),
('száraz rosé', '2022-05-02 19:05:34', '2022-05-02 19:05:34'),
('száraz vörösbor', '2022-05-02 19:05:34', '2022-05-02 19:05:34'),
('szárított fűszerpaprika', '2022-05-02 19:05:14', '2022-05-02 19:05:14'),
('szárított gomba', '2022-05-02 19:04:33', '2022-05-02 19:04:33'),
('szárított hibiszkuszvirág', '2022-05-02 19:05:13', '2022-05-02 19:05:13'),
('szárított jázmin', '2022-05-02 19:05:13', '2022-05-02 19:05:13'),
('szárított natúr zöldségkeverék', '2022-05-02 19:05:06', '2022-05-02 19:05:06'),
('szárított paradicsom', '2022-05-02 19:04:55', '2022-05-02 19:04:55'),
('szárnyas fűszerkeverék', '2022-05-02 19:05:08', '2022-05-02 19:05:08'),
('szárnyasbab', '2022-05-02 19:04:51', '2022-05-02 19:04:51'),
('szarvacska tészta', '2022-05-02 19:05:22', '2022-05-02 19:05:22'),
('szarvasbélszín', '2022-05-02 19:04:45', '2022-05-02 19:04:45'),
('szarvascomb', '2022-05-02 19:04:46', '2022-05-02 19:04:46'),
('szarvasgomba', '2022-05-02 19:04:30', '2022-05-02 19:04:30'),
('szarvasgombás olaj', '2022-05-02 19:05:04', '2022-05-02 19:05:04'),
('szarvashús', '2022-05-02 19:04:45', '2022-05-02 19:04:45'),
('szeder', '2022-05-02 19:04:28', '2022-05-02 19:04:28'),
('szegfűbors', '2022-05-02 19:05:12', '2022-05-02 19:05:12'),
('szegfűgomba', '2022-05-02 19:04:31', '2022-05-02 19:04:31'),
('szegfűszeg', '2022-05-02 19:05:09', '2022-05-02 19:05:09'),
('szendvicskrém', '2022-05-02 19:05:21', '2022-05-02 19:05:21'),
('szénsavas citromos üdítőital', '2022-05-02 19:05:32', '2022-05-02 19:05:32'),
('szénsavas narancsos üdítőital', '2022-05-02 19:05:32', '2022-05-02 19:05:32'),
('szerecsendió', '2022-05-02 19:05:09', '2022-05-02 19:05:09'),
('szerecsendió virág', '2022-05-02 19:05:13', '2022-05-02 19:05:13'),
('szezámliszt', '2022-05-02 19:04:25', '2022-05-02 19:04:25'),
('szezámolaj', '2022-05-02 19:05:03', '2022-05-02 19:05:03'),
('szezámsó', '2022-05-02 19:04:22', '2022-05-02 19:04:22'),
('szilva', '2022-05-02 19:04:30', '2022-05-02 19:04:30'),
('szódavíz', '2022-05-02 19:57:09', '2022-05-02 19:57:09'),
('szója', '2022-05-02 19:04:51', '2022-05-02 19:04:51'),
('szójabab', '2022-05-02 19:04:51', '2022-05-02 19:04:51'),
('szójaolaj', '2022-05-02 19:05:04', '2022-05-02 19:05:04'),
('szőlő', '2022-05-02 19:04:29', '2022-05-02 19:04:29'),
('szőlőlé', '2022-05-02 19:05:32', '2022-05-02 19:05:32'),
('szőlőmagolaj', '2022-05-02 19:05:03', '2022-05-02 19:05:03'),
('szörp', '2022-05-02 19:05:34', '2022-05-02 19:05:34'),
('szumák', '2022-05-02 19:05:14', '2022-05-02 19:05:14'),
('tagin fűszerkeverék', '2022-05-02 19:05:07', '2022-05-02 19:05:07'),
('tagliatelle', '2022-05-02 19:05:24', '2022-05-02 19:05:24'),
('tandoori masala', '2022-05-02 19:05:08', '2022-05-02 19:05:08'),
('tarhonya', '2022-05-02 19:05:22', '2022-05-02 19:05:22'),
('tárkony', '2022-05-02 19:05:05', '2022-05-02 19:05:05'),
('tárkonyecet', '2022-05-02 19:05:15', '2022-05-02 19:05:15'),
('tatárbifsztek', '2022-05-02 19:05:25', '2022-05-02 19:05:25'),
('teavaj', '2022-05-02 19:05:21', '2022-05-02 19:05:21'),
('tehéntúró', '2022-05-02 19:05:21', '2022-05-02 19:05:21'),
('tej', '2022-05-02 19:05:21', '2022-05-02 19:05:21'),
('tejföl', '2022-05-02 19:05:20', '2022-05-02 19:05:20'),
('tejmentes margarin', '2022-05-02 19:05:04', '2022-05-02 19:05:04'),
('tejoltó enzim', '2022-05-02 19:05:16', '2022-05-02 19:05:16'),
('tejpor', '2022-05-02 19:05:15', '2022-05-02 19:05:15'),
('tejszín', '2022-05-02 19:04:23', '2022-05-02 19:04:23'),
('tejszínhab', '2022-05-02 19:05:20', '2022-05-02 19:05:20'),
('téliszalámi', '2022-05-02 19:05:26', '2022-05-02 19:05:26'),
('tengeri hínár', '2022-05-02 19:04:55', '2022-05-02 19:04:55'),
('tengeri spárga', '2022-05-02 19:05:02', '2022-05-02 19:05:02'),
('tepertő', '2022-05-02 19:05:24', '2022-05-02 19:05:24'),
('tequila', '2022-05-02 19:05:35', '2022-05-02 19:05:35'),
('tészta', '2022-05-02 19:05:24', '2022-05-02 19:05:24'),
('thai zöldségkeverék', '2022-05-02 19:04:48', '2022-05-02 19:04:48'),
('tiszta szesz', '2022-05-02 19:05:38', '2022-05-02 19:05:38'),
('tofu', '2022-05-02 19:04:47', '2022-05-02 19:04:47'),
('tojás', '2022-05-02 19:04:22', '2022-05-02 19:04:22'),
('tojásfehérje', '2022-05-02 19:04:22', '2022-05-02 19:04:22'),
('tojáslikőr', '2022-05-02 19:05:35', '2022-05-02 19:05:35'),
('tojássárgája', '2022-05-02 19:04:22', '2022-05-02 19:04:22'),
('Tokaj dresszing', '2022-05-02 19:05:15', '2022-05-02 19:05:15'),
('Tokaj vinaigrette', '2022-05-02 19:05:15', '2022-05-02 19:05:15'),
('tokaszalonna', '2022-05-02 19:05:30', '2022-05-02 19:05:30'),
('tökmagolaj', '2022-05-02 19:05:03', '2022-05-02 19:05:03'),
('tomatillo (mexikói földicseresznye)', '2022-05-02 19:04:47', '2022-05-02 19:04:47'),
('tömlős krémsajt', '2022-05-02 19:05:19', '2022-05-02 19:05:19'),
('tonik', '2022-05-02 19:05:32', '2022-05-02 19:05:32'),
('tonkabab', '2022-05-02 19:05:13', '2022-05-02 19:05:13'),
('tönkölybúza', '2022-05-02 19:04:23', '2022-05-02 19:04:23'),
('torma', '2022-05-02 19:05:06', '2022-05-02 19:05:06'),
('törökmogyoró', '2022-05-02 19:04:27', '2022-05-02 19:04:27'),
('tortellini', '2022-05-02 19:05:24', '2022-05-02 19:05:24'),
('tortelloni', '2022-05-02 19:05:24', '2022-05-02 19:05:24'),
('tőzegáfonya', '2022-05-02 19:04:28', '2022-05-02 19:04:28'),
('trappista sajt', '2022-05-02 19:05:18', '2022-05-02 19:05:18'),
('triple sec', '2022-05-02 19:05:38', '2022-05-02 19:05:38'),
('turbolya', '2022-05-02 19:05:06', '2022-05-02 19:05:06'),
('túró rudi', '2022-05-02 19:05:16', '2022-05-02 19:05:16'),
('túródesszert', '2022-05-02 19:05:16', '2022-05-02 19:05:16'),
('TV paprika', '2022-05-02 19:04:57', '2022-05-02 19:04:57'),
('tyúk', '2022-05-02 19:04:35', '2022-05-02 19:04:35'),
('tyúkháj', '2022-05-02 19:04:35', '2022-05-02 19:04:35');
INSERT INTO `alapanyags` (`megnevezes`, `created_at`, `updated_at`) VALUES
('uborka', '2022-05-02 19:04:47', '2022-05-02 19:04:47'),
('udon tészta', '2022-05-02 19:05:22', '2022-05-02 19:05:22'),
('újhagyma', '2022-05-02 19:04:50', '2022-05-02 19:04:50'),
('újhagyma zöldje', '2022-05-02 19:04:51', '2022-05-02 19:04:51'),
('újkrumpli', '2022-05-02 19:04:46', '2022-05-02 19:04:46'),
('Unicum', '2022-05-02 19:05:38', '2022-05-02 19:05:38'),
('üvegtészta', '2022-05-02 19:05:22', '2022-05-02 19:05:22'),
('vad fűszerkeverék', '2022-05-02 19:05:08', '2022-05-02 19:05:08'),
('vaddisznóhús', '2022-05-02 19:04:45', '2022-05-02 19:04:45'),
('vaddisznókaraj', '2022-05-02 19:04:46', '2022-05-02 19:04:46'),
('vaddisznószűz', '2022-05-02 19:04:46', '2022-05-02 19:04:46'),
('vadkacsamell', '2022-05-02 19:04:36', '2022-05-02 19:04:36'),
('vadrizs', '2022-05-02 19:04:23', '2022-05-02 19:04:23'),
('vaj', '2022-05-02 19:05:21', '2022-05-02 19:05:21'),
('vajkrém', '2022-05-02 19:05:21', '2022-05-02 19:05:21'),
('vajrépa', '2022-05-02 19:04:49', '2022-05-02 19:04:49'),
('vanília', '2022-05-02 19:05:09', '2022-05-02 19:05:09'),
('vaníliás cukor', '2022-05-02 20:50:20', '2022-05-02 20:50:20'),
('vargánya gomba', '2022-05-02 19:04:30', '2022-05-02 19:04:30'),
('vegyes savanyúság', '2022-05-02 19:05:00', '2022-05-02 19:05:00'),
('vegyes zöldség', '2022-05-02 19:22:44', '2022-05-02 19:22:44'),
('vékonybél (sertés)', '2022-05-02 19:04:45', '2022-05-02 19:04:45'),
('véres hurka', '2022-05-02 19:05:25', '2022-05-02 19:05:25'),
('vérnarancs', '2022-05-02 19:04:28', '2022-05-02 19:04:28'),
('virsli', '2022-05-02 19:05:31', '2022-05-02 19:05:31'),
('vízigesztenye', '2022-05-02 19:04:48', '2022-05-02 19:04:48'),
('vízispenót', '2022-05-02 19:04:55', '2022-05-02 19:04:55'),
('vízitorma', '2022-05-02 19:04:54', '2022-05-02 19:04:54'),
('vodka', '2022-05-02 19:05:36', '2022-05-02 19:05:36'),
('vörösáfonya', '2022-05-02 19:04:29', '2022-05-02 19:04:29'),
('vörösbab', '2022-05-02 19:04:52', '2022-05-02 19:04:52'),
('vörösbor', '2022-05-02 19:05:34', '2022-05-02 19:05:34'),
('vörösborecet', '2022-05-02 19:05:15', '2022-05-02 19:05:15'),
('vöröshagyma', '2022-05-02 19:04:49', '2022-05-02 19:04:49'),
('vöröskáposzta', '2022-05-02 19:04:52', '2022-05-02 19:04:52'),
('vöröslencse', '2022-05-02 19:04:52', '2022-05-02 19:04:52'),
('wakame', '2022-05-02 19:05:05', '2022-05-02 19:05:05'),
('whiskey', '2022-05-02 19:05:35', '2022-05-02 19:05:35'),
('wok fűszerkeverék', '2022-05-02 19:05:07', '2022-05-02 19:05:07'),
('zaatar', '2022-05-02 19:05:08', '2022-05-02 19:05:08'),
('zab', '2022-05-02 19:04:23', '2022-05-02 19:04:23'),
('zeller', '2022-05-02 19:04:49', '2022-05-02 19:04:49'),
('zellerlevél', '2022-05-02 19:04:54', '2022-05-02 19:04:54'),
('zellersó', '2022-05-02 19:04:23', '2022-05-02 19:04:23'),
('zöld kaliforniai paprika', '2022-05-02 19:04:59', '2022-05-02 19:04:59'),
('zöld kardamom', '2022-05-02 19:05:12', '2022-05-02 19:05:12'),
('zöld mandula', '2022-05-02 19:04:27', '2022-05-02 19:04:27'),
('zöld metélttészta', '2022-05-02 19:05:24', '2022-05-02 19:05:24'),
('zöldbab', '2022-05-02 19:04:51', '2022-05-02 19:04:51'),
('zöldbab-vajbab keverék', '2022-05-02 19:04:55', '2022-05-02 19:04:55'),
('zöldbors', '2022-05-02 19:05:12', '2022-05-02 19:05:12'),
('zöldborsó', '2022-05-02 19:04:51', '2022-05-02 19:04:51'),
('zöldborsó-kukorica zöldségkeverék', '2022-05-02 19:04:55', '2022-05-02 19:04:55'),
('zöldfűszer', '2022-05-02 19:05:08', '2022-05-02 19:05:08'),
('zöldhagyma', '2022-05-02 19:04:51', '2022-05-02 19:04:51'),
('zöldpaprika', '2022-05-02 19:04:58', '2022-05-02 19:04:58'),
('zöldparadicsom', '2022-05-02 19:04:47', '2022-05-02 19:04:47'),
('zöldpetrezselyem', '2022-05-02 21:00:39', '2022-05-02 21:00:39'),
('zöldséges golyó', '2022-05-02 19:04:48', '2022-05-02 19:04:48'),
('zöldségkeverék', '2022-05-02 19:04:48', '2022-05-02 19:04:48'),
('zöldspárga', '2022-05-02 19:05:02', '2022-05-02 19:05:02'),
('zsálya', '2022-05-02 19:05:05', '2022-05-02 19:05:05'),
('zsemle', '2022-05-02 19:05:39', '2022-05-02 19:05:39'),
('zsemlemorzsa', '2022-05-02 19:05:38', '2022-05-02 19:05:38');

-- --------------------------------------------------------

--
-- Tábla szerkezet ehhez a táblához `alapanyag_mertekegysegs`
--

CREATE TABLE `alapanyag_mertekegysegs` (
  `am_id` int(10) UNSIGNED NOT NULL,
  `alapanyag` varchar(40) COLLATE utf8mb4_unicode_ci NOT NULL,
  `mertekegyseg` varchar(20) COLLATE utf8mb4_unicode_ci NOT NULL,
  `created_at` timestamp NULL DEFAULT NULL,
  `updated_at` timestamp NULL DEFAULT NULL
) ENGINE=InnoDB DEFAULT CHARSET=utf8mb4 COLLATE=utf8mb4_unicode_ci;

--
-- A tábla adatainak kiíratása `alapanyag_mertekegysegs`
--

INSERT INTO `alapanyag_mertekegysegs` (`am_id`, `alapanyag`, `mertekegyseg`, `created_at`, `updated_at`) VALUES
(1, 'eper', 'db', '2022-05-02 19:06:17', '2022-05-02 19:06:17'),
(2, 'eper', 'g', '2022-05-02 19:06:17', '2022-05-02 19:06:17'),
(3, 'eper', 'dkg', '2022-05-02 19:06:17', '2022-05-02 19:06:17'),
(4, 'eper', 'kg', '2022-05-02 19:06:17', '2022-05-02 19:06:17'),
(5, 'eperszirup', 'ml', '2022-05-02 19:06:17', '2022-05-02 19:06:17'),
(6, 'eperszirup', 'cl', '2022-05-02 19:06:17', '2022-05-02 19:06:17'),
(7, 'eperszirup', 'dl', '2022-05-02 19:06:17', '2022-05-02 19:06:17'),
(8, 'eperszirup', 'l', '2022-05-02 19:06:17', '2022-05-02 19:06:17'),
(9, 'eperszirup', 'ízlés szerint', '2022-05-02 19:06:17', '2022-05-02 19:06:17'),
(10, 'ananászlé', 'ml', '2022-05-02 19:06:17', '2022-05-02 19:06:17'),
(11, 'ananászlé', 'cl', '2022-05-02 19:06:17', '2022-05-02 19:06:17'),
(12, 'ananászlé', 'dl', '2022-05-02 19:06:17', '2022-05-02 19:06:17'),
(13, 'ananászlé', 'l', '2022-05-02 19:06:17', '2022-05-02 19:06:17'),
(14, 'ananászlé', 'ízlés szerint', '2022-05-02 19:06:17', '2022-05-02 19:06:17'),
(15, 'citromlé', 'ml', '2022-05-02 19:06:17', '2022-05-02 19:06:17'),
(16, 'citromlé', 'cl', '2022-05-02 19:06:17', '2022-05-02 19:06:17'),
(17, 'citromlé', 'dl', '2022-05-02 19:06:17', '2022-05-02 19:06:17'),
(18, 'citromlé', 'l', '2022-05-02 19:06:17', '2022-05-02 19:06:17'),
(19, 'citromlé', 'ízlés szerint', '2022-05-02 19:06:17', '2022-05-02 19:06:17'),
(20, 'eperlé', 'ml', '2022-05-02 19:06:17', '2022-05-02 19:06:17'),
(21, 'eperlé', 'cl', '2022-05-02 19:06:18', '2022-05-02 19:06:18'),
(22, 'eperlé', 'dl', '2022-05-02 19:06:18', '2022-05-02 19:06:18'),
(23, 'eperlé', 'l', '2022-05-02 19:06:18', '2022-05-02 19:06:18'),
(24, 'eperlé', 'ízlés szerint', '2022-05-02 19:06:18', '2022-05-02 19:06:18'),
(25, 'limelé', 'ml', '2022-05-02 19:06:18', '2022-05-02 19:06:18'),
(26, 'limelé', 'cl', '2022-05-02 19:06:18', '2022-05-02 19:06:18'),
(27, 'limelé', 'dl', '2022-05-02 19:06:18', '2022-05-02 19:06:18'),
(28, 'limelé', 'l', '2022-05-02 19:06:18', '2022-05-02 19:06:18'),
(29, 'limelé', 'ízlés szerint', '2022-05-02 19:06:18', '2022-05-02 19:06:18'),
(30, 'grépfrútlé', 'ml', '2022-05-02 19:06:18', '2022-05-02 19:06:18'),
(31, 'grépfrútlé', 'cl', '2022-05-02 19:06:18', '2022-05-02 19:06:18'),
(32, 'grépfrútlé', 'dl', '2022-05-02 19:06:18', '2022-05-02 19:06:18'),
(33, 'grépfrútlé', 'l', '2022-05-02 19:06:18', '2022-05-02 19:06:18'),
(34, 'grépfrútlé', 'ízlés szerint', '2022-05-02 19:06:18', '2022-05-02 19:06:18'),
(35, 'körtelé', 'ml', '2022-05-02 19:06:19', '2022-05-02 19:06:19'),
(36, 'körtelé', 'cl', '2022-05-02 19:06:19', '2022-05-02 19:06:19'),
(37, 'körtelé', 'dl', '2022-05-02 19:06:19', '2022-05-02 19:06:19'),
(38, 'körtelé', 'l', '2022-05-02 19:06:19', '2022-05-02 19:06:19'),
(39, 'körtelé', 'ízlés szerint', '2022-05-02 19:06:19', '2022-05-02 19:06:19'),
(40, 'pépesített eper', 'bk', '2022-05-02 19:06:19', '2022-05-02 19:06:19'),
(41, 'pépesített eper', 'kk', '2022-05-02 19:06:19', '2022-05-02 19:06:19'),
(42, 'pépesített eper', 'tk', '2022-05-02 19:06:19', '2022-05-02 19:06:19'),
(43, 'pépesített eper', 'ek', '2022-05-02 19:06:19', '2022-05-02 19:06:19'),
(44, 'pépesített eper', 'ízlés szerint', '2022-05-02 19:06:19', '2022-05-02 19:06:19'),
(45, 'alkoholmentes pezsgő', 'ml', '2022-05-02 19:06:19', '2022-05-02 19:06:19'),
(46, 'alkoholmentes pezsgő', 'cl', '2022-05-02 19:06:19', '2022-05-02 19:06:19'),
(47, 'alkoholmentes pezsgő', 'dl', '2022-05-02 19:06:19', '2022-05-02 19:06:19'),
(48, 'alkoholmentes pezsgő', 'l', '2022-05-02 19:06:19', '2022-05-02 19:06:19'),
(49, 'alkoholmentes pezsgő', 'ízlés szerint', '2022-05-02 19:06:19', '2022-05-02 19:06:19'),
(50, 'tojás', 'db', '2022-05-02 19:06:19', '2022-05-02 19:06:19'),
(51, 'tojásfehérje', 'db', '2022-05-02 19:06:19', '2022-05-02 19:06:19'),
(52, 'tojássárgája', 'db', '2022-05-02 19:06:20', '2022-05-02 19:06:20'),
(53, 'főtt tojás', 'db', '2022-05-02 19:06:20', '2022-05-02 19:06:20'),
(54, 'fürjtojás', 'db', '2022-05-02 19:06:20', '2022-05-02 19:06:20'),
(55, 'kristálycukor', 'g', '2022-05-02 19:06:20', '2022-05-02 19:06:20'),
(56, 'kristálycukor', 'dkg', '2022-05-02 19:06:20', '2022-05-02 19:06:20'),
(57, 'kristálycukor', 'kg', '2022-05-02 19:06:20', '2022-05-02 19:06:20'),
(58, 'kristálycukor', 'bögre', '2022-05-02 19:06:20', '2022-05-02 19:06:20'),
(59, 'kristálycukor', 'ek', '2022-05-02 19:06:20', '2022-05-02 19:06:20'),
(60, 'porcukor', 'g', '2022-05-02 19:06:20', '2022-05-02 19:06:20'),
(61, 'porcukor', 'dkg', '2022-05-02 19:06:20', '2022-05-02 19:06:20'),
(62, 'porcukor', 'kg', '2022-05-02 19:06:20', '2022-05-02 19:06:20'),
(63, 'porcukor', 'bögre', '2022-05-02 19:06:20', '2022-05-02 19:06:20'),
(64, 'porcukor', 'ek', '2022-05-02 19:06:20', '2022-05-02 19:06:20'),
(65, 'tejszín', 'dl', '2022-05-02 19:06:20', '2022-05-02 19:06:20'),
(66, 'köles', 'g', '2022-05-02 19:06:20', '2022-05-02 19:06:20'),
(67, 'köles', 'dkg', '2022-05-02 19:06:20', '2022-05-02 19:06:20'),
(68, 'köles', 'kg', '2022-05-02 19:06:20', '2022-05-02 19:06:20'),
(69, 'köles', 'bögre', '2022-05-02 19:06:20', '2022-05-02 19:06:20'),
(70, 'zab', 'g', '2022-05-02 19:06:20', '2022-05-02 19:06:20'),
(71, 'zab', 'dkg', '2022-05-02 19:06:20', '2022-05-02 19:06:20'),
(72, 'zab', 'kg', '2022-05-02 19:06:20', '2022-05-02 19:06:20'),
(73, 'zab', 'bögre', '2022-05-02 19:06:20', '2022-05-02 19:06:20'),
(74, 'hajdina', 'g', '2022-05-02 19:06:20', '2022-05-02 19:06:20'),
(75, 'hajdina', 'dkg', '2022-05-02 19:06:21', '2022-05-02 19:06:21'),
(76, 'hajdina', 'kg', '2022-05-02 19:06:21', '2022-05-02 19:06:21'),
(77, 'hajdina', 'bögre', '2022-05-02 19:06:21', '2022-05-02 19:06:21'),
(78, 'tönkölybúza', 'g', '2022-05-02 19:06:22', '2022-05-02 19:06:22'),
(79, 'tönkölybúza', 'dkg', '2022-05-02 19:06:22', '2022-05-02 19:06:22'),
(80, 'tönkölybúza', 'kg', '2022-05-02 19:06:22', '2022-05-02 19:06:22'),
(81, 'tönkölybúza', 'bögre', '2022-05-02 19:06:22', '2022-05-02 19:06:22'),
(82, 'bulgur', 'g', '2022-05-02 19:06:22', '2022-05-02 19:06:22'),
(83, 'bulgur', 'dkg', '2022-05-02 19:06:22', '2022-05-02 19:06:22'),
(84, 'bulgur', 'kg', '2022-05-02 19:06:22', '2022-05-02 19:06:22'),
(85, 'bulgur', 'bögre', '2022-05-02 19:06:22', '2022-05-02 19:06:22'),
(86, 'vadrizs', 'g', '2022-05-02 19:06:22', '2022-05-02 19:06:22'),
(87, 'vadrizs', 'dkg', '2022-05-02 19:06:22', '2022-05-02 19:06:22'),
(88, 'vadrizs', 'kg', '2022-05-02 19:06:22', '2022-05-02 19:06:22'),
(89, 'vadrizs', 'bögre', '2022-05-02 19:06:22', '2022-05-02 19:06:22'),
(90, 'quinoa', 'g', '2022-05-02 19:06:22', '2022-05-02 19:06:22'),
(91, 'quinoa', 'dkg', '2022-05-02 19:06:23', '2022-05-02 19:06:23'),
(92, 'quinoa', 'kg', '2022-05-02 19:06:23', '2022-05-02 19:06:23'),
(93, 'quinoa', 'bögre', '2022-05-02 19:06:23', '2022-05-02 19:06:23'),
(94, 'gersli', 'g', '2022-05-02 19:06:23', '2022-05-02 19:06:23'),
(95, 'gersli', 'dkg', '2022-05-02 19:06:23', '2022-05-02 19:06:23'),
(96, 'gersli', 'kg', '2022-05-02 19:06:23', '2022-05-02 19:06:23'),
(97, 'gersli', 'bögre', '2022-05-02 19:06:23', '2022-05-02 19:06:23'),
(98, 'rozs', 'g', '2022-05-02 19:06:23', '2022-05-02 19:06:23'),
(99, 'rozs', 'dkg', '2022-05-02 19:06:23', '2022-05-02 19:06:23'),
(100, 'rozs', 'kg', '2022-05-02 19:06:23', '2022-05-02 19:06:23'),
(101, 'rozs', 'bögre', '2022-05-02 19:06:23', '2022-05-02 19:06:23'),
(102, 'liszt', 'g', '2022-05-02 19:06:23', '2022-05-02 19:06:23'),
(103, 'liszt', 'dkg', '2022-05-02 19:06:23', '2022-05-02 19:06:23'),
(104, 'liszt', 'kg', '2022-05-02 19:06:23', '2022-05-02 19:06:23'),
(105, 'liszt', 'bögre', '2022-05-02 19:06:23', '2022-05-02 19:06:23'),
(106, 'liszt', 'ek', '2022-05-02 19:06:23', '2022-05-02 19:06:23'),
(107, 'kukoricaliszt', 'g', '2022-05-02 19:06:23', '2022-05-02 19:06:23'),
(108, 'kukoricaliszt', 'dkg', '2022-05-02 19:06:23', '2022-05-02 19:06:23'),
(109, 'kukoricaliszt', 'kg', '2022-05-02 19:06:23', '2022-05-02 19:06:23'),
(110, 'kukoricaliszt', 'bögre', '2022-05-02 19:06:23', '2022-05-02 19:06:23'),
(111, 'kukoricakeményítő', 'ek', '2022-05-02 19:06:24', '2022-05-02 19:06:24'),
(112, 'kukoricakeményítő', 'g', '2022-05-02 19:06:24', '2022-05-02 19:06:24'),
(113, 'kukoricakeményítő', 'dkg', '2022-05-02 19:06:24', '2022-05-02 19:06:24'),
(114, 'kukoricakeményítő', 'kg', '2022-05-02 19:06:24', '2022-05-02 19:06:24'),
(115, 'kukoricakeményítő', 'bögre', '2022-05-02 19:06:24', '2022-05-02 19:06:24'),
(116, 'kukoricadara', 'g', '2022-05-02 19:06:24', '2022-05-02 19:06:24'),
(117, 'kukoricadara', 'dkg', '2022-05-02 19:06:24', '2022-05-02 19:06:24'),
(118, 'kukoricadara', 'kg', '2022-05-02 19:06:24', '2022-05-02 19:06:24'),
(119, 'kukoricadara', 'bögre', '2022-05-02 19:06:24', '2022-05-02 19:06:24'),
(120, 'rizsliszt', 'g', '2022-05-02 19:06:24', '2022-05-02 19:06:24'),
(121, 'rizsliszt', 'dkg', '2022-05-02 19:06:24', '2022-05-02 19:06:24'),
(122, 'rizsliszt', 'kg', '2022-05-02 19:06:25', '2022-05-02 19:06:25'),
(123, 'rizsliszt', 'bögre', '2022-05-02 19:06:25', '2022-05-02 19:06:25'),
(124, 'burgonyaliszt', 'g', '2022-05-02 19:06:25', '2022-05-02 19:06:25'),
(125, 'burgonyaliszt', 'dkg', '2022-05-02 19:06:25', '2022-05-02 19:06:25'),
(126, 'burgonyaliszt', 'kg', '2022-05-02 19:06:25', '2022-05-02 19:06:25'),
(127, 'burgonyaliszt', 'bögre', '2022-05-02 19:06:25', '2022-05-02 19:06:25'),
(128, 'mandulaliszt', 'g', '2022-05-02 19:06:25', '2022-05-02 19:06:25'),
(129, 'mandulaliszt', 'dkg', '2022-05-02 19:06:25', '2022-05-02 19:06:25'),
(130, 'mandulaliszt', 'kg', '2022-05-02 19:06:25', '2022-05-02 19:06:25'),
(131, 'mandulaliszt', 'bögre', '2022-05-02 19:06:26', '2022-05-02 19:06:26'),
(132, 'kendermagliszt', 'g', '2022-05-02 19:06:26', '2022-05-02 19:06:26'),
(133, 'kendermagliszt', 'dkg', '2022-05-02 19:06:26', '2022-05-02 19:06:26'),
(134, 'kendermagliszt', 'kg', '2022-05-02 19:06:26', '2022-05-02 19:06:26'),
(135, 'kendermagliszt', 'bögre', '2022-05-02 19:06:26', '2022-05-02 19:06:26'),
(136, 'szezámliszt', 'g', '2022-05-02 19:06:26', '2022-05-02 19:06:26'),
(137, 'szezámliszt', 'dkg', '2022-05-02 19:06:26', '2022-05-02 19:06:26'),
(138, 'szezámliszt', 'kg', '2022-05-02 19:06:27', '2022-05-02 19:06:27'),
(139, 'szezámliszt', 'bögre', '2022-05-02 19:06:27', '2022-05-02 19:06:27'),
(140, 'basmati rizs', 'g', '2022-05-02 19:06:27', '2022-05-02 19:06:27'),
(141, 'basmati rizs', 'dkg', '2022-05-02 19:06:27', '2022-05-02 19:06:27'),
(142, 'basmati rizs', 'kg', '2022-05-02 19:06:27', '2022-05-02 19:06:27'),
(143, 'basmati rizs', 'bögre', '2022-05-02 19:06:27', '2022-05-02 19:06:27'),
(144, 'jázmin rizs', 'g', '2022-05-02 19:06:27', '2022-05-02 19:06:27'),
(145, 'jázmin rizs', 'dkg', '2022-05-02 19:06:27', '2022-05-02 19:06:27'),
(146, 'jázmin rizs', 'kg', '2022-05-02 19:06:27', '2022-05-02 19:06:27'),
(147, 'jázmin rizs', 'bögre', '2022-05-02 19:06:27', '2022-05-02 19:06:27'),
(148, 'barna rizs', 'g', '2022-05-02 19:06:27', '2022-05-02 19:06:27'),
(149, 'barna rizs', 'dkg', '2022-05-02 19:06:27', '2022-05-02 19:06:27'),
(150, 'barna rizs', 'kg', '2022-05-02 19:06:27', '2022-05-02 19:06:27'),
(151, 'barna rizs', 'bögre', '2022-05-02 19:06:27', '2022-05-02 19:06:27'),
(152, 'fehér rizs', 'g', '2022-05-02 19:06:27', '2022-05-02 19:06:27'),
(153, 'fehér rizs', 'dkg', '2022-05-02 19:06:28', '2022-05-02 19:06:28'),
(154, 'fehér rizs', 'kg', '2022-05-02 19:06:28', '2022-05-02 19:06:28'),
(155, 'fehér rizs', 'bögre', '2022-05-02 19:06:28', '2022-05-02 19:06:28'),
(156, 'gyors rizs', 'csomag', '2022-05-02 19:06:28', '2022-05-02 19:06:28'),
(157, 'rizottó rizs', 'g', '2022-05-02 19:06:28', '2022-05-02 19:06:28'),
(158, 'rizottó rizs', 'dkg', '2022-05-02 19:06:28', '2022-05-02 19:06:28'),
(159, 'rizottó rizs', 'kg', '2022-05-02 19:06:28', '2022-05-02 19:06:28'),
(160, 'rizottó rizs', 'bögre', '2022-05-02 19:06:28', '2022-05-02 19:06:28'),
(161, 'sushi rizs', 'g', '2022-05-02 19:06:28', '2022-05-02 19:06:28'),
(162, 'sushi rizs', 'dkg', '2022-05-02 19:06:28', '2022-05-02 19:06:28'),
(163, 'sushi rizs', 'kg', '2022-05-02 19:06:28', '2022-05-02 19:06:28'),
(164, 'sushi rizs', 'bögre', '2022-05-02 19:06:28', '2022-05-02 19:06:28'),
(165, 'só', 'g', '2022-05-02 19:06:28', '2022-05-02 19:06:28'),
(166, 'só', 'csipet', '2022-05-02 19:06:28', '2022-05-02 19:06:28'),
(167, 'só', 'késhegynyi', '2022-05-02 19:06:28', '2022-05-02 19:06:28'),
(168, 'szezámsó', 'g', '2022-05-02 19:06:28', '2022-05-02 19:06:28'),
(169, 'szezámsó', 'csipet', '2022-05-02 19:06:28', '2022-05-02 19:06:28'),
(170, 'szezámsó', 'késhegynyi', '2022-05-02 19:06:28', '2022-05-02 19:06:28'),
(171, 'fűszersó', 'g', '2022-05-02 19:06:28', '2022-05-02 19:06:28'),
(172, 'fűszersó', 'csipet', '2022-05-02 19:06:28', '2022-05-02 19:06:28'),
(173, 'fűszersó', 'késhegynyi', '2022-05-02 19:06:28', '2022-05-02 19:06:28'),
(174, 'himalája só', 'g', '2022-05-02 19:06:28', '2022-05-02 19:06:28'),
(175, 'himalája só', 'csipet', '2022-05-02 19:06:29', '2022-05-02 19:06:29'),
(176, 'himalája só', 'késhegynyi', '2022-05-02 19:06:29', '2022-05-02 19:06:29'),
(177, 'sóvirág', 'g', '2022-05-02 19:06:29', '2022-05-02 19:06:29'),
(178, 'sóvirág', 'csipet', '2022-05-02 19:06:29', '2022-05-02 19:06:29'),
(179, 'sóvirág', 'késhegynyi', '2022-05-02 19:06:29', '2022-05-02 19:06:29'),
(180, 'zellersó', 'g', '2022-05-02 19:06:29', '2022-05-02 19:06:29'),
(181, 'zellersó', 'csipet', '2022-05-02 19:06:29', '2022-05-02 19:06:29'),
(182, 'zellersó', 'késhegynyi', '2022-05-02 19:06:29', '2022-05-02 19:06:29'),
(183, 'kínai só', 'g', '2022-05-02 19:06:29', '2022-05-02 19:06:29'),
(184, 'kínai só', 'csipet', '2022-05-02 19:06:29', '2022-05-02 19:06:29'),
(185, 'kínai só', 'késhegynyi', '2022-05-02 19:06:29', '2022-05-02 19:06:29'),
(186, 'búzadara', 'g', '2022-05-02 19:06:29', '2022-05-02 19:06:29'),
(187, 'búzadara', 'dkg', '2022-05-02 19:06:29', '2022-05-02 19:06:29'),
(188, 'búzadara', 'kg', '2022-05-02 19:06:29', '2022-05-02 19:06:29'),
(189, 'búzadara', 'bögre', '2022-05-02 19:06:29', '2022-05-02 19:06:29'),
(190, 'háztartási keksz', 'dkg', '2022-05-02 19:06:29', '2022-05-02 19:06:29'),
(191, 'háztartási keksz', 'kg', '2022-05-02 19:06:29', '2022-05-02 19:06:29'),
(192, 'kekszmorzsa', 'g', '2022-05-02 19:06:29', '2022-05-02 19:06:29'),
(193, 'kekszmorzsa', 'dkg', '2022-05-02 19:06:29', '2022-05-02 19:06:29'),
(194, 'kekszmorzsa', 'kg', '2022-05-02 19:06:29', '2022-05-02 19:06:29'),
(195, 'kekszmorzsa', 'bögre', '2022-05-02 19:06:29', '2022-05-02 19:06:29'),
(196, 'étolaj', 'ek', '2022-05-02 19:06:29', '2022-05-02 19:06:29'),
(197, 'étolaj', 'dl', '2022-05-02 19:06:30', '2022-05-02 19:06:30'),
(198, 'olívaolaj', 'ek', '2022-05-02 19:06:30', '2022-05-02 19:06:30'),
(199, 'olívaolaj', 'dl', '2022-05-02 19:06:30', '2022-05-02 19:06:30'),
(200, 'oreo keksz', 'dkg', '2022-05-02 19:06:30', '2022-05-02 19:06:30'),
(201, 'oreo keksz', 'kg', '2022-05-02 19:06:30', '2022-05-02 19:06:30'),
(202, 'dió', 'g', '2022-05-02 19:06:30', '2022-05-02 19:06:30'),
(203, 'dió', 'dkg', '2022-05-02 19:06:30', '2022-05-02 19:06:30'),
(204, 'dió', 'kg', '2022-05-02 19:06:30', '2022-05-02 19:06:30'),
(205, 'földimogyoró', 'g', '2022-05-02 19:06:30', '2022-05-02 19:06:30'),
(206, 'földimogyoró', 'dkg', '2022-05-02 19:06:30', '2022-05-02 19:06:30'),
(207, 'földimogyoró', 'kg', '2022-05-02 19:06:30', '2022-05-02 19:06:30'),
(208, 'mandula', 'g', '2022-05-02 19:06:30', '2022-05-02 19:06:30'),
(209, 'mandula', 'dkg', '2022-05-02 19:06:30', '2022-05-02 19:06:30'),
(210, 'mandula', 'kg', '2022-05-02 19:06:30', '2022-05-02 19:06:30'),
(211, 'kesudió', 'g', '2022-05-02 19:06:30', '2022-05-02 19:06:30'),
(212, 'kesudió', 'dkg', '2022-05-02 19:06:30', '2022-05-02 19:06:30'),
(213, 'kesudió', 'kg', '2022-05-02 19:06:30', '2022-05-02 19:06:30'),
(214, 'gesztenye', 'g', '2022-05-02 19:06:30', '2022-05-02 19:06:30'),
(215, 'gesztenye', 'dkg', '2022-05-02 19:06:30', '2022-05-02 19:06:30'),
(216, 'gesztenye', 'kg', '2022-05-02 19:06:30', '2022-05-02 19:06:30'),
(217, 'makadámdió', 'g', '2022-05-02 19:06:30', '2022-05-02 19:06:30'),
(218, 'makadámdió', 'dkg', '2022-05-02 19:06:30', '2022-05-02 19:06:30'),
(219, 'makadámdió', 'kg', '2022-05-02 19:06:31', '2022-05-02 19:06:31'),
(220, 'pisztácia', 'g', '2022-05-02 19:06:31', '2022-05-02 19:06:31'),
(221, 'pisztácia', 'dkg', '2022-05-02 19:06:31', '2022-05-02 19:06:31'),
(222, 'pisztácia', 'kg', '2022-05-02 19:06:31', '2022-05-02 19:06:31'),
(223, 'törökmogyoró', 'g', '2022-05-02 19:06:32', '2022-05-02 19:06:32'),
(224, 'törökmogyoró', 'dkg', '2022-05-02 19:06:32', '2022-05-02 19:06:32'),
(225, 'törökmogyoró', 'kg', '2022-05-02 19:06:32', '2022-05-02 19:06:32'),
(226, 'brazil dió', 'g', '2022-05-02 19:06:32', '2022-05-02 19:06:32'),
(227, 'brazil dió', 'dkg', '2022-05-02 19:06:32', '2022-05-02 19:06:32'),
(228, 'brazil dió', 'kg', '2022-05-02 19:06:32', '2022-05-02 19:06:32'),
(229, 'pekándió', 'g', '2022-05-02 19:06:32', '2022-05-02 19:06:32'),
(230, 'pekándió', 'dkg', '2022-05-02 19:06:32', '2022-05-02 19:06:32'),
(231, 'pekándió', 'kg', '2022-05-02 19:06:32', '2022-05-02 19:06:32'),
(232, 'sótlan pisztácia', 'g', '2022-05-02 19:06:32', '2022-05-02 19:06:32'),
(233, 'sótlan pisztácia', 'dkg', '2022-05-02 19:06:32', '2022-05-02 19:06:32'),
(234, 'sótlan pisztácia', 'kg', '2022-05-02 19:06:32', '2022-05-02 19:06:32'),
(235, 'zöld mandula', 'g', '2022-05-02 19:06:32', '2022-05-02 19:06:32'),
(236, 'zöld mandula', 'dkg', '2022-05-02 19:06:32', '2022-05-02 19:06:32'),
(237, 'zöld mandula', 'kg', '2022-05-02 19:06:32', '2022-05-02 19:06:32'),
(238, 'sózott törökmogyoró', 'g', '2022-05-02 19:06:32', '2022-05-02 19:06:32'),
(239, 'sózott törökmogyoró', 'dkg', '2022-05-02 19:06:32', '2022-05-02 19:06:32'),
(240, 'sózott törökmogyoró', 'kg', '2022-05-02 19:06:32', '2022-05-02 19:06:32'),
(241, 'citrom', 'db', '2022-05-02 19:06:32', '2022-05-02 19:06:32'),
(242, 'citrom', 'dkg', '2022-05-02 19:06:32', '2022-05-02 19:06:32'),
(243, 'citrom', 'kg', '2022-05-02 19:06:33', '2022-05-02 19:06:33'),
(244, 'mangó', 'db', '2022-05-02 19:06:33', '2022-05-02 19:06:33'),
(245, 'mangó', 'dkg', '2022-05-02 19:06:33', '2022-05-02 19:06:33'),
(246, 'mangó', 'kg', '2022-05-02 19:06:33', '2022-05-02 19:06:33'),
(247, 'grépfrút', 'db', '2022-05-02 19:06:33', '2022-05-02 19:06:33'),
(248, 'grépfrút', 'dkg', '2022-05-02 19:06:33', '2022-05-02 19:06:33'),
(249, 'grépfrút', 'kg', '2022-05-02 19:06:33', '2022-05-02 19:06:33'),
(250, 'narancs', 'db', '2022-05-02 19:06:33', '2022-05-02 19:06:33'),
(251, 'narancs', 'dkg', '2022-05-02 19:06:34', '2022-05-02 19:06:34'),
(252, 'narancs', 'kg', '2022-05-02 19:06:34', '2022-05-02 19:06:34'),
(253, 'lime', 'db', '2022-05-02 19:06:34', '2022-05-02 19:06:34'),
(254, 'lime', 'dkg', '2022-05-02 19:06:34', '2022-05-02 19:06:34'),
(255, 'lime', 'kg', '2022-05-02 19:06:34', '2022-05-02 19:06:34'),
(256, 'banán', 'db', '2022-05-02 19:06:35', '2022-05-02 19:06:35'),
(257, 'banán', 'dkg', '2022-05-02 19:06:35', '2022-05-02 19:06:35'),
(258, 'banán', 'kg', '2022-05-02 19:06:35', '2022-05-02 19:06:35'),
(259, 'gránátalma', 'db', '2022-05-02 19:06:36', '2022-05-02 19:06:36'),
(260, 'gránátalma', 'dkg', '2022-05-02 19:06:36', '2022-05-02 19:06:36'),
(261, 'gránátalma', 'kg', '2022-05-02 19:06:36', '2022-05-02 19:06:36'),
(262, 'ananász', 'db', '2022-05-02 19:06:36', '2022-05-02 19:06:36'),
(263, 'ananász', 'dkg', '2022-05-02 19:06:36', '2022-05-02 19:06:36'),
(264, 'ananász', 'kg', '2022-05-02 19:06:36', '2022-05-02 19:06:36'),
(265, 'kivi', 'db', '2022-05-02 19:06:37', '2022-05-02 19:06:37'),
(266, 'kivi', 'dkg', '2022-05-02 19:06:37', '2022-05-02 19:06:37'),
(267, 'kivi', 'kg', '2022-05-02 19:06:37', '2022-05-02 19:06:37'),
(268, 'avokádó', 'db', '2022-05-02 19:06:37', '2022-05-02 19:06:37'),
(269, 'avokádó', 'dkg', '2022-05-02 19:06:37', '2022-05-02 19:06:37'),
(270, 'avokádó', 'kg', '2022-05-02 19:06:37', '2022-05-02 19:06:37'),
(271, 'füge', 'db', '2022-05-02 19:06:37', '2022-05-02 19:06:37'),
(272, 'füge', 'dkg', '2022-05-02 19:06:37', '2022-05-02 19:06:37'),
(273, 'füge', 'kg', '2022-05-02 19:06:37', '2022-05-02 19:06:37'),
(274, 'kókusz', 'db', '2022-05-02 19:06:37', '2022-05-02 19:06:37'),
(275, 'kókusz', 'dkg', '2022-05-02 19:06:37', '2022-05-02 19:06:37'),
(276, 'kókusz', 'kg', '2022-05-02 19:06:37', '2022-05-02 19:06:37'),
(277, 'datolya', 'db', '2022-05-02 19:06:37', '2022-05-02 19:06:37'),
(278, 'datolya', 'dkg', '2022-05-02 19:06:37', '2022-05-02 19:06:37'),
(279, 'datolya', 'kg', '2022-05-02 19:06:37', '2022-05-02 19:06:37'),
(280, 'pomelo', 'db', '2022-05-02 19:06:37', '2022-05-02 19:06:37'),
(281, 'pomelo', 'dkg', '2022-05-02 19:06:37', '2022-05-02 19:06:37'),
(282, 'pomelo', 'kg', '2022-05-02 19:06:37', '2022-05-02 19:06:37'),
(283, 'kumquat', 'db', '2022-05-02 19:06:38', '2022-05-02 19:06:38'),
(284, 'kumquat', 'dkg', '2022-05-02 19:06:38', '2022-05-02 19:06:38'),
(285, 'kumquat', 'kg', '2022-05-02 19:06:38', '2022-05-02 19:06:38'),
(286, 'mandarin', 'db', '2022-05-02 19:06:38', '2022-05-02 19:06:38'),
(287, 'mandarin', 'dkg', '2022-05-02 19:06:38', '2022-05-02 19:06:38'),
(288, 'mandarin', 'kg', '2022-05-02 19:06:38', '2022-05-02 19:06:38'),
(289, 'vérnarancs', 'db', '2022-05-02 19:06:38', '2022-05-02 19:06:38'),
(290, 'vérnarancs', 'dkg', '2022-05-02 19:06:38', '2022-05-02 19:06:38'),
(291, 'vérnarancs', 'kg', '2022-05-02 19:06:38', '2022-05-02 19:06:38'),
(292, 'áfonya', 'g', '2022-05-02 19:06:38', '2022-05-02 19:06:38'),
(293, 'áfonya', 'dkg', '2022-05-02 19:06:38', '2022-05-02 19:06:38'),
(294, 'áfonya', 'kg', '2022-05-02 19:06:38', '2022-05-02 19:06:38'),
(295, 'tőzegáfonya', 'g', '2022-05-02 19:06:38', '2022-05-02 19:06:38'),
(296, 'tőzegáfonya', 'dkg', '2022-05-02 19:06:38', '2022-05-02 19:06:38'),
(297, 'tőzegáfonya', 'kg', '2022-05-02 19:06:38', '2022-05-02 19:06:38'),
(298, 'szeder', 'g', '2022-05-02 19:06:38', '2022-05-02 19:06:38'),
(299, 'szeder', 'dkg', '2022-05-02 19:06:38', '2022-05-02 19:06:38'),
(300, 'szeder', 'kg', '2022-05-02 19:06:38', '2022-05-02 19:06:38'),
(301, 'piros ribizli', 'g', '2022-05-02 19:06:39', '2022-05-02 19:06:39'),
(302, 'piros ribizli', 'dkg', '2022-05-02 19:06:39', '2022-05-02 19:06:39'),
(303, 'piros ribizli', 'kg', '2022-05-02 19:06:39', '2022-05-02 19:06:39'),
(304, 'málna', 'g', '2022-05-02 19:06:39', '2022-05-02 19:06:39'),
(305, 'málna', 'dkg', '2022-05-02 19:06:39', '2022-05-02 19:06:39'),
(306, 'málna', 'kg', '2022-05-02 19:06:39', '2022-05-02 19:06:39'),
(307, 'feketeribizli', 'g', '2022-05-02 19:06:39', '2022-05-02 19:06:39'),
(308, 'feketeribizli', 'dkg', '2022-05-02 19:06:39', '2022-05-02 19:06:39'),
(309, 'feketeribizli', 'kg', '2022-05-02 19:06:39', '2022-05-02 19:06:39'),
(310, 'szőlő', 'g', '2022-05-02 19:06:39', '2022-05-02 19:06:39'),
(311, 'szőlő', 'dkg', '2022-05-02 19:06:39', '2022-05-02 19:06:39'),
(312, 'szőlő', 'kg', '2022-05-02 19:06:39', '2022-05-02 19:06:39'),
(313, 'egres', 'g', '2022-05-02 19:06:39', '2022-05-02 19:06:39'),
(314, 'egres', 'dkg', '2022-05-02 19:06:39', '2022-05-02 19:06:39'),
(315, 'egres', 'kg', '2022-05-02 19:06:39', '2022-05-02 19:06:39'),
(316, 'kékszőlő', 'g', '2022-05-02 19:06:39', '2022-05-02 19:06:39'),
(317, 'kékszőlő', 'dkg', '2022-05-02 19:06:39', '2022-05-02 19:06:39'),
(318, 'kékszőlő', 'kg', '2022-05-02 19:06:39', '2022-05-02 19:06:39'),
(319, 'bodzabogyó', 'g', '2022-05-02 19:06:39', '2022-05-02 19:06:39'),
(320, 'bodzabogyó', 'dkg', '2022-05-02 19:06:39', '2022-05-02 19:06:39'),
(321, 'bodzabogyó', 'kg', '2022-05-02 19:06:39', '2022-05-02 19:06:39'),
(322, 'vörösáfonya', 'g', '2022-05-02 19:06:39', '2022-05-02 19:06:39'),
(323, 'vörösáfonya', 'dkg', '2022-05-02 19:06:39', '2022-05-02 19:06:39'),
(324, 'vörösáfonya', 'kg', '2022-05-02 19:06:40', '2022-05-02 19:06:40'),
(325, 'fekete áfonya', 'g', '2022-05-02 19:06:40', '2022-05-02 19:06:40'),
(326, 'fekete áfonya', 'dkg', '2022-05-02 19:06:40', '2022-05-02 19:06:40'),
(327, 'fekete áfonya', 'kg', '2022-05-02 19:06:40', '2022-05-02 19:06:40'),
(328, 'som', 'g', '2022-05-02 19:06:40', '2022-05-02 19:06:40'),
(329, 'som', 'dkg', '2022-05-02 19:06:40', '2022-05-02 19:06:40'),
(330, 'som', 'kg', '2022-05-02 19:06:40', '2022-05-02 19:06:40'),
(331, 'szamóca', 'g', '2022-05-02 19:06:40', '2022-05-02 19:06:40'),
(332, 'szamóca', 'dkg', '2022-05-02 19:06:40', '2022-05-02 19:06:40'),
(333, 'szamóca', 'kg', '2022-05-02 19:06:40', '2022-05-02 19:06:40'),
(334, 'őszibarack', 'db', '2022-05-02 19:06:40', '2022-05-02 19:06:40'),
(335, 'őszibarack', 'g', '2022-05-02 19:06:40', '2022-05-02 19:06:40'),
(336, 'őszibarack', 'dkg', '2022-05-02 19:06:40', '2022-05-02 19:06:40'),
(337, 'őszibarack', 'kg', '2022-05-02 19:06:40', '2022-05-02 19:06:40'),
(338, 'sárgabarack', 'db', '2022-05-02 19:06:40', '2022-05-02 19:06:40'),
(339, 'sárgabarack', 'g', '2022-05-02 19:06:40', '2022-05-02 19:06:40'),
(340, 'sárgabarack', 'dkg', '2022-05-02 19:06:40', '2022-05-02 19:06:40'),
(341, 'sárgabarack', 'kg', '2022-05-02 19:06:40', '2022-05-02 19:06:40'),
(342, 'meggy', 'g', '2022-05-02 19:06:40', '2022-05-02 19:06:40'),
(343, 'meggy', 'dkg', '2022-05-02 19:06:40', '2022-05-02 19:06:40'),
(344, 'meggy', 'kg', '2022-05-02 19:06:41', '2022-05-02 19:06:41'),
(345, 'szilva', 'g', '2022-05-02 19:06:41', '2022-05-02 19:06:41'),
(346, 'szilva', 'dkg', '2022-05-02 19:06:41', '2022-05-02 19:06:41'),
(347, 'szilva', 'kg', '2022-05-02 19:06:41', '2022-05-02 19:06:41'),
(348, 'cseresznye', 'g', '2022-05-02 19:06:41', '2022-05-02 19:06:41'),
(349, 'cseresznye', 'dkg', '2022-05-02 19:06:41', '2022-05-02 19:06:41'),
(350, 'cseresznye', 'kg', '2022-05-02 19:06:41', '2022-05-02 19:06:41'),
(351, 'nektarin', 'db', '2022-05-02 19:06:41', '2022-05-02 19:06:41'),
(352, 'nektarin', 'g', '2022-05-02 19:06:41', '2022-05-02 19:06:41'),
(353, 'nektarin', 'dkg', '2022-05-02 19:06:41', '2022-05-02 19:06:41'),
(354, 'nektarin', 'kg', '2022-05-02 19:06:41', '2022-05-02 19:06:41'),
(355, 'japánszilva', 'db', '2022-05-02 19:06:41', '2022-05-02 19:06:41'),
(356, 'japánszilva', 'g', '2022-05-02 19:06:41', '2022-05-02 19:06:41'),
(357, 'japánszilva', 'dkg', '2022-05-02 19:06:41', '2022-05-02 19:06:41'),
(358, 'japánszilva', 'kg', '2022-05-02 19:06:41', '2022-05-02 19:06:41'),
(359, 'ringlószilva', 'g', '2022-05-02 19:06:41', '2022-05-02 19:06:41'),
(360, 'ringlószilva', 'dkg', '2022-05-02 19:06:42', '2022-05-02 19:06:42'),
(361, 'ringlószilva', 'kg', '2022-05-02 19:06:42', '2022-05-02 19:06:42'),
(362, 'cigánymeggy', 'g', '2022-05-02 19:06:42', '2022-05-02 19:06:42'),
(363, 'cigánymeggy', 'dkg', '2022-05-02 19:06:42', '2022-05-02 19:06:42'),
(364, 'cigánymeggy', 'kg', '2022-05-02 19:06:42', '2022-05-02 19:06:42'),
(365, 'shiitake gomba', 'g', '2022-05-02 19:06:42', '2022-05-02 19:06:42'),
(366, 'shiitake gomba', 'dkg', '2022-05-02 19:06:42', '2022-05-02 19:06:42'),
(367, 'shiitake gomba', 'kg', '2022-05-02 19:06:42', '2022-05-02 19:06:42'),
(368, 'savanyított gomba', 'g', '2022-05-02 19:06:42', '2022-05-02 19:06:42'),
(369, 'savanyított gomba', 'dkg', '2022-05-02 19:06:42', '2022-05-02 19:06:42'),
(370, 'savanyított gomba', 'kg', '2022-05-02 19:06:42', '2022-05-02 19:06:42'),
(371, 'fafülgomba', 'g', '2022-05-02 19:06:42', '2022-05-02 19:06:42'),
(372, 'fafülgomba', 'dkg', '2022-05-02 19:06:43', '2022-05-02 19:06:43'),
(373, 'fafülgomba', 'kg', '2022-05-02 19:06:43', '2022-05-02 19:06:43'),
(374, 'vargánya gomba', 'g', '2022-05-02 19:06:44', '2022-05-02 19:06:44'),
(375, 'vargánya gomba', 'dkg', '2022-05-02 19:06:44', '2022-05-02 19:06:44'),
(376, 'vargánya gomba', 'kg', '2022-05-02 19:06:44', '2022-05-02 19:06:44'),
(377, 'gomba', 'g', '2022-05-02 19:06:44', '2022-05-02 19:06:44'),
(378, 'gomba', 'dkg', '2022-05-02 19:06:44', '2022-05-02 19:06:44'),
(379, 'gomba', 'kg', '2022-05-02 19:06:44', '2022-05-02 19:06:44'),
(380, 'kucsmagomba', 'g', '2022-05-02 19:06:44', '2022-05-02 19:06:44'),
(381, 'kucsmagomba', 'dkg', '2022-05-02 19:06:44', '2022-05-02 19:06:44'),
(382, 'kucsmagomba', 'kg', '2022-05-02 19:06:44', '2022-05-02 19:06:44'),
(383, 'rókagomba', 'g', '2022-05-02 19:06:44', '2022-05-02 19:06:44'),
(384, 'rókagomba', 'dkg', '2022-05-02 19:06:44', '2022-05-02 19:06:44'),
(385, 'rókagomba', 'kg', '2022-05-02 19:06:44', '2022-05-02 19:06:44'),
(386, 'laskagomba', 'g', '2022-05-02 19:06:44', '2022-05-02 19:06:44'),
(387, 'laskagomba', 'dkg', '2022-05-02 19:06:44', '2022-05-02 19:06:44'),
(388, 'laskagomba', 'kg', '2022-05-02 19:06:44', '2022-05-02 19:06:44'),
(389, 'szarvasgomba', 'g', '2022-05-02 19:06:44', '2022-05-02 19:06:44'),
(390, 'szarvasgomba', 'dkg', '2022-05-02 19:06:45', '2022-05-02 19:06:45'),
(391, 'szarvasgomba', 'kg', '2022-05-02 19:06:45', '2022-05-02 19:06:45'),
(392, 'csiperkegomba', 'g', '2022-05-02 19:06:45', '2022-05-02 19:06:45'),
(393, 'csiperkegomba', 'dkg', '2022-05-02 19:06:45', '2022-05-02 19:06:45'),
(394, 'csiperkegomba', 'kg', '2022-05-02 19:06:45', '2022-05-02 19:06:45'),
(395, 'portobello gomba', 'g', '2022-05-02 19:06:45', '2022-05-02 19:06:45'),
(396, 'portobello gomba', 'dkg', '2022-05-02 19:06:45', '2022-05-02 19:06:45'),
(397, 'portobello gomba', 'kg', '2022-05-02 19:06:45', '2022-05-02 19:06:45'),
(398, 'galambgomba', 'g', '2022-05-02 19:06:45', '2022-05-02 19:06:45'),
(399, 'galambgomba', 'dkg', '2022-05-02 19:06:46', '2022-05-02 19:06:46'),
(400, 'galambgomba', 'kg', '2022-05-02 19:06:46', '2022-05-02 19:06:46'),
(401, 'sötét trombitagomba', 'g', '2022-05-02 19:06:46', '2022-05-02 19:06:46'),
(402, 'sötét trombitagomba', 'dkg', '2022-05-02 19:06:46', '2022-05-02 19:06:46'),
(403, 'sötét trombitagomba', 'kg', '2022-05-02 19:06:46', '2022-05-02 19:06:46'),
(404, 'szegfűgomba', 'g', '2022-05-02 19:06:46', '2022-05-02 19:06:46'),
(405, 'szegfűgomba', 'dkg', '2022-05-02 19:06:46', '2022-05-02 19:06:46'),
(406, 'szegfűgomba', 'kg', '2022-05-02 19:06:46', '2022-05-02 19:06:46'),
(407, 'fagomba', 'g', '2022-05-02 19:06:46', '2022-05-02 19:06:46'),
(408, 'fagomba', 'dkg', '2022-05-02 19:06:47', '2022-05-02 19:06:47'),
(409, 'fagomba', 'kg', '2022-05-02 19:06:47', '2022-05-02 19:06:47'),
(410, 'májusi pereszke', 'g', '2022-05-02 19:06:47', '2022-05-02 19:06:47'),
(411, 'májusi pereszke', 'dkg', '2022-05-02 19:06:47', '2022-05-02 19:06:47'),
(412, 'májusi pereszke', 'kg', '2022-05-02 19:06:47', '2022-05-02 19:06:47'),
(413, 'fenyőtinoru', 'g', '2022-05-02 19:06:47', '2022-05-02 19:06:47'),
(414, 'fenyőtinoru', 'dkg', '2022-05-02 19:06:47', '2022-05-02 19:06:47'),
(415, 'fenyőtinoru', 'kg', '2022-05-02 19:06:48', '2022-05-02 19:06:48'),
(416, 'gombakonzerv', 'g', '2022-05-02 19:06:48', '2022-05-02 19:06:48'),
(417, 'gombakonzerv', 'dkg', '2022-05-02 19:06:48', '2022-05-02 19:06:48'),
(418, 'gombakonzerv', 'kg', '2022-05-02 19:06:48', '2022-05-02 19:06:48'),
(419, 'szárított gomba', 'g', '2022-05-02 19:06:48', '2022-05-02 19:06:48'),
(420, 'szárított gomba', 'dkg', '2022-05-02 19:06:48', '2022-05-02 19:06:48'),
(421, 'szárított gomba', 'kg', '2022-05-02 19:06:48', '2022-05-02 19:06:48'),
(422, 'bárányhús', 'dkg', '2022-05-02 19:06:48', '2022-05-02 19:06:48'),
(423, 'bárányhús', 'kg', '2022-05-02 19:06:48', '2022-05-02 19:06:48'),
(424, 'báránygerinc', 'dkg', '2022-05-02 19:06:48', '2022-05-02 19:06:48'),
(425, 'báránygerinc', 'kg', '2022-05-02 19:06:48', '2022-05-02 19:06:48'),
(426, 'bárányborda', 'dkg', '2022-05-02 19:06:48', '2022-05-02 19:06:48'),
(427, 'bárányborda', 'kg', '2022-05-02 19:06:48', '2022-05-02 19:06:48'),
(428, 'báránykaraj', 'dkg', '2022-05-02 19:06:48', '2022-05-02 19:06:48'),
(429, 'báránykaraj', 'kg', '2022-05-02 19:06:48', '2022-05-02 19:06:48'),
(430, 'juhhús', 'dkg', '2022-05-02 19:06:48', '2022-05-02 19:06:48'),
(431, 'juhhús', 'kg', '2022-05-02 19:06:48', '2022-05-02 19:06:48'),
(432, 'báránycsülök', 'db', '2022-05-02 19:06:48', '2022-05-02 19:06:48'),
(433, 'báránycsülök', 'dkg', '2022-05-02 19:06:49', '2022-05-02 19:06:49'),
(434, 'báránycsülök', 'kg', '2022-05-02 19:06:49', '2022-05-02 19:06:49'),
(435, 'borjúhús', 'dkg', '2022-05-02 19:06:49', '2022-05-02 19:06:49'),
(436, 'borjúhús', 'kg', '2022-05-02 19:06:49', '2022-05-02 19:06:49'),
(437, 'borjúcomb', 'dkg', '2022-05-02 19:06:49', '2022-05-02 19:06:49'),
(438, 'borjúcomb', 'kg', '2022-05-02 19:06:49', '2022-05-02 19:06:49'),
(439, 'borjúlábszár', 'dkg', '2022-05-02 19:06:49', '2022-05-02 19:06:49'),
(440, 'borjúlábszár', 'kg', '2022-05-02 19:06:49', '2022-05-02 19:06:49'),
(441, 'borjúkaraj', 'dkg', '2022-05-02 19:06:49', '2022-05-02 19:06:49'),
(442, 'borjúkaraj', 'kg', '2022-05-02 19:06:49', '2022-05-02 19:06:49'),
(443, 'borjúmáj', 'dkg', '2022-05-02 19:06:50', '2022-05-02 19:06:50'),
(444, 'borjúmáj', 'kg', '2022-05-02 19:06:50', '2022-05-02 19:06:50'),
(445, 'borjúbríz', 'dkg', '2022-05-02 19:06:50', '2022-05-02 19:06:50'),
(446, 'borjúbríz', 'kg', '2022-05-02 19:06:50', '2022-05-02 19:06:50'),
(447, 'csirke', 'db', '2022-05-02 19:06:50', '2022-05-02 19:06:50'),
(448, 'csirke', 'dkg', '2022-05-02 19:06:50', '2022-05-02 19:06:50'),
(449, 'csirke', 'kg', '2022-05-02 19:06:50', '2022-05-02 19:06:50'),
(450, 'csirkemáj', 'db', '2022-05-02 19:06:50', '2022-05-02 19:06:50'),
(451, 'csirkemáj', 'dkg', '2022-05-02 19:06:50', '2022-05-02 19:06:50'),
(452, 'csirkemáj', 'kg', '2022-05-02 19:06:50', '2022-05-02 19:06:50'),
(453, 'csirkezúza', 'db', '2022-05-02 19:06:51', '2022-05-02 19:06:51'),
(454, 'csirkezúza', 'dkg', '2022-05-02 19:06:51', '2022-05-02 19:06:51'),
(455, 'csirkezúza', 'kg', '2022-05-02 19:06:51', '2022-05-02 19:06:51'),
(456, 'csirkemell (csontos)', 'db', '2022-05-02 19:06:51', '2022-05-02 19:06:51'),
(457, 'csirkemell (csontos)', 'dkg', '2022-05-02 19:06:51', '2022-05-02 19:06:51'),
(458, 'csirkemell (csontos)', 'kg', '2022-05-02 19:06:51', '2022-05-02 19:06:51'),
(459, 'csirkecomb', 'db', '2022-05-02 19:06:51', '2022-05-02 19:06:51'),
(460, 'csirkecomb', 'dkg', '2022-05-02 19:06:51', '2022-05-02 19:06:51'),
(461, 'csirkecomb', 'kg', '2022-05-02 19:06:51', '2022-05-02 19:06:51'),
(462, 'csirkeszárny', 'db', '2022-05-02 19:06:51', '2022-05-02 19:06:51'),
(463, 'csirkeszárny', 'dkg', '2022-05-02 19:06:51', '2022-05-02 19:06:51'),
(464, 'csirkeszárny', 'kg', '2022-05-02 19:06:51', '2022-05-02 19:06:51'),
(465, 'csirke alsócomb', 'db', '2022-05-02 19:06:51', '2022-05-02 19:06:51'),
(466, 'csirke alsócomb', 'dkg', '2022-05-02 19:06:51', '2022-05-02 19:06:51'),
(467, 'csirke alsócomb', 'kg', '2022-05-02 19:06:52', '2022-05-02 19:06:52'),
(468, 'csirke felsőcomb', 'db', '2022-05-02 19:06:52', '2022-05-02 19:06:52'),
(469, 'csirke felsőcomb', 'dkg', '2022-05-02 19:06:52', '2022-05-02 19:06:52'),
(470, 'csirke felsőcomb', 'kg', '2022-05-02 19:06:52', '2022-05-02 19:06:52'),
(471, 'csirkenyak', 'db', '2022-05-02 19:06:53', '2022-05-02 19:06:53'),
(472, 'csirkenyak', 'dkg', '2022-05-02 19:06:53', '2022-05-02 19:06:53'),
(473, 'csirkenyak', 'kg', '2022-05-02 19:06:53', '2022-05-02 19:06:53'),
(474, 'csirkeszív', 'db', '2022-05-02 19:06:53', '2022-05-02 19:06:53'),
(475, 'csirkeszív', 'dkg', '2022-05-02 19:06:54', '2022-05-02 19:06:54'),
(476, 'csirkeszív', 'kg', '2022-05-02 19:06:54', '2022-05-02 19:06:54'),
(477, 'csirkefarhát', 'db', '2022-05-02 19:06:54', '2022-05-02 19:06:54'),
(478, 'csirkefarhát', 'dkg', '2022-05-02 19:06:54', '2022-05-02 19:06:54'),
(479, 'csirkefarhát', 'kg', '2022-05-02 19:06:54', '2022-05-02 19:06:54'),
(480, 'tyúk', 'db', '2022-05-02 19:06:54', '2022-05-02 19:06:54'),
(481, 'tyúk', 'dkg', '2022-05-02 19:06:54', '2022-05-02 19:06:54'),
(482, 'tyúk', 'kg', '2022-05-02 19:06:54', '2022-05-02 19:06:54'),
(483, 'csirkemellfilé', 'db', '2022-05-02 19:06:54', '2022-05-02 19:06:54'),
(484, 'csirkemellfilé', 'dkg', '2022-05-02 19:06:54', '2022-05-02 19:06:54'),
(485, 'csirkemellfilé', 'kg', '2022-05-02 19:06:54', '2022-05-02 19:06:54'),
(486, 'csirkeláb', 'db', '2022-05-02 19:06:54', '2022-05-02 19:06:54'),
(487, 'csirkeláb', 'dkg', '2022-05-02 19:06:54', '2022-05-02 19:06:54'),
(488, 'csirkeláb', 'kg', '2022-05-02 19:06:54', '2022-05-02 19:06:54'),
(489, 'tyúkháj', 'dkg', '2022-05-02 19:06:54', '2022-05-02 19:06:54'),
(490, 'tyúkháj', 'kg', '2022-05-02 19:06:54', '2022-05-02 19:06:54'),
(491, 'gyöngytyúk', 'db', '2022-05-02 19:06:54', '2022-05-02 19:06:54'),
(492, 'gyöngytyúk', 'dkg', '2022-05-02 19:06:54', '2022-05-02 19:06:54'),
(493, 'gyöngytyúk', 'kg', '2022-05-02 19:06:54', '2022-05-02 19:06:54'),
(494, 'csirkeaprólék', 'dkg', '2022-05-02 19:06:54', '2022-05-02 19:06:54'),
(495, 'csirkeaprólék', 'kg', '2022-05-02 19:06:54', '2022-05-02 19:06:54'),
(496, 'csirkebőr', 'dkg', '2022-05-02 19:06:55', '2022-05-02 19:06:55'),
(497, 'csirkebőr', 'kg', '2022-05-02 19:06:55', '2022-05-02 19:06:55'),
(498, 'éticsiga', 'dkg', '2022-05-02 19:06:55', '2022-05-02 19:06:55'),
(499, 'éticsiga', 'kg', '2022-05-02 19:06:55', '2022-05-02 19:06:55'),
(500, 'galambmáj', 'dkg', '2022-05-02 19:06:56', '2022-05-02 19:06:56'),
(501, 'galambmáj', 'kg', '2022-05-02 19:06:56', '2022-05-02 19:06:56'),
(502, 'kakas', 'db', '2022-05-02 19:06:56', '2022-05-02 19:06:56'),
(503, 'kakas', 'dkg', '2022-05-02 19:06:56', '2022-05-02 19:06:56'),
(504, 'kakas', 'kg', '2022-05-02 19:06:56', '2022-05-02 19:06:56'),
(505, 'galamb', 'db', '2022-05-02 19:06:56', '2022-05-02 19:06:56'),
(506, 'galamb', 'dkg', '2022-05-02 19:06:57', '2022-05-02 19:06:57'),
(507, 'galamb', 'kg', '2022-05-02 19:06:57', '2022-05-02 19:06:57'),
(508, 'levescsont', 'dkg', '2022-05-02 19:06:57', '2022-05-02 19:06:57'),
(509, 'levescsont', 'kg', '2022-05-02 19:06:57', '2022-05-02 19:06:57'),
(510, 'muflon', 'dkg', '2022-05-02 19:06:57', '2022-05-02 19:06:57'),
(511, 'muflon', 'kg', '2022-05-02 19:06:57', '2022-05-02 19:06:57'),
(512, 'sült szöcske', 'dkg', '2022-05-02 19:06:57', '2022-05-02 19:06:57'),
(513, 'sült szöcske', 'kg', '2022-05-02 19:06:57', '2022-05-02 19:06:57'),
(514, 'kenguruhús', 'dkg', '2022-05-02 19:06:57', '2022-05-02 19:06:57'),
(515, 'kenguruhús', 'kg', '2022-05-02 19:06:57', '2022-05-02 19:06:57'),
(516, 'kacsahús', 'dkg', '2022-05-02 19:06:57', '2022-05-02 19:06:57'),
(517, 'kacsahús', 'kg', '2022-05-02 19:06:57', '2022-05-02 19:06:57'),
(518, 'kacsamáj', 'db', '2022-05-02 19:06:58', '2022-05-02 19:06:58'),
(519, 'kacsamáj', 'dkg', '2022-05-02 19:06:58', '2022-05-02 19:06:58'),
(520, 'kacsamáj', 'kg', '2022-05-02 19:06:58', '2022-05-02 19:06:58'),
(521, 'kacsamell', 'db', '2022-05-02 19:06:58', '2022-05-02 19:06:58'),
(522, 'kacsamell', 'dkg', '2022-05-02 19:06:58', '2022-05-02 19:06:58'),
(523, 'kacsamell', 'kg', '2022-05-02 19:06:58', '2022-05-02 19:06:58'),
(524, 'kacsacomb', 'db', '2022-05-02 19:06:58', '2022-05-02 19:06:58'),
(525, 'kacsacomb', 'dkg', '2022-05-02 19:06:58', '2022-05-02 19:06:58'),
(526, 'kacsacomb', 'kg', '2022-05-02 19:06:58', '2022-05-02 19:06:58'),
(527, 'kacsazúza', 'dkg', '2022-05-02 19:06:58', '2022-05-02 19:06:58'),
(528, 'kacsazúza', 'kg', '2022-05-02 19:06:58', '2022-05-02 19:06:58'),
(529, 'vadkacsamell', 'db', '2022-05-02 19:06:58', '2022-05-02 19:06:58'),
(530, 'vadkacsamell', 'dkg', '2022-05-02 19:06:58', '2022-05-02 19:06:58'),
(531, 'vadkacsamell', 'kg', '2022-05-02 19:06:58', '2022-05-02 19:06:58'),
(532, 'némakacsa', 'db', '2022-05-02 19:06:59', '2022-05-02 19:06:59'),
(533, 'némakacsa', 'dkg', '2022-05-02 19:06:59', '2022-05-02 19:06:59'),
(534, 'némakacsa', 'kg', '2022-05-02 19:06:59', '2022-05-02 19:06:59'),
(535, 'némakacsa melle', 'db', '2022-05-02 19:06:59', '2022-05-02 19:06:59'),
(536, 'némakacsa melle', 'dkg', '2022-05-02 19:06:59', '2022-05-02 19:06:59'),
(537, 'némakacsa melle', 'kg', '2022-05-02 19:06:59', '2022-05-02 19:06:59'),
(538, 'kacsaaprólék', 'dkg', '2022-05-02 19:06:59', '2022-05-02 19:06:59'),
(539, 'kacsaaprólék', 'kg', '2022-05-02 19:06:59', '2022-05-02 19:06:59'),
(540, 'kecskehús', 'dkg', '2022-05-02 19:06:59', '2022-05-02 19:06:59'),
(541, 'kecskehús', 'kg', '2022-05-02 19:06:59', '2022-05-02 19:06:59'),
(542, 'libahús', 'dkg', '2022-05-02 19:06:59', '2022-05-02 19:06:59'),
(543, 'libahús', 'kg', '2022-05-02 19:06:59', '2022-05-02 19:06:59'),
(544, 'libamáj', 'db', '2022-05-02 19:06:59', '2022-05-02 19:06:59'),
(545, 'libamáj', 'dkg', '2022-05-02 19:06:59', '2022-05-02 19:06:59'),
(546, 'libamáj', 'kg', '2022-05-02 19:07:00', '2022-05-02 19:07:00'),
(547, 'libamell', 'db', '2022-05-02 19:07:00', '2022-05-02 19:07:00'),
(548, 'libamell', 'dkg', '2022-05-02 19:07:00', '2022-05-02 19:07:00'),
(549, 'libamell', 'kg', '2022-05-02 19:07:00', '2022-05-02 19:07:00'),
(550, 'libacomb', 'db', '2022-05-02 19:07:00', '2022-05-02 19:07:00'),
(551, 'libacomb', 'dkg', '2022-05-02 19:07:00', '2022-05-02 19:07:00'),
(552, 'libacomb', 'kg', '2022-05-02 19:07:00', '2022-05-02 19:07:00'),
(553, 'libaszív', 'db', '2022-05-02 19:07:00', '2022-05-02 19:07:00'),
(554, 'libaszív', 'dkg', '2022-05-02 19:07:00', '2022-05-02 19:07:00'),
(555, 'libaszív', 'kg', '2022-05-02 19:07:00', '2022-05-02 19:07:00'),
(556, 'libanyak bőr', 'dkg', '2022-05-02 19:07:00', '2022-05-02 19:07:00'),
(557, 'libanyak bőr', 'kg', '2022-05-02 19:07:00', '2022-05-02 19:07:00'),
(558, 'libaaprólék', 'dkg', '2022-05-02 19:07:00', '2022-05-02 19:07:00'),
(559, 'libaaprólék', 'kg', '2022-05-02 19:07:00', '2022-05-02 19:07:00'),
(560, 'füstölt libamell', 'db', '2022-05-02 19:07:00', '2022-05-02 19:07:00'),
(561, 'füstölt libamell', 'dkg', '2022-05-02 19:07:00', '2022-05-02 19:07:00'),
(562, 'füstölt libamell', 'kg', '2022-05-02 19:07:00', '2022-05-02 19:07:00'),
(563, 'mangalica hús', 'dkg', '2022-05-02 19:07:00', '2022-05-02 19:07:00'),
(564, 'mangalica hús', 'kg', '2022-05-02 19:07:01', '2022-05-02 19:07:01'),
(565, 'mangalicaszűz', 'dkg', '2022-05-02 19:07:01', '2022-05-02 19:07:01'),
(566, 'mangalicaszűz', 'kg', '2022-05-02 19:07:01', '2022-05-02 19:07:01'),
(567, 'mangalicatarja', 'dkg', '2022-05-02 19:07:01', '2022-05-02 19:07:01'),
(568, 'mangalicatarja', 'kg', '2022-05-02 19:07:02', '2022-05-02 19:07:02'),
(569, 'marhahús', 'dkg', '2022-05-02 19:07:02', '2022-05-02 19:07:02'),
(570, 'marhahús', 'kg', '2022-05-02 19:07:02', '2022-05-02 19:07:02'),
(571, 'pacal', 'dkg', '2022-05-02 19:07:02', '2022-05-02 19:07:02'),
(572, 'pacal', 'kg', '2022-05-02 19:07:02', '2022-05-02 19:07:02'),
(573, 'darált marhahús', 'dkg', '2022-05-02 19:07:02', '2022-05-02 19:07:02'),
(574, 'darált marhahús', 'kg', '2022-05-02 19:07:02', '2022-05-02 19:07:02'),
(575, 'marharostélyos', 'dkg', '2022-05-02 19:07:02', '2022-05-02 19:07:02'),
(576, 'marharostélyos', 'kg', '2022-05-02 19:07:02', '2022-05-02 19:07:02'),
(577, 'marhabélszín', 'dkg', '2022-05-02 19:07:02', '2022-05-02 19:07:02'),
(578, 'marhabélszín', 'kg', '2022-05-02 19:07:02', '2022-05-02 19:07:02'),
(579, 'marhalapocka', 'dkg', '2022-05-02 19:07:03', '2022-05-02 19:07:03'),
(580, 'marhalapocka', 'kg', '2022-05-02 19:07:03', '2022-05-02 19:07:03'),
(581, 'marhalábszár', 'dkg', '2022-05-02 19:07:03', '2022-05-02 19:07:03'),
(582, 'marhalábszár', 'kg', '2022-05-02 19:07:03', '2022-05-02 19:07:03'),
(583, 'marhacomb', 'dkg', '2022-05-02 19:07:03', '2022-05-02 19:07:03'),
(584, 'marhacomb', 'kg', '2022-05-02 19:07:03', '2022-05-02 19:07:03'),
(585, 'marhacsont', 'dkg', '2022-05-02 19:07:03', '2022-05-02 19:07:03'),
(586, 'marhacsont', 'kg', '2022-05-02 19:07:03', '2022-05-02 19:07:03'),
(587, 'marhafartő', 'dkg', '2022-05-02 19:07:03', '2022-05-02 19:07:03'),
(588, 'marhafartő', 'kg', '2022-05-02 19:07:03', '2022-05-02 19:07:03'),
(589, 'fehérpecsenye', 'dkg', '2022-05-02 19:07:04', '2022-05-02 19:07:04'),
(590, 'fehérpecsenye', 'kg', '2022-05-02 19:07:04', '2022-05-02 19:07:04'),
(591, 'marha velőscsont', 'dkg', '2022-05-02 19:07:05', '2022-05-02 19:07:05'),
(592, 'marha velőscsont', 'kg', '2022-05-02 19:07:05', '2022-05-02 19:07:05'),
(593, 'marha hátszín', 'dkg', '2022-05-02 19:07:05', '2022-05-02 19:07:05'),
(594, 'marha hátszín', 'kg', '2022-05-02 19:07:05', '2022-05-02 19:07:05'),
(595, 'marhafarok', 'dkg', '2022-05-02 19:07:05', '2022-05-02 19:07:05'),
(596, 'marhafarok', 'kg', '2022-05-02 19:07:05', '2022-05-02 19:07:05'),
(597, 'marhamáj', 'dkg', '2022-05-02 19:07:05', '2022-05-02 19:07:05'),
(598, 'marhamáj', 'kg', '2022-05-02 19:07:05', '2022-05-02 19:07:05'),
(599, 'marhavelő', 'dkg', '2022-05-02 19:07:05', '2022-05-02 19:07:05'),
(600, 'marhavelő', 'kg', '2022-05-02 19:07:05', '2022-05-02 19:07:05'),
(601, 'marhafelsál', 'dkg', '2022-05-02 19:07:05', '2022-05-02 19:07:05'),
(602, 'marhafelsál', 'kg', '2022-05-02 19:07:05', '2022-05-02 19:07:05'),
(603, 'marhanyelv', 'dkg', '2022-05-02 19:07:05', '2022-05-02 19:07:05'),
(604, 'marhanyelv', 'kg', '2022-05-02 19:07:05', '2022-05-02 19:07:05'),
(605, 'marhanyak', 'dkg', '2022-05-02 19:07:05', '2022-05-02 19:07:05'),
(606, 'marhanyak', 'kg', '2022-05-02 19:07:05', '2022-05-02 19:07:05'),
(607, 'marhafaggyú', 'dkg', '2022-05-02 19:07:05', '2022-05-02 19:07:05'),
(608, 'marhafaggyú', 'kg', '2022-05-02 19:07:05', '2022-05-02 19:07:05'),
(609, 'nyúlhús', 'dkg', '2022-05-02 19:07:05', '2022-05-02 19:07:05'),
(610, 'nyúlhús', 'kg', '2022-05-02 19:07:05', '2022-05-02 19:07:05'),
(611, 'nyúlcomb', 'db', '2022-05-02 19:07:05', '2022-05-02 19:07:05'),
(612, 'nyúlcomb', 'dkg', '2022-05-02 19:07:05', '2022-05-02 19:07:05'),
(613, 'nyúlcomb', 'kg', '2022-05-02 19:07:05', '2022-05-02 19:07:05'),
(614, 'nyúlmáj', 'dkg', '2022-05-02 19:07:05', '2022-05-02 19:07:05'),
(615, 'nyúlmáj', 'kg', '2022-05-02 19:07:05', '2022-05-02 19:07:05'),
(616, 'pulykahús', 'dkg', '2022-05-02 19:07:06', '2022-05-02 19:07:06'),
(617, 'pulykahús', 'kg', '2022-05-02 19:07:06', '2022-05-02 19:07:06'),
(618, 'pulykamáj', 'db', '2022-05-02 19:07:06', '2022-05-02 19:07:06'),
(619, 'pulykamáj', 'dkg', '2022-05-02 19:07:06', '2022-05-02 19:07:06'),
(620, 'pulykamáj', 'kg', '2022-05-02 19:07:06', '2022-05-02 19:07:06'),
(621, 'darált pulykahús', 'dkg', '2022-05-02 19:07:06', '2022-05-02 19:07:06'),
(622, 'darált pulykahús', 'kg', '2022-05-02 19:07:06', '2022-05-02 19:07:06'),
(623, 'pulykamell', 'db', '2022-05-02 19:07:07', '2022-05-02 19:07:07'),
(624, 'pulykamell', 'dkg', '2022-05-02 19:07:07', '2022-05-02 19:07:07'),
(625, 'pulykamell', 'kg', '2022-05-02 19:07:07', '2022-05-02 19:07:07'),
(626, 'pulykacomb', 'db', '2022-05-02 19:07:07', '2022-05-02 19:07:07'),
(627, 'pulykacomb', 'dkg', '2022-05-02 19:07:07', '2022-05-02 19:07:07'),
(628, 'pulykacomb', 'kg', '2022-05-02 19:07:07', '2022-05-02 19:07:07'),
(629, 'pulykafelsőcomb', 'db', '2022-05-02 19:07:07', '2022-05-02 19:07:07'),
(630, 'pulykafelsőcomb', 'dkg', '2022-05-02 19:07:07', '2022-05-02 19:07:07'),
(631, 'pulykafelsőcomb', 'kg', '2022-05-02 19:07:07', '2022-05-02 19:07:07'),
(632, 'pulykazúza', 'dkg', '2022-05-02 19:07:07', '2022-05-02 19:07:07'),
(633, 'pulykazúza', 'kg', '2022-05-02 19:07:07', '2022-05-02 19:07:07'),
(634, 'pulykahere', 'dkg', '2022-05-02 19:07:08', '2022-05-02 19:07:08'),
(635, 'pulykahere', 'kg', '2022-05-02 19:07:08', '2022-05-02 19:07:08'),
(636, 'bébipulyka', 'db', '2022-05-02 19:07:08', '2022-05-02 19:07:08'),
(637, 'bébipulyka', 'dkg', '2022-05-02 19:07:08', '2022-05-02 19:07:08'),
(638, 'bébipulyka', 'kg', '2022-05-02 19:07:08', '2022-05-02 19:07:08'),
(639, 'pulykanyak', 'db', '2022-05-02 19:07:08', '2022-05-02 19:07:08'),
(640, 'pulykanyak', 'dkg', '2022-05-02 19:07:08', '2022-05-02 19:07:08'),
(641, 'pulykanyak', 'kg', '2022-05-02 19:07:08', '2022-05-02 19:07:08'),
(642, 'sertéshús', 'dkg', '2022-05-02 19:07:08', '2022-05-02 19:07:08'),
(643, 'sertéshús', 'kg', '2022-05-02 19:07:08', '2022-05-02 19:07:08'),
(644, 'sertésmáj', 'dkg', '2022-05-02 19:07:08', '2022-05-02 19:07:08'),
(645, 'sertésmáj', 'kg', '2022-05-02 19:07:09', '2022-05-02 19:07:09'),
(646, 'sertésháj', 'dkg', '2022-05-02 19:07:09', '2022-05-02 19:07:09'),
(647, 'sertésháj', 'kg', '2022-05-02 19:07:09', '2022-05-02 19:07:09'),
(648, 'sertéscomb', 'dkg', '2022-05-02 19:07:09', '2022-05-02 19:07:09'),
(649, 'sertéscomb', 'kg', '2022-05-02 19:07:09', '2022-05-02 19:07:09'),
(650, 'sertésdagadó', 'dkg', '2022-05-02 19:07:09', '2022-05-02 19:07:09'),
(651, 'sertésdagadó', 'kg', '2022-05-02 19:07:09', '2022-05-02 19:07:09'),
(652, 'csontos sertéskaraj', 'dkg', '2022-05-02 19:07:09', '2022-05-02 19:07:09'),
(653, 'csontos sertéskaraj', 'kg', '2022-05-02 19:07:09', '2022-05-02 19:07:09'),
(654, 'darált sertéshús', 'dkg', '2022-05-02 19:07:09', '2022-05-02 19:07:09'),
(655, 'darált sertéshús', 'kg', '2022-05-02 19:07:09', '2022-05-02 19:07:09'),
(656, 'sertés rövidkaraj', 'dkg', '2022-05-02 19:07:09', '2022-05-02 19:07:09'),
(657, 'sertés rövidkaraj', 'kg', '2022-05-02 19:07:09', '2022-05-02 19:07:09'),
(658, 'sertés karajcsont', 'dkg', '2022-05-02 19:07:09', '2022-05-02 19:07:09'),
(659, 'sertés karajcsont', 'kg', '2022-05-02 19:07:09', '2022-05-02 19:07:09'),
(660, 'sertés szűzpecsenye', 'dkg', '2022-05-02 19:07:09', '2022-05-02 19:07:09'),
(661, 'sertés szűzpecsenye', 'kg', '2022-05-02 19:07:09', '2022-05-02 19:07:09'),
(662, 'sertésoldalas', 'dkg', '2022-05-02 19:07:09', '2022-05-02 19:07:09'),
(663, 'sertésoldalas', 'kg', '2022-05-02 19:07:09', '2022-05-02 19:07:09'),
(664, 'sertéstarja', 'dkg', '2022-05-02 19:07:09', '2022-05-02 19:07:09'),
(665, 'sertéstarja', 'kg', '2022-05-02 19:07:09', '2022-05-02 19:07:09'),
(666, 'sertésköröm', 'db', '2022-05-02 19:07:10', '2022-05-02 19:07:10'),
(667, 'sertésköröm', 'dkg', '2022-05-02 19:07:10', '2022-05-02 19:07:10'),
(668, 'sertésköröm', 'kg', '2022-05-02 19:07:10', '2022-05-02 19:07:10'),
(669, 'sertéscsülök', 'dkg', '2022-05-02 19:07:11', '2022-05-02 19:07:11'),
(670, 'sertéscsülök', 'kg', '2022-05-02 19:07:11', '2022-05-02 19:07:11'),
(671, 'sertéslapocka', 'dkg', '2022-05-02 19:07:11', '2022-05-02 19:07:11'),
(672, 'sertéslapocka', 'kg', '2022-05-02 19:07:11', '2022-05-02 19:07:11'),
(673, 'sertésfül', 'db', '2022-05-02 19:07:11', '2022-05-02 19:07:11'),
(674, 'sertésfül', 'dkg', '2022-05-02 19:07:11', '2022-05-02 19:07:11'),
(675, 'sertésfül', 'kg', '2022-05-02 19:07:11', '2022-05-02 19:07:11'),
(676, 'sertésborda', 'dkg', '2022-05-02 19:07:11', '2022-05-02 19:07:11'),
(677, 'sertésborda', 'kg', '2022-05-02 19:07:11', '2022-05-02 19:07:11'),
(678, 'sertéscsont', 'dkg', '2022-05-02 19:07:11', '2022-05-02 19:07:11'),
(679, 'sertéscsont', 'kg', '2022-05-02 19:07:11', '2022-05-02 19:07:11'),
(680, 'sertésfarok', 'db', '2022-05-02 19:07:11', '2022-05-02 19:07:11'),
(681, 'sertésfarok', 'dkg', '2022-05-02 19:07:11', '2022-05-02 19:07:11'),
(682, 'sertésfarok', 'kg', '2022-05-02 19:07:11', '2022-05-02 19:07:11'),
(683, 'sertésorr', 'db', '2022-05-02 19:07:11', '2022-05-02 19:07:11'),
(684, 'sertésorr', 'dkg', '2022-05-02 19:07:12', '2022-05-02 19:07:12'),
(685, 'sertésorr', 'kg', '2022-05-02 19:07:12', '2022-05-02 19:07:12'),
(686, 'sertésvese', 'dkg', '2022-05-02 19:07:13', '2022-05-02 19:07:13'),
(687, 'sertésvese', 'kg', '2022-05-02 19:07:13', '2022-05-02 19:07:13'),
(688, 'sertésszív', 'dkg', '2022-05-02 19:07:13', '2022-05-02 19:07:13'),
(689, 'sertésszív', 'kg', '2022-05-02 19:07:13', '2022-05-02 19:07:13'),
(690, 'sertésnyelv', 'db', '2022-05-02 19:07:13', '2022-05-02 19:07:13'),
(691, 'sertésnyelv', 'dkg', '2022-05-02 19:07:13', '2022-05-02 19:07:13'),
(692, 'sertésnyelv', 'kg', '2022-05-02 19:07:13', '2022-05-02 19:07:13'),
(693, 'sertés agyvelő', 'dkg', '2022-05-02 19:07:13', '2022-05-02 19:07:13'),
(694, 'sertés agyvelő', 'kg', '2022-05-02 19:07:13', '2022-05-02 19:07:13'),
(695, 'sertésvelő', 'dkg', '2022-05-02 19:07:13', '2022-05-02 19:07:13'),
(696, 'sertésvelő', 'kg', '2022-05-02 19:07:13', '2022-05-02 19:07:13'),
(697, 'süldő malac', 'db', '2022-05-02 19:07:13', '2022-05-02 19:07:13'),
(698, 'süldő malac', 'dkg', '2022-05-02 19:07:13', '2022-05-02 19:07:13'),
(699, 'süldő malac', 'kg', '2022-05-02 19:07:13', '2022-05-02 19:07:13');
INSERT INTO `alapanyag_mertekegysegs` (`am_id`, `alapanyag`, `mertekegyseg`, `created_at`, `updated_at`) VALUES
(700, 'sertésvér', 'dkg', '2022-05-02 19:07:13', '2022-05-02 19:07:13'),
(701, 'sertésvér', 'kg', '2022-05-02 19:07:13', '2022-05-02 19:07:13'),
(702, 'sertéstüdő', 'dkg', '2022-05-02 19:07:13', '2022-05-02 19:07:13'),
(703, 'sertéstüdő', 'kg', '2022-05-02 19:07:13', '2022-05-02 19:07:13'),
(704, 'sertésbőrke', 'dkg', '2022-05-02 19:07:13', '2022-05-02 19:07:13'),
(705, 'sertésbőrke', 'kg', '2022-05-02 19:07:13', '2022-05-02 19:07:13'),
(706, 'füstölt tarja', 'dkg', '2022-05-02 19:07:13', '2022-05-02 19:07:13'),
(707, 'füstölt tarja', 'kg', '2022-05-02 19:07:14', '2022-05-02 19:07:14'),
(708, 'sertésfej', 'db', '2022-05-02 19:07:14', '2022-05-02 19:07:14'),
(709, 'sertésfej', 'dkg', '2022-05-02 19:07:14', '2022-05-02 19:07:14'),
(710, 'sertésfej', 'kg', '2022-05-02 19:07:14', '2022-05-02 19:07:14'),
(711, 'sertésháló', 'dkg', '2022-05-02 19:07:14', '2022-05-02 19:07:14'),
(712, 'sertésháló', 'kg', '2022-05-02 19:07:14', '2022-05-02 19:07:14'),
(713, 'vékonybél (sertés)', 'g', '2022-05-02 19:07:14', '2022-05-02 19:07:14'),
(714, 'vaddisznóhús', 'dkg', '2022-05-02 19:07:14', '2022-05-02 19:07:14'),
(715, 'vaddisznóhús', 'kg', '2022-05-02 19:07:14', '2022-05-02 19:07:14'),
(716, 'őzhús', 'dkg', '2022-05-02 19:07:14', '2022-05-02 19:07:14'),
(717, 'őzhús', 'kg', '2022-05-02 19:07:14', '2022-05-02 19:07:14'),
(718, 'szarvashús', 'dkg', '2022-05-02 19:07:14', '2022-05-02 19:07:14'),
(719, 'szarvashús', 'kg', '2022-05-02 19:07:14', '2022-05-02 19:07:14'),
(720, 'szarvasbélszín', 'dkg', '2022-05-02 19:07:14', '2022-05-02 19:07:14'),
(721, 'szarvasbélszín', 'kg', '2022-05-02 19:07:14', '2022-05-02 19:07:14'),
(722, 'őzgerinc', 'dkg', '2022-05-02 19:07:14', '2022-05-02 19:07:14'),
(723, 'őzgerinc', 'kg', '2022-05-02 19:07:15', '2022-05-02 19:07:15'),
(724, 'őzcomb', 'dkg', '2022-05-02 19:07:15', '2022-05-02 19:07:15'),
(725, 'őzcomb', 'kg', '2022-05-02 19:07:15', '2022-05-02 19:07:15'),
(726, 'vaddisznószűz', 'dkg', '2022-05-02 19:07:15', '2022-05-02 19:07:15'),
(727, 'vaddisznószűz', 'kg', '2022-05-02 19:07:15', '2022-05-02 19:07:15'),
(728, 'vaddisznókaraj', 'dkg', '2022-05-02 19:07:15', '2022-05-02 19:07:15'),
(729, 'vaddisznókaraj', 'kg', '2022-05-02 19:07:15', '2022-05-02 19:07:15'),
(730, 'szarvascomb', 'dkg', '2022-05-02 19:07:15', '2022-05-02 19:07:15'),
(731, 'szarvascomb', 'kg', '2022-05-02 19:07:15', '2022-05-02 19:07:15'),
(732, 'fácánhús', 'dkg', '2022-05-02 19:07:15', '2022-05-02 19:07:15'),
(733, 'fácánhús', 'kg', '2022-05-02 19:07:15', '2022-05-02 19:07:15'),
(734, 'fürj', 'db', '2022-05-02 19:07:15', '2022-05-02 19:07:15'),
(735, 'fürj', 'dkg', '2022-05-02 19:07:15', '2022-05-02 19:07:15'),
(736, 'fürj', 'kg', '2022-05-02 19:07:15', '2022-05-02 19:07:15'),
(737, 'édesburgonya', 'db', '2022-05-02 19:07:16', '2022-05-02 19:07:16'),
(738, 'édesburgonya', 'dkg', '2022-05-02 19:07:16', '2022-05-02 19:07:16'),
(739, 'édesburgonya', 'kg', '2022-05-02 19:07:16', '2022-05-02 19:07:16'),
(740, 'burgonya', 'db', '2022-05-02 19:07:16', '2022-05-02 19:07:16'),
(741, 'burgonya', 'dkg', '2022-05-02 19:07:16', '2022-05-02 19:07:16'),
(742, 'burgonya', 'kg', '2022-05-02 19:07:16', '2022-05-02 19:07:16'),
(743, 'fekete burgonya', 'db', '2022-05-02 19:07:16', '2022-05-02 19:07:16'),
(744, 'fekete burgonya', 'dkg', '2022-05-02 19:07:16', '2022-05-02 19:07:16'),
(745, 'fekete burgonya', 'kg', '2022-05-02 19:07:16', '2022-05-02 19:07:16'),
(746, 'újkrumpli', 'db', '2022-05-02 19:07:16', '2022-05-02 19:07:16'),
(747, 'újkrumpli', 'dkg', '2022-05-02 19:07:16', '2022-05-02 19:07:16'),
(748, 'újkrumpli', 'kg', '2022-05-02 19:07:16', '2022-05-02 19:07:16'),
(749, 'rózsaburgonya', 'db', '2022-05-02 19:07:16', '2022-05-02 19:07:16'),
(750, 'rózsaburgonya', 'dkg', '2022-05-02 19:07:16', '2022-05-02 19:07:16'),
(751, 'rózsaburgonya', 'kg', '2022-05-02 19:07:16', '2022-05-02 19:07:16'),
(752, 'kifliburgonya', 'db', '2022-05-02 19:07:17', '2022-05-02 19:07:17'),
(753, 'kifliburgonya', 'dkg', '2022-05-02 19:07:17', '2022-05-02 19:07:17'),
(754, 'kifliburgonya', 'kg', '2022-05-02 19:07:17', '2022-05-02 19:07:17'),
(755, 'parázskrumpli', 'db', '2022-05-02 19:07:17', '2022-05-02 19:07:17'),
(756, 'parázskrumpli', 'dkg', '2022-05-02 19:07:17', '2022-05-02 19:07:17'),
(757, 'parázskrumpli', 'kg', '2022-05-02 19:07:17', '2022-05-02 19:07:17'),
(758, 'paradicsom', 'db', '2022-05-02 19:07:17', '2022-05-02 19:07:17'),
(759, 'paradicsom', 'dkg', '2022-05-02 19:07:17', '2022-05-02 19:07:17'),
(760, 'paradicsom', 'kg', '2022-05-02 19:07:17', '2022-05-02 19:07:17'),
(761, 'édeskömény', 'db', '2022-05-02 19:07:17', '2022-05-02 19:07:17'),
(762, 'édeskömény', 'dkg', '2022-05-02 19:07:17', '2022-05-02 19:07:17'),
(763, 'édeskömény', 'kg', '2022-05-02 19:07:17', '2022-05-02 19:07:17'),
(764, 'uborka', 'db', '2022-05-02 19:07:18', '2022-05-02 19:07:18'),
(765, 'uborka', 'dkg', '2022-05-02 19:07:18', '2022-05-02 19:07:18'),
(766, 'uborka', 'kg', '2022-05-02 19:07:18', '2022-05-02 19:07:18'),
(767, 'padlizsán', 'db', '2022-05-02 19:07:18', '2022-05-02 19:07:18'),
(768, 'padlizsán', 'dkg', '2022-05-02 19:07:18', '2022-05-02 19:07:18'),
(769, 'padlizsán', 'kg', '2022-05-02 19:07:18', '2022-05-02 19:07:18'),
(770, 'csemegekukorica', 'dkg', '2022-05-02 19:07:18', '2022-05-02 19:07:18'),
(771, 'csemegekukorica', 'kg', '2022-05-02 19:07:18', '2022-05-02 19:07:18'),
(772, 'articsóka', 'db', '2022-05-02 19:07:18', '2022-05-02 19:07:18'),
(773, 'articsóka', 'dkg', '2022-05-02 19:07:19', '2022-05-02 19:07:19'),
(774, 'articsóka', 'kg', '2022-05-02 19:07:19', '2022-05-02 19:07:19'),
(775, 'okra', 'db', '2022-05-02 19:07:19', '2022-05-02 19:07:19'),
(776, 'okra', 'dkg', '2022-05-02 19:07:19', '2022-05-02 19:07:19'),
(777, 'okra', 'kg', '2022-05-02 19:07:19', '2022-05-02 19:07:19'),
(778, 'kígyóuborka', 'db', '2022-05-02 19:07:19', '2022-05-02 19:07:19'),
(779, 'kígyóuborka', 'dkg', '2022-05-02 19:07:19', '2022-05-02 19:07:19'),
(780, 'kígyóuborka', 'kg', '2022-05-02 19:07:19', '2022-05-02 19:07:19'),
(781, 'apró uborka', 'db', '2022-05-02 19:07:19', '2022-05-02 19:07:19'),
(782, 'apró uborka', 'dkg', '2022-05-02 19:07:19', '2022-05-02 19:07:19'),
(783, 'apró uborka', 'kg', '2022-05-02 19:07:19', '2022-05-02 19:07:19'),
(784, 'bébikukorica', 'db', '2022-05-02 19:07:19', '2022-05-02 19:07:19'),
(785, 'bébikukorica', 'dkg', '2022-05-02 19:07:19', '2022-05-02 19:07:19'),
(786, 'bébikukorica', 'kg', '2022-05-02 19:07:19', '2022-05-02 19:07:19'),
(787, 'zöldparadicsom', 'db', '2022-05-02 19:07:19', '2022-05-02 19:07:19'),
(788, 'zöldparadicsom', 'dkg', '2022-05-02 19:07:20', '2022-05-02 19:07:20'),
(789, 'zöldparadicsom', 'kg', '2022-05-02 19:07:20', '2022-05-02 19:07:20'),
(790, 'csöves kukorica', 'db', '2022-05-02 19:07:20', '2022-05-02 19:07:20'),
(791, 'csöves kukorica', 'dkg', '2022-05-02 19:07:20', '2022-05-02 19:07:20'),
(792, 'csöves kukorica', 'kg', '2022-05-02 19:07:20', '2022-05-02 19:07:20'),
(793, 'koktélparadicsom', 'db', '2022-05-02 19:07:20', '2022-05-02 19:07:20'),
(794, 'koktélparadicsom', 'dkg', '2022-05-02 19:07:20', '2022-05-02 19:07:20'),
(795, 'koktélparadicsom', 'kg', '2022-05-02 19:07:20', '2022-05-02 19:07:20'),
(796, 'tomatillo (mexikói földicseresznye)', 'db', '2022-05-02 19:07:20', '2022-05-02 19:07:20'),
(797, 'tomatillo (mexikói földicseresznye)', 'dkg', '2022-05-02 19:07:20', '2022-05-02 19:07:20'),
(798, 'tomatillo (mexikói földicseresznye)', 'kg', '2022-05-02 19:07:20', '2022-05-02 19:07:20'),
(799, 'lótuszgyökér', 'db', '2022-05-02 19:07:20', '2022-05-02 19:07:20'),
(800, 'lótuszgyökér', 'dkg', '2022-05-02 19:07:20', '2022-05-02 19:07:20'),
(801, 'lótuszgyökér', 'kg', '2022-05-02 19:07:20', '2022-05-02 19:07:20'),
(802, 'tofu', 'g', '2022-05-02 19:07:20', '2022-05-02 19:07:20'),
(803, 'tofu', 'dkg', '2022-05-02 19:07:20', '2022-05-02 19:07:20'),
(804, 'tofu', 'kg', '2022-05-02 19:07:20', '2022-05-02 19:07:20'),
(805, 'ajvár', 'g', '2022-05-02 19:07:20', '2022-05-02 19:07:20'),
(806, 'ajvár', 'dkg', '2022-05-02 19:07:21', '2022-05-02 19:07:21'),
(807, 'ajvár', 'kg', '2022-05-02 19:07:21', '2022-05-02 19:07:21'),
(808, 'burgonyapehely', 'g', '2022-05-02 19:07:22', '2022-05-02 19:07:22'),
(809, 'burgonyapehely', 'dkg', '2022-05-02 19:07:22', '2022-05-02 19:07:22'),
(810, 'burgonyapehely', 'kg', '2022-05-02 19:07:22', '2022-05-02 19:07:22'),
(811, 'burgonyapüré', 'g', '2022-05-02 19:07:22', '2022-05-02 19:07:22'),
(812, 'burgonyapüré', 'dkg', '2022-05-02 19:07:22', '2022-05-02 19:07:22'),
(813, 'burgonyapüré', 'kg', '2022-05-02 19:07:22', '2022-05-02 19:07:22'),
(814, 'mexikói keverék', 'g', '2022-05-02 19:07:22', '2022-05-02 19:07:22'),
(815, 'mexikói keverék', 'dkg', '2022-05-02 19:07:22', '2022-05-02 19:07:22'),
(816, 'mexikói keverék', 'kg', '2022-05-02 19:07:22', '2022-05-02 19:07:22'),
(817, 'marinált paprika', 'g', '2022-05-02 19:07:22', '2022-05-02 19:07:22'),
(818, 'marinált paprika', 'dkg', '2022-05-02 19:07:23', '2022-05-02 19:07:23'),
(819, 'marinált paprika', 'kg', '2022-05-02 19:07:23', '2022-05-02 19:07:23'),
(820, 'hasábburgonya', 'g', '2022-05-02 19:07:23', '2022-05-02 19:07:23'),
(821, 'hasábburgonya', 'dkg', '2022-05-02 19:07:23', '2022-05-02 19:07:23'),
(822, 'hasábburgonya', 'kg', '2022-05-02 19:07:23', '2022-05-02 19:07:23'),
(823, 'franciasaláta alap', 'g', '2022-05-02 19:07:23', '2022-05-02 19:07:23'),
(824, 'franciasaláta alap', 'dkg', '2022-05-02 19:07:23', '2022-05-02 19:07:23'),
(825, 'franciasaláta alap', 'kg', '2022-05-02 19:07:24', '2022-05-02 19:07:24'),
(826, 'kínai zöldségkeverék', 'g', '2022-05-02 19:07:24', '2022-05-02 19:07:24'),
(827, 'kínai zöldségkeverék', 'dkg', '2022-05-02 19:07:24', '2022-05-02 19:07:24'),
(828, 'kínai zöldségkeverék', 'kg', '2022-05-02 19:07:24', '2022-05-02 19:07:24'),
(829, 'nori lap', 'db', '2022-05-02 19:07:24', '2022-05-02 19:07:24'),
(830, 'thai zöldségkeverék', 'g', '2022-05-02 19:07:24', '2022-05-02 19:07:24'),
(831, 'thai zöldségkeverék', 'dkg', '2022-05-02 19:07:24', '2022-05-02 19:07:24'),
(832, 'thai zöldségkeverék', 'kg', '2022-05-02 19:07:24', '2022-05-02 19:07:24'),
(833, 'paradicsomos salsa', 'g', '2022-05-02 19:07:24', '2022-05-02 19:07:24'),
(834, 'paradicsomos salsa', 'dkg', '2022-05-02 19:07:24', '2022-05-02 19:07:24'),
(835, 'paradicsomos salsa', 'kg', '2022-05-02 19:07:24', '2022-05-02 19:07:24'),
(836, 'paradicsompüré', 'ek', '2022-05-02 19:07:24', '2022-05-02 19:07:24'),
(837, 'paradicsompüré', 'g', '2022-05-02 19:07:24', '2022-05-02 19:07:24'),
(838, 'paradicsompüré', 'dkg', '2022-05-02 19:07:24', '2022-05-02 19:07:24'),
(839, 'paradicsompüré', 'kg', '2022-05-02 19:07:24', '2022-05-02 19:07:24'),
(840, 'zöldségkeverék', 'g', '2022-05-02 19:07:24', '2022-05-02 19:07:24'),
(841, 'zöldségkeverék', 'dkg', '2022-05-02 19:07:24', '2022-05-02 19:07:24'),
(842, 'zöldségkeverék', 'kg', '2022-05-02 19:07:24', '2022-05-02 19:07:24'),
(843, 'hummusz', 'g', '2022-05-02 19:07:25', '2022-05-02 19:07:25'),
(844, 'hummusz', 'dkg', '2022-05-02 19:07:25', '2022-05-02 19:07:25'),
(845, 'zöldséges golyó', 'db', '2022-05-02 19:07:25', '2022-05-02 19:07:25'),
(846, 'zöldséges golyó', 'dkg', '2022-05-02 19:07:25', '2022-05-02 19:07:25'),
(847, 'zöldséges golyó', 'kg', '2022-05-02 19:07:25', '2022-05-02 19:07:25'),
(848, 'padlizsánkrém', 'g', '2022-05-02 19:07:25', '2022-05-02 19:07:25'),
(849, 'padlizsánkrém', 'dkg', '2022-05-02 19:07:25', '2022-05-02 19:07:25'),
(850, 'sárgarépa', 'db', '2022-05-02 19:07:25', '2022-05-02 19:07:25'),
(851, 'sárgarépa', 'dkg', '2022-05-02 19:07:25', '2022-05-02 19:07:25'),
(852, 'sárgarépa', 'kg', '2022-05-02 19:07:25', '2022-05-02 19:07:25'),
(853, 'zeller', 'db', '2022-05-02 19:07:25', '2022-05-02 19:07:25'),
(854, 'zeller', 'dkg', '2022-05-02 19:07:25', '2022-05-02 19:07:25'),
(855, 'zeller', 'kg', '2022-05-02 19:07:25', '2022-05-02 19:07:25'),
(856, 'fehérrépa', 'db', '2022-05-02 19:07:25', '2022-05-02 19:07:25'),
(857, 'fehérrépa', 'dkg', '2022-05-02 19:07:26', '2022-05-02 19:07:26'),
(858, 'fehérrépa', 'kg', '2022-05-02 19:07:26', '2022-05-02 19:07:26'),
(859, 'vajrépa', 'db', '2022-05-02 19:07:26', '2022-05-02 19:07:26'),
(860, 'vajrépa', 'dkg', '2022-05-02 19:07:26', '2022-05-02 19:07:26'),
(861, 'vajrépa', 'kg', '2022-05-02 19:07:26', '2022-05-02 19:07:26'),
(862, 'feketegyökér', 'db', '2022-05-02 19:07:26', '2022-05-02 19:07:26'),
(863, 'feketegyökér', 'dkg', '2022-05-02 19:07:26', '2022-05-02 19:07:26'),
(864, 'feketegyökér', 'kg', '2022-05-02 19:07:26', '2022-05-02 19:07:26'),
(865, 'fekete retek', 'db', '2022-05-02 19:07:26', '2022-05-02 19:07:26'),
(866, 'fekete retek', 'dkg', '2022-05-02 19:07:26', '2022-05-02 19:07:26'),
(867, 'fekete retek', 'kg', '2022-05-02 19:07:26', '2022-05-02 19:07:26'),
(868, 'cékla', 'db', '2022-05-02 19:07:27', '2022-05-02 19:07:27'),
(869, 'cékla', 'dkg', '2022-05-02 19:07:27', '2022-05-02 19:07:27'),
(870, 'cékla', 'kg', '2022-05-02 19:07:27', '2022-05-02 19:07:27'),
(871, 'retek', 'db', '2022-05-02 19:07:27', '2022-05-02 19:07:27'),
(872, 'retek', 'dkg', '2022-05-02 19:07:27', '2022-05-02 19:07:27'),
(873, 'retek', 'kg', '2022-05-02 19:07:27', '2022-05-02 19:07:27'),
(874, 'csicsóka', 'db', '2022-05-02 19:07:27', '2022-05-02 19:07:27'),
(875, 'csicsóka', 'dkg', '2022-05-02 19:07:27', '2022-05-02 19:07:27'),
(876, 'csicsóka', 'kg', '2022-05-02 19:07:27', '2022-05-02 19:07:27'),
(877, 'pasztinák', 'db', '2022-05-02 19:07:27', '2022-05-02 19:07:27'),
(878, 'pasztinák', 'dkg', '2022-05-02 19:07:27', '2022-05-02 19:07:27'),
(879, 'pasztinák', 'kg', '2022-05-02 19:07:27', '2022-05-02 19:07:27'),
(880, 'bébirépa', 'db', '2022-05-02 19:07:27', '2022-05-02 19:07:27'),
(881, 'bébirépa', 'dkg', '2022-05-02 19:07:28', '2022-05-02 19:07:28'),
(882, 'bébirépa', 'kg', '2022-05-02 19:07:28', '2022-05-02 19:07:28'),
(883, 'jégcsapretek', 'db', '2022-05-02 19:07:28', '2022-05-02 19:07:28'),
(884, 'jégcsapretek', 'dkg', '2022-05-02 19:07:28', '2022-05-02 19:07:28'),
(885, 'jégcsapretek', 'kg', '2022-05-02 19:07:28', '2022-05-02 19:07:28'),
(886, 'manióka', 'db', '2022-05-02 19:07:28', '2022-05-02 19:07:28'),
(887, 'manióka', 'dkg', '2022-05-02 19:07:28', '2022-05-02 19:07:28'),
(888, 'manióka', 'kg', '2022-05-02 19:07:28', '2022-05-02 19:07:28'),
(889, 'fokhagyma', 'db', '2022-05-02 19:07:28', '2022-05-02 19:07:28'),
(890, 'fokhagyma', 'g', '2022-05-02 19:07:28', '2022-05-02 19:07:28'),
(891, 'fokhagyma', 'dkg', '2022-05-02 19:07:28', '2022-05-02 19:07:28'),
(892, 'vöröshagyma', 'db', '2022-05-02 19:07:28', '2022-05-02 19:07:28'),
(893, 'vöröshagyma', 'dkg', '2022-05-02 19:07:28', '2022-05-02 19:07:28'),
(894, 'vöröshagyma', 'kg', '2022-05-02 19:07:28', '2022-05-02 19:07:28'),
(895, 'póréhagyma', 'db', '2022-05-02 19:07:28', '2022-05-02 19:07:28'),
(896, 'póréhagyma', 'dkg', '2022-05-02 19:07:28', '2022-05-02 19:07:28'),
(897, 'póréhagyma', 'kg', '2022-05-02 19:07:28', '2022-05-02 19:07:28'),
(898, 'salottahagyma', 'db', '2022-05-02 19:07:28', '2022-05-02 19:07:28'),
(899, 'salottahagyma', 'dkg', '2022-05-02 19:07:29', '2022-05-02 19:07:29'),
(900, 'salottahagyma', 'kg', '2022-05-02 19:07:29', '2022-05-02 19:07:29'),
(901, 'lilahagyma', 'db', '2022-05-02 19:07:29', '2022-05-02 19:07:29'),
(902, 'lilahagyma', 'dkg', '2022-05-02 19:07:29', '2022-05-02 19:07:29'),
(903, 'lilahagyma', 'kg', '2022-05-02 19:07:29', '2022-05-02 19:07:29'),
(904, 'medvehagyma', 'db', '2022-05-02 19:07:29', '2022-05-02 19:07:29'),
(905, 'medvehagyma', 'dkg', '2022-05-02 19:07:29', '2022-05-02 19:07:29'),
(906, 'medvehagyma', 'kg', '2022-05-02 19:07:29', '2022-05-02 19:07:29'),
(907, 'újhagyma', 'db', '2022-05-02 19:07:29', '2022-05-02 19:07:29'),
(908, 'újhagyma', 'dkg', '2022-05-02 19:07:29', '2022-05-02 19:07:29'),
(909, 'újhagyma', 'kg', '2022-05-02 19:07:29', '2022-05-02 19:07:29'),
(910, 'sonkahagyma', 'db', '2022-05-02 19:07:29', '2022-05-02 19:07:29'),
(911, 'sonkahagyma', 'dkg', '2022-05-02 19:07:29', '2022-05-02 19:07:29'),
(912, 'sonkahagyma', 'kg', '2022-05-02 19:07:30', '2022-05-02 19:07:30'),
(913, 'fehér hagyma', 'db', '2022-05-02 19:07:30', '2022-05-02 19:07:30'),
(914, 'fehér hagyma', 'dkg', '2022-05-02 19:07:30', '2022-05-02 19:07:30'),
(915, 'fehér hagyma', 'kg', '2022-05-02 19:07:31', '2022-05-02 19:07:31'),
(916, 'gyöngyhagyma', 'db', '2022-05-02 19:07:31', '2022-05-02 19:07:31'),
(917, 'gyöngyhagyma', 'dkg', '2022-05-02 19:07:31', '2022-05-02 19:07:31'),
(918, 'gyöngyhagyma', 'kg', '2022-05-02 19:07:31', '2022-05-02 19:07:31'),
(919, 'salátahagyma', 'db', '2022-05-02 19:07:31', '2022-05-02 19:07:31'),
(920, 'salátahagyma', 'dkg', '2022-05-02 19:07:31', '2022-05-02 19:07:31'),
(921, 'salátahagyma', 'kg', '2022-05-02 19:07:31', '2022-05-02 19:07:31'),
(922, 'zöldhagyma', 'db', '2022-05-02 19:07:31', '2022-05-02 19:07:31'),
(923, 'zöldhagyma', 'dkg', '2022-05-02 19:07:31', '2022-05-02 19:07:31'),
(924, 'zöldhagyma', 'kg', '2022-05-02 19:07:31', '2022-05-02 19:07:31'),
(925, 'főzőhagyma', 'db', '2022-05-02 19:07:31', '2022-05-02 19:07:31'),
(926, 'főzőhagyma', 'dkg', '2022-05-02 19:07:31', '2022-05-02 19:07:31'),
(927, 'főzőhagyma', 'kg', '2022-05-02 19:07:31', '2022-05-02 19:07:31'),
(928, 'újhagyma zöldje', 'db', '2022-05-02 19:07:31', '2022-05-02 19:07:31'),
(929, 'újhagyma zöldje', 'dkg', '2022-05-02 19:07:31', '2022-05-02 19:07:31'),
(930, 'újhagyma zöldje', 'kg', '2022-05-02 19:07:31', '2022-05-02 19:07:31'),
(931, 'metélőhagyma', 'g', '2022-05-02 19:07:31', '2022-05-02 19:07:31'),
(932, 'metélőhagyma', 'dkg', '2022-05-02 19:07:32', '2022-05-02 19:07:32'),
(933, 'sült hagyma', 'g', '2022-05-02 19:07:32', '2022-05-02 19:07:32'),
(934, 'sült hagyma', 'dkg', '2022-05-02 19:07:32', '2022-05-02 19:07:32'),
(935, 'zöldborsó', 'g', '2022-05-02 19:07:32', '2022-05-02 19:07:32'),
(936, 'zöldborsó', 'dkg', '2022-05-02 19:07:32', '2022-05-02 19:07:32'),
(937, 'zöldborsó', 'kg', '2022-05-02 19:07:32', '2022-05-02 19:07:32'),
(938, 'zöldbab', 'g', '2022-05-02 19:07:32', '2022-05-02 19:07:32'),
(939, 'zöldbab', 'dkg', '2022-05-02 19:07:32', '2022-05-02 19:07:32'),
(940, 'zöldbab', 'kg', '2022-05-02 19:07:32', '2022-05-02 19:07:32'),
(941, 'lencse', 'g', '2022-05-02 19:07:33', '2022-05-02 19:07:33'),
(942, 'lencse', 'dkg', '2022-05-02 19:07:33', '2022-05-02 19:07:33'),
(943, 'lencse', 'kg', '2022-05-02 19:07:33', '2022-05-02 19:07:33'),
(944, 'csicseriborsó', 'g', '2022-05-02 19:07:33', '2022-05-02 19:07:33'),
(945, 'csicseriborsó', 'dkg', '2022-05-02 19:07:33', '2022-05-02 19:07:33'),
(946, 'csicseriborsó', 'kg', '2022-05-02 19:07:33', '2022-05-02 19:07:33'),
(947, 'fejtett bab', 'g', '2022-05-02 19:07:33', '2022-05-02 19:07:33'),
(948, 'fejtett bab', 'dkg', '2022-05-02 19:07:33', '2022-05-02 19:07:33'),
(949, 'fejtett bab', 'kg', '2022-05-02 19:07:33', '2022-05-02 19:07:33'),
(950, 'cukorborsó', 'g', '2022-05-02 19:07:33', '2022-05-02 19:07:33'),
(951, 'cukorborsó', 'dkg', '2022-05-02 19:07:33', '2022-05-02 19:07:33'),
(952, 'cukorborsó', 'kg', '2022-05-02 19:07:33', '2022-05-02 19:07:33'),
(953, 'bokorbab', 'g', '2022-05-02 19:07:33', '2022-05-02 19:07:33'),
(954, 'bokorbab', 'dkg', '2022-05-02 19:07:33', '2022-05-02 19:07:33'),
(955, 'bokorbab', 'kg', '2022-05-02 19:07:34', '2022-05-02 19:07:34'),
(956, 'szárnyasbab', 'g', '2022-05-02 19:07:34', '2022-05-02 19:07:34'),
(957, 'szárnyasbab', 'dkg', '2022-05-02 19:07:34', '2022-05-02 19:07:34'),
(958, 'szárnyasbab', 'kg', '2022-05-02 19:07:34', '2022-05-02 19:07:34'),
(959, 'felesborsó', 'g', '2022-05-02 19:07:34', '2022-05-02 19:07:34'),
(960, 'felesborsó', 'dkg', '2022-05-02 19:07:34', '2022-05-02 19:07:34'),
(961, 'felesborsó', 'kg', '2022-05-02 19:07:34', '2022-05-02 19:07:34'),
(962, 'szója', 'g', '2022-05-02 19:07:34', '2022-05-02 19:07:34'),
(963, 'szója', 'dkg', '2022-05-02 19:07:34', '2022-05-02 19:07:34'),
(964, 'szója', 'kg', '2022-05-02 19:07:34', '2022-05-02 19:07:34'),
(965, 'fehérbab', 'g', '2022-05-02 19:07:34', '2022-05-02 19:07:34'),
(966, 'fehérbab', 'dkg', '2022-05-02 19:07:34', '2022-05-02 19:07:34'),
(967, 'fehérbab', 'kg', '2022-05-02 19:07:35', '2022-05-02 19:07:35'),
(968, 'szójabab', 'g', '2022-05-02 19:07:35', '2022-05-02 19:07:35'),
(969, 'szójabab', 'dkg', '2022-05-02 19:07:35', '2022-05-02 19:07:35'),
(970, 'szójabab', 'kg', '2022-05-02 19:07:35', '2022-05-02 19:07:35'),
(971, 'vöröslencse', 'g', '2022-05-02 19:07:35', '2022-05-02 19:07:35'),
(972, 'vöröslencse', 'dkg', '2022-05-02 19:07:35', '2022-05-02 19:07:35'),
(973, 'vöröslencse', 'kg', '2022-05-02 19:07:35', '2022-05-02 19:07:35'),
(974, 'gyöngybab', 'g', '2022-05-02 19:07:35', '2022-05-02 19:07:35'),
(975, 'gyöngybab', 'dkg', '2022-05-02 19:07:35', '2022-05-02 19:07:35'),
(976, 'gyöngybab', 'kg', '2022-05-02 19:07:35', '2022-05-02 19:07:35'),
(977, 'vörösbab', 'g', '2022-05-02 19:07:35', '2022-05-02 19:07:35'),
(978, 'vörösbab', 'dkg', '2022-05-02 19:07:35', '2022-05-02 19:07:35'),
(979, 'vörösbab', 'kg', '2022-05-02 19:07:35', '2022-05-02 19:07:35'),
(980, 'mungóbabcsíra', 'g', '2022-05-02 19:07:36', '2022-05-02 19:07:36'),
(981, 'mungóbabcsíra', 'dkg', '2022-05-02 19:07:36', '2022-05-02 19:07:36'),
(982, 'mungóbabcsíra', 'kg', '2022-05-02 19:07:36', '2022-05-02 19:07:36'),
(983, 'fejtett lóbab', 'g', '2022-05-02 19:07:36', '2022-05-02 19:07:36'),
(984, 'fejtett lóbab', 'dkg', '2022-05-02 19:07:36', '2022-05-02 19:07:36'),
(985, 'fejtett lóbab', 'kg', '2022-05-02 19:07:36', '2022-05-02 19:07:36'),
(986, 'mungóbab', 'g', '2022-05-02 19:07:36', '2022-05-02 19:07:36'),
(987, 'mungóbab', 'dkg', '2022-05-02 19:07:36', '2022-05-02 19:07:36'),
(988, 'mungóbab', 'kg', '2022-05-02 19:07:36', '2022-05-02 19:07:36'),
(989, 'vöröskáposzta', 'db', '2022-05-02 19:07:36', '2022-05-02 19:07:36'),
(990, 'vöröskáposzta', 'dkg', '2022-05-02 19:07:36', '2022-05-02 19:07:36'),
(991, 'vöröskáposzta', 'kg', '2022-05-02 19:07:36', '2022-05-02 19:07:36'),
(992, 'karfiol', 'db', '2022-05-02 19:07:36', '2022-05-02 19:07:36'),
(993, 'karfiol', 'dkg', '2022-05-02 19:07:36', '2022-05-02 19:07:36'),
(994, 'karfiol', 'kg', '2022-05-02 19:07:36', '2022-05-02 19:07:36'),
(995, 'kínai kel', 'db', '2022-05-02 19:07:37', '2022-05-02 19:07:37'),
(996, 'kínai kel', 'dkg', '2022-05-02 19:07:37', '2022-05-02 19:07:37'),
(997, 'kínai kel', 'kg', '2022-05-02 19:07:37', '2022-05-02 19:07:37'),
(998, 'brokkoli', 'db', '2022-05-02 19:07:37', '2022-05-02 19:07:37'),
(999, 'brokkoli', 'dkg', '2022-05-02 19:07:37', '2022-05-02 19:07:37'),
(1000, 'brokkoli', 'kg', '2022-05-02 19:07:37', '2022-05-02 19:07:37'),
(1001, 'karalábé', 'db', '2022-05-02 19:07:37', '2022-05-02 19:07:37'),
(1002, 'karalábé', 'dkg', '2022-05-02 19:07:37', '2022-05-02 19:07:37'),
(1003, 'karalábé', 'kg', '2022-05-02 19:07:37', '2022-05-02 19:07:37'),
(1004, 'káposzta', 'db', '2022-05-02 19:07:37', '2022-05-02 19:07:37'),
(1005, 'káposzta', 'dkg', '2022-05-02 19:07:37', '2022-05-02 19:07:37'),
(1006, 'káposzta', 'kg', '2022-05-02 19:07:37', '2022-05-02 19:07:37'),
(1007, 'kelkáposzta', 'db', '2022-05-02 19:07:37', '2022-05-02 19:07:37'),
(1008, 'kelkáposzta', 'dkg', '2022-05-02 19:07:37', '2022-05-02 19:07:37'),
(1009, 'kelkáposzta', 'kg', '2022-05-02 19:07:37', '2022-05-02 19:07:37'),
(1010, 'kelbimbó', 'dkg', '2022-05-02 19:07:37', '2022-05-02 19:07:37'),
(1011, 'kelbimbó', 'kg', '2022-05-02 19:07:37', '2022-05-02 19:07:37'),
(1012, 'fodros kel', 'db', '2022-05-02 19:07:38', '2022-05-02 19:07:38'),
(1013, 'fodros kel', 'dkg', '2022-05-02 19:07:38', '2022-05-02 19:07:38'),
(1014, 'fodros kel', 'kg', '2022-05-02 19:07:38', '2022-05-02 19:07:38'),
(1015, 'kelkáposzta levél', 'db', '2022-05-02 19:07:39', '2022-05-02 19:07:39'),
(1016, 'káposztalevél', 'db', '2022-05-02 19:07:39', '2022-05-02 19:07:39'),
(1017, 'pak-choi', 'db', '2022-05-02 19:07:39', '2022-05-02 19:07:39'),
(1018, 'pak-choi', 'dkg', '2022-05-02 19:07:39', '2022-05-02 19:07:39'),
(1019, 'pak-choi', 'kg', '2022-05-02 19:07:39', '2022-05-02 19:07:39'),
(1020, 'halványító zeller', 'db', '2022-05-02 19:07:39', '2022-05-02 19:07:39'),
(1021, 'halványító zeller', 'dkg', '2022-05-02 19:07:39', '2022-05-02 19:07:39'),
(1022, 'halványító zeller', 'kg', '2022-05-02 19:07:39', '2022-05-02 19:07:39'),
(1023, 'fejessaláta', 'db', '2022-05-02 19:07:39', '2022-05-02 19:07:39'),
(1024, 'fejessaláta', 'dkg', '2022-05-02 19:07:39', '2022-05-02 19:07:39'),
(1025, 'fejessaláta', 'kg', '2022-05-02 19:07:39', '2022-05-02 19:07:39'),
(1026, 'rukkola', 'g', '2022-05-02 19:07:39', '2022-05-02 19:07:39'),
(1027, 'rukkola', 'dkg', '2022-05-02 19:07:39', '2022-05-02 19:07:39'),
(1028, 'rukkola', 'kg', '2022-05-02 19:07:39', '2022-05-02 19:07:39'),
(1029, 'spenót', 'g', '2022-05-02 19:07:39', '2022-05-02 19:07:39'),
(1030, 'spenót', 'dkg', '2022-05-02 19:07:39', '2022-05-02 19:07:39'),
(1031, 'spenót', 'kg', '2022-05-02 19:07:40', '2022-05-02 19:07:40'),
(1032, 'radicchio', 'db', '2022-05-02 19:07:40', '2022-05-02 19:07:40'),
(1033, 'radicchio', 'dkg', '2022-05-02 19:07:40', '2022-05-02 19:07:40'),
(1034, 'radicchio', 'kg', '2022-05-02 19:07:40', '2022-05-02 19:07:40'),
(1035, 'sóska', 'g', '2022-05-02 19:07:40', '2022-05-02 19:07:40'),
(1036, 'sóska', 'dkg', '2022-05-02 19:07:40', '2022-05-02 19:07:40'),
(1037, 'sóska', 'kg', '2022-05-02 19:07:40', '2022-05-02 19:07:40'),
(1038, 'mángold', 'g', '2022-05-02 19:07:40', '2022-05-02 19:07:40'),
(1039, 'mángold', 'dkg', '2022-05-02 19:07:40', '2022-05-02 19:07:40'),
(1040, 'mángold', 'kg', '2022-05-02 19:07:40', '2022-05-02 19:07:40'),
(1041, 'madársaláta', 'g', '2022-05-02 19:07:40', '2022-05-02 19:07:40'),
(1042, 'madársaláta', 'dkg', '2022-05-02 19:07:40', '2022-05-02 19:07:40'),
(1043, 'madársaláta', 'kg', '2022-05-02 19:07:40', '2022-05-02 19:07:40'),
(1044, 'rebarbara', 'db', '2022-05-02 19:07:40', '2022-05-02 19:07:40'),
(1045, 'rebarbara', 'dkg', '2022-05-02 19:07:40', '2022-05-02 19:07:40'),
(1046, 'rebarbara', 'kg', '2022-05-02 19:07:40', '2022-05-02 19:07:40'),
(1047, 'cikória', 'db', '2022-05-02 19:07:41', '2022-05-02 19:07:41'),
(1048, 'cikória', 'dkg', '2022-05-02 19:07:41', '2022-05-02 19:07:41'),
(1049, 'cikória', 'kg', '2022-05-02 19:07:41', '2022-05-02 19:07:41'),
(1050, 'jégsaláta', 'db', '2022-05-02 19:07:41', '2022-05-02 19:07:41'),
(1051, 'jégsaláta', 'dkg', '2022-05-02 19:07:41', '2022-05-02 19:07:41'),
(1052, 'jégsaláta', 'kg', '2022-05-02 19:07:41', '2022-05-02 19:07:41'),
(1053, 'római saláta', 'db', '2022-05-02 19:07:41', '2022-05-02 19:07:41'),
(1054, 'római saláta', 'dkg', '2022-05-02 19:07:41', '2022-05-02 19:07:41'),
(1055, 'római saláta', 'kg', '2022-05-02 19:07:41', '2022-05-02 19:07:41'),
(1056, 'zellerlevél', 'db', '2022-05-02 19:07:41', '2022-05-02 19:07:41'),
(1057, 'zellerlevél', 'dkg', '2022-05-02 19:07:41', '2022-05-02 19:07:41'),
(1058, 'zellerlevél', 'kg', '2022-05-02 19:07:41', '2022-05-02 19:07:41'),
(1059, 'salátalevél', 'db', '2022-05-02 19:07:42', '2022-05-02 19:07:42'),
(1060, 'salátalevél', 'dkg', '2022-05-02 19:07:42', '2022-05-02 19:07:42'),
(1061, 'salátalevél', 'kg', '2022-05-02 19:07:42', '2022-05-02 19:07:42'),
(1062, 'salátakeverék', 'g', '2022-05-02 19:07:42', '2022-05-02 19:07:42'),
(1063, 'salátakeverék', 'dkg', '2022-05-02 19:07:42', '2022-05-02 19:07:42'),
(1064, 'salátakeverék', 'kg', '2022-05-02 19:07:42', '2022-05-02 19:07:42'),
(1065, 'karalábélevél', 'db', '2022-05-02 19:07:42', '2022-05-02 19:07:42'),
(1066, 'karalábélevél', 'dkg', '2022-05-02 19:07:43', '2022-05-02 19:07:43'),
(1067, 'karalábélevél', 'kg', '2022-05-02 19:07:43', '2022-05-02 19:07:43'),
(1068, 'vízitorma', 'g', '2022-05-02 19:07:43', '2022-05-02 19:07:43'),
(1069, 'vízitorma', 'dkg', '2022-05-02 19:07:43', '2022-05-02 19:07:43'),
(1070, 'vízitorma', 'kg', '2022-05-02 19:07:43', '2022-05-02 19:07:43'),
(1071, 'reteklevél', 'db', '2022-05-02 19:07:43', '2022-05-02 19:07:43'),
(1072, 'reteklevél', 'dkg', '2022-05-02 19:07:43', '2022-05-02 19:07:43'),
(1073, 'reteklevél', 'kg', '2022-05-02 19:07:43', '2022-05-02 19:07:43'),
(1074, 'vízispenót', 'csokor', '2022-05-02 19:07:43', '2022-05-02 19:07:43'),
(1075, 'vízispenót', 'dkg', '2022-05-02 19:07:43', '2022-05-02 19:07:43'),
(1076, 'vízispenót', 'kg', '2022-05-02 19:07:44', '2022-05-02 19:07:44'),
(1077, 'pandanlevél', 'db', '2022-05-02 19:07:44', '2022-05-02 19:07:44'),
(1078, 'tengeri hínár', 'g', '2022-05-02 19:07:44', '2022-05-02 19:07:44'),
(1079, 'tengeri hínár', 'dkg', '2022-05-02 19:07:44', '2022-05-02 19:07:44'),
(1080, 'tengeri hínár', 'kg', '2022-05-02 19:07:44', '2022-05-02 19:07:44'),
(1081, 'bébispenót', 'g', '2022-05-02 19:07:44', '2022-05-02 19:07:44'),
(1082, 'bébispenót', 'dkg', '2022-05-02 19:07:44', '2022-05-02 19:07:44'),
(1083, 'bébispenót', 'kg', '2022-05-02 19:07:44', '2022-05-02 19:07:44'),
(1084, 'szárított paradicsom', 'g', '2022-05-02 19:07:44', '2022-05-02 19:07:44'),
(1085, 'szárított paradicsom', 'dkg', '2022-05-02 19:07:44', '2022-05-02 19:07:44'),
(1086, 'szárított paradicsom', 'kg', '2022-05-02 19:07:44', '2022-05-02 19:07:44'),
(1087, 'bambuszrügy', 'db', '2022-05-02 19:07:45', '2022-05-02 19:07:45'),
(1088, 'bambuszrügy', 'g', '2022-05-02 19:07:45', '2022-05-02 19:07:45'),
(1089, 'bambuszrügy', 'dkg', '2022-05-02 19:07:45', '2022-05-02 19:07:45'),
(1090, 'bambuszrügy', 'kg', '2022-05-02 19:07:45', '2022-05-02 19:07:45'),
(1091, 'sűrített paradicsom', 'ek', '2022-05-02 19:07:45', '2022-05-02 19:07:45'),
(1092, 'sűrített paradicsom', 'g', '2022-05-02 19:07:45', '2022-05-02 19:07:45'),
(1093, 'sűrített paradicsom', 'dkg', '2022-05-02 19:07:45', '2022-05-02 19:07:45'),
(1094, 'sűrített paradicsom', 'kg', '2022-05-02 19:07:45', '2022-05-02 19:07:45'),
(1095, 'konzerv paradicsom', 'g', '2022-05-02 19:07:45', '2022-05-02 19:07:45'),
(1096, 'konzerv paradicsom', 'dkg', '2022-05-02 19:07:45', '2022-05-02 19:07:45'),
(1097, 'konzerv paradicsom', 'kg', '2022-05-02 19:07:45', '2022-05-02 19:07:45'),
(1098, 'lecsó', 'g', '2022-05-02 19:07:45', '2022-05-02 19:07:45'),
(1099, 'lecsó', 'dkg', '2022-05-02 19:07:45', '2022-05-02 19:07:45'),
(1100, 'lecsó', 'kg', '2022-05-02 19:07:45', '2022-05-02 19:07:45'),
(1101, 'passzírozott paradicsom', 'g', '2022-05-02 19:07:45', '2022-05-02 19:07:45'),
(1102, 'passzírozott paradicsom', 'dkg', '2022-05-02 19:07:46', '2022-05-02 19:07:46'),
(1103, 'passzírozott paradicsom', 'kg', '2022-05-02 19:07:46', '2022-05-02 19:07:46'),
(1104, 'zöldborsó-kukorica zöldségkeverék', 'g', '2022-05-02 19:07:47', '2022-05-02 19:07:47'),
(1105, 'zöldborsó-kukorica zöldségkeverék', 'dkg', '2022-05-02 19:07:47', '2022-05-02 19:07:47'),
(1106, 'zöldborsó-kukorica zöldségkeverék', 'kg', '2022-05-02 19:07:47', '2022-05-02 19:07:47'),
(1107, 'konzerv bab', 'g', '2022-05-02 19:07:47', '2022-05-02 19:07:47'),
(1108, 'konzerv bab', 'dkg', '2022-05-02 19:07:47', '2022-05-02 19:07:47'),
(1109, 'konzerv bab', 'kg', '2022-05-02 19:07:47', '2022-05-02 19:07:47'),
(1110, 'zöldbab-vajbab keverék', 'g', '2022-05-02 19:07:48', '2022-05-02 19:07:48'),
(1111, 'zöldbab-vajbab keverék', 'dkg', '2022-05-02 19:07:48', '2022-05-02 19:07:48'),
(1112, 'zöldbab-vajbab keverék', 'kg', '2022-05-02 19:07:48', '2022-05-02 19:07:48'),
(1113, 'csicseriborsó (konzerv)', 'g', '2022-05-02 19:07:48', '2022-05-02 19:07:48'),
(1114, 'csicseriborsó (konzerv)', 'dkg', '2022-05-02 19:07:48', '2022-05-02 19:07:48'),
(1115, 'csicseriborsó (konzerv)', 'kg', '2022-05-02 19:07:48', '2022-05-02 19:07:48'),
(1116, 'chilis kukorica konzerv', 'g', '2022-05-02 19:07:48', '2022-05-02 19:07:48'),
(1117, 'chilis kukorica konzerv', 'dkg', '2022-05-02 19:07:49', '2022-05-02 19:07:49'),
(1118, 'chilis kukorica konzerv', 'kg', '2022-05-02 19:07:49', '2022-05-02 19:07:49'),
(1119, 'indiai szószos bab', 'g', '2022-05-02 19:07:49', '2022-05-02 19:07:49'),
(1120, 'indiai szószos bab', 'dkg', '2022-05-02 19:07:49', '2022-05-02 19:07:49'),
(1121, 'indiai szószos bab', 'kg', '2022-05-02 19:07:49', '2022-05-02 19:07:49'),
(1122, 'mexicana szószos bab', 'g', '2022-05-02 19:07:49', '2022-05-02 19:07:49'),
(1123, 'mexicana szószos bab', 'dkg', '2022-05-02 19:07:49', '2022-05-02 19:07:49'),
(1124, 'mexicana szószos bab', 'kg', '2022-05-02 19:07:49', '2022-05-02 19:07:49'),
(1125, 'sombrero mix', 'g', '2022-05-02 19:07:50', '2022-05-02 19:07:50'),
(1126, 'sombrero mix', 'dkg', '2022-05-02 19:07:50', '2022-05-02 19:07:50'),
(1127, 'sombrero mix', 'kg', '2022-05-02 19:07:50', '2022-05-02 19:07:50'),
(1128, 'paradicsomos babkonzerv', 'g', '2022-05-02 19:07:50', '2022-05-02 19:07:50'),
(1129, 'paradicsomos babkonzerv', 'dkg', '2022-05-02 19:07:50', '2022-05-02 19:07:50'),
(1130, 'paradicsomos babkonzerv', 'kg', '2022-05-02 19:07:50', '2022-05-02 19:07:50'),
(1131, 'jalapeño', 'db', '2022-05-02 19:07:50', '2022-05-02 19:07:50'),
(1132, 'jalapeño', 'dkg', '2022-05-02 19:07:50', '2022-05-02 19:07:50'),
(1133, 'jalapeño', 'kg', '2022-05-02 19:07:50', '2022-05-02 19:07:50'),
(1134, 'paprika', 'db', '2022-05-02 19:07:50', '2022-05-02 19:07:50'),
(1135, 'paprika', 'dkg', '2022-05-02 19:07:50', '2022-05-02 19:07:50'),
(1136, 'paprika', 'kg', '2022-05-02 19:07:50', '2022-05-02 19:07:50'),
(1137, 'pepperoni', 'db', '2022-05-02 19:07:50', '2022-05-02 19:07:50'),
(1138, 'pepperoni', 'dkg', '2022-05-02 19:07:50', '2022-05-02 19:07:50'),
(1139, 'pepperoni', 'kg', '2022-05-02 19:07:51', '2022-05-02 19:07:51'),
(1140, 'kápia paprika', 'db', '2022-05-02 19:07:51', '2022-05-02 19:07:51'),
(1141, 'kápia paprika', 'dkg', '2022-05-02 19:07:51', '2022-05-02 19:07:51'),
(1142, 'kápia paprika', 'kg', '2022-05-02 19:07:51', '2022-05-02 19:07:51'),
(1143, 'tv paprika', 'db', '2022-05-02 19:07:51', '2022-05-02 19:07:51'),
(1144, 'tv paprika', 'dkg', '2022-05-02 19:07:51', '2022-05-02 19:07:51'),
(1145, 'tv paprika', 'kg', '2022-05-02 19:07:51', '2022-05-02 19:07:51'),
(1146, 'piros kalifornia paprika', 'db', '2022-05-02 19:07:51', '2022-05-02 19:07:51'),
(1147, 'piros kalifornia paprika', 'dkg', '2022-05-02 19:07:51', '2022-05-02 19:07:51'),
(1148, 'piros kalifornia paprika', 'kg', '2022-05-02 19:07:51', '2022-05-02 19:07:51'),
(1149, 'zöldpaprika', 'db', '2022-05-02 19:07:51', '2022-05-02 19:07:51'),
(1150, 'zöldpaprika', 'dkg', '2022-05-02 19:07:51', '2022-05-02 19:07:51'),
(1151, 'zöldpaprika', 'kg', '2022-05-02 19:07:51', '2022-05-02 19:07:51'),
(1152, 'paradicsompaprika', 'db', '2022-05-02 19:07:51', '2022-05-02 19:07:51'),
(1153, 'paradicsompaprika', 'dkg', '2022-05-02 19:07:51', '2022-05-02 19:07:51'),
(1154, 'paradicsompaprika', 'kg', '2022-05-02 19:07:51', '2022-05-02 19:07:51'),
(1155, 'hegyes erős paprika', 'db', '2022-05-02 19:07:51', '2022-05-02 19:07:51'),
(1156, 'hegyes erős paprika', 'dkg', '2022-05-02 19:07:51', '2022-05-02 19:07:51'),
(1157, 'hegyes erős paprika', 'kg', '2022-05-02 19:07:52', '2022-05-02 19:07:52'),
(1158, 'pritaminpaprika', 'db', '2022-05-02 19:07:52', '2022-05-02 19:07:52'),
(1159, 'pritaminpaprika', 'dkg', '2022-05-02 19:07:52', '2022-05-02 19:07:52'),
(1160, 'pritaminpaprika', 'kg', '2022-05-02 19:07:52', '2022-05-02 19:07:52'),
(1161, 'zöld kaliforniai paprika', 'db', '2022-05-02 19:07:52', '2022-05-02 19:07:52'),
(1162, 'zöld kaliforniai paprika', 'dkg', '2022-05-02 19:07:52', '2022-05-02 19:07:52'),
(1163, 'zöld kaliforniai paprika', 'kg', '2022-05-02 19:07:52', '2022-05-02 19:07:52'),
(1164, 'sárga kaliforniai paprika', 'db', '2022-05-02 19:07:52', '2022-05-02 19:07:52'),
(1165, 'sárga kaliforniai paprika', 'dkg', '2022-05-02 19:07:52', '2022-05-02 19:07:52'),
(1166, 'sárga kaliforniai paprika', 'kg', '2022-05-02 19:07:52', '2022-05-02 19:07:52'),
(1167, 'lecsópaprika', 'db', '2022-05-02 19:07:52', '2022-05-02 19:07:52'),
(1168, 'lecsópaprika', 'dkg', '2022-05-02 19:07:52', '2022-05-02 19:07:52'),
(1169, 'lecsópaprika', 'kg', '2022-05-02 19:07:52', '2022-05-02 19:07:52'),
(1170, 'almapaprika', 'db', '2022-05-02 19:07:52', '2022-05-02 19:07:52'),
(1171, 'almapaprika', 'dkg', '2022-05-02 19:07:52', '2022-05-02 19:07:52'),
(1172, 'almapaprika', 'kg', '2022-05-02 19:07:52', '2022-05-02 19:07:52'),
(1173, 'savanyú káposzta', 'g', '2022-05-02 19:07:52', '2022-05-02 19:07:52'),
(1174, 'savanyú káposzta', 'dkg', '2022-05-02 19:07:52', '2022-05-02 19:07:52'),
(1175, 'savanyú káposzta', 'kg', '2022-05-02 19:07:52', '2022-05-02 19:07:52'),
(1176, 'csemegeuborka', 'db', '2022-05-02 19:07:52', '2022-05-02 19:07:52'),
(1177, 'csemegeuborka', 'dkg', '2022-05-02 19:07:53', '2022-05-02 19:07:53'),
(1178, 'csemegeuborka', 'kg', '2022-05-02 19:07:53', '2022-05-02 19:07:53'),
(1179, 'ecetes gyöngyhagyma', 'g', '2022-05-02 19:07:53', '2022-05-02 19:07:53'),
(1180, 'ecetes gyöngyhagyma', 'dkg', '2022-05-02 19:07:53', '2022-05-02 19:07:53'),
(1181, 'ecetes gyöngyhagyma', 'kg', '2022-05-02 19:07:53', '2022-05-02 19:07:53'),
(1182, 'ecetes cékla', 'g', '2022-05-02 19:07:53', '2022-05-02 19:07:53'),
(1183, 'ecetes cékla', 'dkg', '2022-05-02 19:07:54', '2022-05-02 19:07:54'),
(1184, 'ecetes cékla', 'kg', '2022-05-02 19:07:54', '2022-05-02 19:07:54'),
(1185, 'kovászos uborka', 'db', '2022-05-02 19:07:54', '2022-05-02 19:07:54'),
(1186, 'kovászos uborka', 'dkg', '2022-05-02 19:07:54', '2022-05-02 19:07:54'),
(1187, 'kovászos uborka', 'kg', '2022-05-02 19:07:54', '2022-05-02 19:07:54'),
(1188, 'kovászosuborkalé', 'ml', '2022-05-02 19:07:54', '2022-05-02 19:07:54'),
(1189, 'kovászosuborkalé', 'cl', '2022-05-02 19:07:54', '2022-05-02 19:07:54'),
(1190, 'kovászosuborkalé', 'dl', '2022-05-02 19:07:55', '2022-05-02 19:07:55'),
(1191, 'kovászosuborkalé', 'l', '2022-05-02 19:07:55', '2022-05-02 19:07:55'),
(1192, 'cseresznyepaprika', 'db', '2022-05-02 19:07:55', '2022-05-02 19:07:55'),
(1193, 'cseresznyepaprika', 'dkg', '2022-05-02 19:07:55', '2022-05-02 19:07:55'),
(1194, 'cseresznyepaprika', 'kg', '2022-05-02 19:07:56', '2022-05-02 19:07:56'),
(1195, 'savanyított kerekrépa', 'db', '2022-05-02 19:07:56', '2022-05-02 19:07:56'),
(1196, 'savanyított kerekrépa', 'dkg', '2022-05-02 19:07:56', '2022-05-02 19:07:56'),
(1197, 'savanyított kerekrépa', 'kg', '2022-05-02 19:07:56', '2022-05-02 19:07:56'),
(1198, 'ecetes almapaprika', 'db', '2022-05-02 19:07:56', '2022-05-02 19:07:56'),
(1199, 'ecetes almapaprika', 'dkg', '2022-05-02 19:07:56', '2022-05-02 19:07:56'),
(1200, 'ecetes almapaprika', 'kg', '2022-05-02 19:07:56', '2022-05-02 19:07:56'),
(1201, 'vegyes savanyúság', 'g', '2022-05-02 19:07:56', '2022-05-02 19:07:56'),
(1202, 'vegyes savanyúság', 'dkg', '2022-05-02 19:07:56', '2022-05-02 19:07:56'),
(1203, 'vegyes savanyúság', 'kg', '2022-05-02 19:07:56', '2022-05-02 19:07:56'),
(1204, 'savanyúkáposztalé', 'ml', '2022-05-02 19:07:56', '2022-05-02 19:07:56'),
(1205, 'savanyúkáposztalé', 'cl', '2022-05-02 19:07:57', '2022-05-02 19:07:57'),
(1206, 'savanyúkáposztalé', 'dl', '2022-05-02 19:07:57', '2022-05-02 19:07:57'),
(1207, 'savanyúkáposztalé', 'l', '2022-05-02 19:07:57', '2022-05-02 19:07:57'),
(1208, 'cukkini', 'db', '2022-05-02 19:07:57', '2022-05-02 19:07:57'),
(1209, 'cukkini', 'dkg', '2022-05-02 19:07:57', '2022-05-02 19:07:57'),
(1210, 'cukkini', 'kg', '2022-05-02 19:07:57', '2022-05-02 19:07:57'),
(1211, 'sütőtök', 'db', '2022-05-02 19:07:57', '2022-05-02 19:07:57'),
(1212, 'sütőtök', 'dkg', '2022-05-02 19:07:57', '2022-05-02 19:07:57'),
(1213, 'sütőtök', 'kg', '2022-05-02 19:07:57', '2022-05-02 19:07:57'),
(1214, 'közönséges tök', 'db', '2022-05-02 19:07:57', '2022-05-02 19:07:57'),
(1215, 'közönséges tök', 'dkg', '2022-05-02 19:07:57', '2022-05-02 19:07:57'),
(1216, 'közönséges tök', 'kg', '2022-05-02 19:07:57', '2022-05-02 19:07:57'),
(1217, 'fehér spárga', 'db', '2022-05-02 19:07:57', '2022-05-02 19:07:57'),
(1218, 'fehér spárga', 'dkg', '2022-05-02 19:07:58', '2022-05-02 19:07:58'),
(1219, 'fehér spárga', 'kg', '2022-05-02 19:07:58', '2022-05-02 19:07:58'),
(1220, 'hokkaido tök', 'db', '2022-05-02 19:07:58', '2022-05-02 19:07:58'),
(1221, 'hokkaido tök', 'dkg', '2022-05-02 19:07:58', '2022-05-02 19:07:58'),
(1222, 'hokkaido tök', 'kg', '2022-05-02 19:07:58', '2022-05-02 19:07:58'),
(1223, 'patisszon', 'db', '2022-05-02 19:07:58', '2022-05-02 19:07:58'),
(1224, 'patisszon', 'dkg', '2022-05-02 19:07:58', '2022-05-02 19:07:58'),
(1225, 'patisszon', 'kg', '2022-05-02 19:07:58', '2022-05-02 19:07:58'),
(1226, 'chayote', 'db', '2022-05-02 19:07:58', '2022-05-02 19:07:58'),
(1227, 'chayote', 'dkg', '2022-05-02 19:07:58', '2022-05-02 19:07:58'),
(1228, 'chayote', 'kg', '2022-05-02 19:07:58', '2022-05-02 19:07:58'),
(1229, 'istengyalulta tök', 'db', '2022-05-02 19:07:58', '2022-05-02 19:07:58'),
(1230, 'istengyalulta tök', 'dkg', '2022-05-02 19:07:58', '2022-05-02 19:07:58'),
(1231, 'istengyalulta tök', 'kg', '2022-05-02 19:07:58', '2022-05-02 19:07:58'),
(1232, 'sonkatök', 'db', '2022-05-02 19:07:58', '2022-05-02 19:07:58'),
(1233, 'sonkatök', 'dkg', '2022-05-02 19:07:58', '2022-05-02 19:07:58'),
(1234, 'sonkatök', 'kg', '2022-05-02 19:07:58', '2022-05-02 19:07:58'),
(1235, 'kanadai sütőtök', 'db', '2022-05-02 19:07:59', '2022-05-02 19:07:59'),
(1236, 'kanadai sütőtök', 'dkg', '2022-05-02 19:07:59', '2022-05-02 19:07:59'),
(1237, 'kanadai sütőtök', 'kg', '2022-05-02 19:07:59', '2022-05-02 19:07:59'),
(1238, 'spárgatök', 'db', '2022-05-02 19:07:59', '2022-05-02 19:07:59'),
(1239, 'spárgatök', 'dkg', '2022-05-02 19:07:59', '2022-05-02 19:07:59'),
(1240, 'spárgatök', 'kg', '2022-05-02 19:07:59', '2022-05-02 19:07:59'),
(1241, 'zöldspárga', 'db', '2022-05-02 19:07:59', '2022-05-02 19:07:59'),
(1242, 'zöldspárga', 'dkg', '2022-05-02 19:07:59', '2022-05-02 19:07:59'),
(1243, 'zöldspárga', 'kg', '2022-05-02 19:07:59', '2022-05-02 19:07:59'),
(1244, 'tengeri spárga', 'db', '2022-05-02 19:08:00', '2022-05-02 19:08:00'),
(1245, 'tengeri spárga', 'dkg', '2022-05-02 19:08:00', '2022-05-02 19:08:00'),
(1246, 'tengeri spárga', 'kg', '2022-05-02 19:08:00', '2022-05-02 19:08:00'),
(1247, 'cukkinivirág', 'db', '2022-05-02 19:08:00', '2022-05-02 19:08:00'),
(1248, 'cukkinivirág', 'dkg', '2022-05-02 19:08:00', '2022-05-02 19:08:00'),
(1249, 'cukkinivirág', 'kg', '2022-05-02 19:08:00', '2022-05-02 19:08:00'),
(1250, 'sertészsír', 'g', '2022-05-02 19:08:01', '2022-05-02 19:08:01'),
(1251, 'sertészsír', 'dkg', '2022-05-02 19:08:01', '2022-05-02 19:08:01'),
(1252, 'sertészsír', 'ek', '2022-05-02 19:08:01', '2022-05-02 19:08:01'),
(1253, 'kacsazsír', 'g', '2022-05-02 19:08:01', '2022-05-02 19:08:01'),
(1254, 'kacsazsír', 'dkg', '2022-05-02 19:08:01', '2022-05-02 19:08:01'),
(1255, 'kacsazsír', 'ek', '2022-05-02 19:08:01', '2022-05-02 19:08:01'),
(1256, 'kacsa testháj', 'g', '2022-05-02 19:08:02', '2022-05-02 19:08:02'),
(1257, 'kacsa testháj', 'dkg', '2022-05-02 19:08:02', '2022-05-02 19:08:02'),
(1258, 'kacsa testháj', 'ek', '2022-05-02 19:08:02', '2022-05-02 19:08:02'),
(1259, 'libazsír', 'g', '2022-05-02 19:08:03', '2022-05-02 19:08:03'),
(1260, 'libazsír', 'dkg', '2022-05-02 19:08:03', '2022-05-02 19:08:03'),
(1261, 'libazsír', 'ek', '2022-05-02 19:08:03', '2022-05-02 19:08:03'),
(1262, 'libaháj', 'g', '2022-05-02 19:08:03', '2022-05-02 19:08:03'),
(1263, 'libaháj', 'dkg', '2022-05-02 19:08:03', '2022-05-02 19:08:03'),
(1264, 'libaháj', 'ek', '2022-05-02 19:08:03', '2022-05-02 19:08:03'),
(1265, 'disznózsír', 'g', '2022-05-02 19:08:03', '2022-05-02 19:08:03'),
(1266, 'disznózsír', 'dkg', '2022-05-02 19:08:03', '2022-05-02 19:08:03'),
(1267, 'disznózsír', 'ek', '2022-05-02 19:08:03', '2022-05-02 19:08:03'),
(1268, 'mangalica zsír', 'g', '2022-05-02 19:08:03', '2022-05-02 19:08:03'),
(1269, 'mangalica zsír', 'dkg', '2022-05-02 19:08:03', '2022-05-02 19:08:03'),
(1270, 'mangalica zsír', 'ek', '2022-05-02 19:08:03', '2022-05-02 19:08:03'),
(1271, 'halolaj', 'g', '2022-05-02 19:08:03', '2022-05-02 19:08:03'),
(1272, 'halolaj', 'dkg', '2022-05-02 19:08:03', '2022-05-02 19:08:03'),
(1273, 'halolaj', 'ek', '2022-05-02 19:08:03', '2022-05-02 19:08:03'),
(1274, 'pecsenyezsír', 'g', '2022-05-02 19:08:03', '2022-05-02 19:08:03'),
(1275, 'pecsenyezsír', 'dkg', '2022-05-02 19:08:04', '2022-05-02 19:08:04'),
(1276, 'pecsenyezsír', 'ek', '2022-05-02 19:08:04', '2022-05-02 19:08:04'),
(1277, 'margarin', 'g', '2022-05-02 19:08:04', '2022-05-02 19:08:04'),
(1278, 'margarin', 'dkg', '2022-05-02 19:08:04', '2022-05-02 19:08:04'),
(1279, 'margarin', 'ek', '2022-05-02 19:08:04', '2022-05-02 19:08:04'),
(1280, 'tökmagolaj', 'cl', '2022-05-02 19:08:04', '2022-05-02 19:08:04'),
(1281, 'tökmagolaj', 'dl', '2022-05-02 19:08:04', '2022-05-02 19:08:04'),
(1282, 'tökmagolaj', 'ek', '2022-05-02 19:08:04', '2022-05-02 19:08:04'),
(1283, 'kókuszolaj', 'cl', '2022-05-02 19:08:04', '2022-05-02 19:08:04'),
(1284, 'kókuszolaj', 'dl', '2022-05-02 19:08:04', '2022-05-02 19:08:04'),
(1285, 'kókuszolaj', 'ek', '2022-05-02 19:08:04', '2022-05-02 19:08:04'),
(1286, 'szőlőmagolaj', 'cl', '2022-05-02 19:08:05', '2022-05-02 19:08:05'),
(1287, 'szőlőmagolaj', 'dl', '2022-05-02 19:08:05', '2022-05-02 19:08:05'),
(1288, 'szőlőmagolaj', 'ek', '2022-05-02 19:08:05', '2022-05-02 19:08:05'),
(1289, 'napraforgó olaj', 'cl', '2022-05-02 19:08:05', '2022-05-02 19:08:05'),
(1290, 'napraforgó olaj', 'dl', '2022-05-02 19:08:05', '2022-05-02 19:08:05'),
(1291, 'napraforgó olaj', 'ek', '2022-05-02 19:08:05', '2022-05-02 19:08:05'),
(1292, 'szezámolaj', 'cl', '2022-05-02 19:08:05', '2022-05-02 19:08:05'),
(1293, 'szezámolaj', 'dl', '2022-05-02 19:08:05', '2022-05-02 19:08:05'),
(1294, 'szezámolaj', 'ek', '2022-05-02 19:08:05', '2022-05-02 19:08:05'),
(1295, 'repceolaj', 'cl', '2022-05-02 19:08:05', '2022-05-02 19:08:05'),
(1296, 'repceolaj', 'dl', '2022-05-02 19:08:05', '2022-05-02 19:08:05'),
(1297, 'repceolaj', 'ek', '2022-05-02 19:08:05', '2022-05-02 19:08:05'),
(1298, 'kókuszzsír', 'kk', '2022-05-02 19:08:05', '2022-05-02 19:08:05'),
(1299, 'kókuszzsír', 'tk', '2022-05-02 19:08:05', '2022-05-02 19:08:05'),
(1300, 'kókuszzsír', 'ek', '2022-05-02 19:08:05', '2022-05-02 19:08:05'),
(1301, 'chiliolaj', 'cl', '2022-05-02 19:08:05', '2022-05-02 19:08:05'),
(1302, 'chiliolaj', 'dl', '2022-05-02 19:08:05', '2022-05-02 19:08:05'),
(1303, 'chiliolaj', 'ek', '2022-05-02 19:08:05', '2022-05-02 19:08:05'),
(1304, 'dióolaj', 'cl', '2022-05-02 19:08:06', '2022-05-02 19:08:06'),
(1305, 'dióolaj', 'dl', '2022-05-02 19:08:06', '2022-05-02 19:08:06'),
(1306, 'dióolaj', 'ek', '2022-05-02 19:08:06', '2022-05-02 19:08:06'),
(1307, 'földimogyoró olaj', 'cl', '2022-05-02 19:08:06', '2022-05-02 19:08:06'),
(1308, 'földimogyoró olaj', 'dl', '2022-05-02 19:08:06', '2022-05-02 19:08:06'),
(1309, 'földimogyoró olaj', 'ek', '2022-05-02 19:08:06', '2022-05-02 19:08:06'),
(1310, 'pálmazsír', 'g', '2022-05-02 19:08:06', '2022-05-02 19:08:06'),
(1311, 'pálmazsír', 'kk', '2022-05-02 19:08:06', '2022-05-02 19:08:06'),
(1312, 'pálmazsír', 'tk', '2022-05-02 19:08:06', '2022-05-02 19:08:06'),
(1313, 'pálmazsír', 'ek', '2022-05-02 19:08:07', '2022-05-02 19:08:07'),
(1314, 'mogyoróolaj', 'cl', '2022-05-02 19:08:07', '2022-05-02 19:08:07'),
(1315, 'mogyoróolaj', 'dl', '2022-05-02 19:08:07', '2022-05-02 19:08:07'),
(1316, 'mogyoróolaj', 'ek', '2022-05-02 19:08:07', '2022-05-02 19:08:07'),
(1317, 'kukoricaolaj', 'cl', '2022-05-02 19:08:07', '2022-05-02 19:08:07'),
(1318, 'kukoricaolaj', 'dl', '2022-05-02 19:08:07', '2022-05-02 19:08:07'),
(1319, 'kukoricaolaj', 'ek', '2022-05-02 19:08:07', '2022-05-02 19:08:07'),
(1320, 'lenmagolaj', 'kk', '2022-05-02 19:08:07', '2022-05-02 19:08:07'),
(1321, 'lenmagolaj', 'tk', '2022-05-02 19:08:07', '2022-05-02 19:08:07'),
(1322, 'lenmagolaj', 'ek', '2022-05-02 19:08:08', '2022-05-02 19:08:08'),
(1323, 'szójaolaj', 'cl', '2022-05-02 19:08:08', '2022-05-02 19:08:08'),
(1324, 'szójaolaj', 'dl', '2022-05-02 19:08:08', '2022-05-02 19:08:08'),
(1325, 'szójaolaj', 'ek', '2022-05-02 19:08:08', '2022-05-02 19:08:08'),
(1326, 'kakaóvaj', 'g', '2022-05-02 19:08:08', '2022-05-02 19:08:08'),
(1327, 'kakaóvaj', 'dkg', '2022-05-02 19:08:08', '2022-05-02 19:08:08'),
(1328, 'kakaóvaj', 'ek', '2022-05-02 19:08:08', '2022-05-02 19:08:08'),
(1329, 'ánizsolaj', 'cl', '2022-05-02 19:08:08', '2022-05-02 19:08:08'),
(1330, 'ánizsolaj', 'dl', '2022-05-02 19:08:08', '2022-05-02 19:08:08'),
(1331, 'ánizsolaj', 'kk', '2022-05-02 19:08:08', '2022-05-02 19:08:08'),
(1332, 'ánizsolaj', 'tk', '2022-05-02 19:08:08', '2022-05-02 19:08:08'),
(1333, 'ánizsolaj', 'ek', '2022-05-02 19:08:08', '2022-05-02 19:08:08'),
(1334, 'Rama', 'g', '2022-05-02 19:08:08', '2022-05-02 19:08:08'),
(1335, 'Rama', 'dkg', '2022-05-02 19:08:08', '2022-05-02 19:08:08'),
(1336, 'Rama', 'ek', '2022-05-02 19:08:08', '2022-05-02 19:08:08'),
(1337, 'tejmentes margarin', 'g', '2022-05-02 19:08:08', '2022-05-02 19:08:08'),
(1338, 'tejmentes margarin', 'dkg', '2022-05-02 19:08:08', '2022-05-02 19:08:08'),
(1339, 'tejmentes margarin', 'ek', '2022-05-02 19:08:09', '2022-05-02 19:08:09'),
(1340, 'szarvasgombás olaj', 'cl', '2022-05-02 19:08:09', '2022-05-02 19:08:09'),
(1341, 'szarvasgombás olaj', 'dl', '2022-05-02 19:08:10', '2022-05-02 19:08:10'),
(1342, 'szarvasgombás olaj', 'kk', '2022-05-02 19:08:10', '2022-05-02 19:08:10'),
(1343, 'szarvasgombás olaj', 'tk', '2022-05-02 19:08:10', '2022-05-02 19:08:10'),
(1344, 'szarvasgombás olaj', 'ek', '2022-05-02 19:08:10', '2022-05-02 19:08:10'),
(1345, 'sütőmargarin', 'g', '2022-05-02 19:08:10', '2022-05-02 19:08:10'),
(1346, 'sütőmargarin', 'dkg', '2022-05-02 19:08:10', '2022-05-02 19:08:10'),
(1347, 'sütőmargarin', 'ek', '2022-05-02 19:08:10', '2022-05-02 19:08:10'),
(1348, 'fűszerpaprikamag-olaj', 'cl', '2022-05-02 19:08:10', '2022-05-02 19:08:10'),
(1349, 'fűszerpaprikamag-olaj', 'dl', '2022-05-02 19:08:10', '2022-05-02 19:08:10'),
(1350, 'fűszerpaprikamag-olaj', 'kk', '2022-05-02 19:08:10', '2022-05-02 19:08:10'),
(1351, 'fűszerpaprikamag-olaj', 'tk', '2022-05-02 19:08:10', '2022-05-02 19:08:10'),
(1352, 'fűszerpaprikamag-olaj', 'ek', '2022-05-02 19:08:10', '2022-05-02 19:08:10'),
(1353, 'rozmaring', 'késhegynyi', '2022-05-02 19:08:11', '2022-05-02 19:08:11'),
(1354, 'rozmaring', 'ízlés szerint', '2022-05-02 19:08:11', '2022-05-02 19:08:11'),
(1355, 'rozmaring', 'csipet', '2022-05-02 19:08:11', '2022-05-02 19:08:11'),
(1356, 'rozmaring', 'kk', '2022-05-02 19:08:11', '2022-05-02 19:08:11'),
(1357, 'rozmaring', 'g', '2022-05-02 19:08:11', '2022-05-02 19:08:11'),
(1358, 'rozmaring', 'szál', '2022-05-02 19:08:11', '2022-05-02 19:08:11'),
(1359, 'petrezselyem', 'késhegynyi', '2022-05-02 19:08:11', '2022-05-02 19:08:11'),
(1360, 'petrezselyem', 'ízlés szerint', '2022-05-02 19:08:11', '2022-05-02 19:08:11'),
(1361, 'petrezselyem', 'csipet', '2022-05-02 19:08:11', '2022-05-02 19:08:11'),
(1362, 'petrezselyem', 'kk', '2022-05-02 19:08:11', '2022-05-02 19:08:11'),
(1363, 'petrezselyem', 'g', '2022-05-02 19:08:11', '2022-05-02 19:08:11'),
(1364, 'petrezselyem', 'szál', '2022-05-02 19:08:11', '2022-05-02 19:08:11'),
(1365, 'menta', 'késhegynyi', '2022-05-02 19:08:11', '2022-05-02 19:08:11'),
(1366, 'menta', 'ízlés szerint', '2022-05-02 19:08:11', '2022-05-02 19:08:11'),
(1367, 'menta', 'csipet', '2022-05-02 19:08:12', '2022-05-02 19:08:12'),
(1368, 'menta', 'kk', '2022-05-02 19:08:12', '2022-05-02 19:08:12'),
(1369, 'menta', 'g', '2022-05-02 19:08:12', '2022-05-02 19:08:12'),
(1370, 'menta', 'szál', '2022-05-02 19:08:12', '2022-05-02 19:08:12'),
(1371, 'bazsalikom', 'késhegynyi', '2022-05-02 19:08:12', '2022-05-02 19:08:12'),
(1372, 'bazsalikom', 'ízlés szerint', '2022-05-02 19:08:12', '2022-05-02 19:08:12'),
(1373, 'bazsalikom', 'csipet', '2022-05-02 19:08:12', '2022-05-02 19:08:12'),
(1374, 'bazsalikom', 'kk', '2022-05-02 19:08:12', '2022-05-02 19:08:12'),
(1375, 'bazsalikom', 'g', '2022-05-02 19:08:12', '2022-05-02 19:08:12'),
(1376, 'bazsalikom', 'szál', '2022-05-02 19:08:12', '2022-05-02 19:08:12');
INSERT INTO `alapanyag_mertekegysegs` (`am_id`, `alapanyag`, `mertekegyseg`, `created_at`, `updated_at`) VALUES
(1377, 'zsálya', 'késhegynyi', '2022-05-02 19:08:12', '2022-05-02 19:08:12'),
(1378, 'zsálya', 'ízlés szerint', '2022-05-02 19:08:12', '2022-05-02 19:08:12'),
(1379, 'zsálya', 'csipet', '2022-05-02 19:08:13', '2022-05-02 19:08:13'),
(1380, 'zsálya', 'kk', '2022-05-02 19:08:13', '2022-05-02 19:08:13'),
(1381, 'zsálya', 'g', '2022-05-02 19:08:13', '2022-05-02 19:08:13'),
(1382, 'zsálya', 'szál', '2022-05-02 19:08:13', '2022-05-02 19:08:13'),
(1383, 'kakukkfű', 'késhegynyi', '2022-05-02 19:08:13', '2022-05-02 19:08:13'),
(1384, 'kakukkfű', 'ízlés szerint', '2022-05-02 19:08:14', '2022-05-02 19:08:14'),
(1385, 'kakukkfű', 'csipet', '2022-05-02 19:08:14', '2022-05-02 19:08:14'),
(1386, 'kakukkfű', 'kk', '2022-05-02 19:08:14', '2022-05-02 19:08:14'),
(1387, 'kakukkfű', 'g', '2022-05-02 19:08:14', '2022-05-02 19:08:14'),
(1388, 'kakukkfű', 'szál', '2022-05-02 19:08:14', '2022-05-02 19:08:14'),
(1389, 'kapor', 'késhegynyi', '2022-05-02 19:08:14', '2022-05-02 19:08:14'),
(1390, 'kapor', 'ízlés szerint', '2022-05-02 19:08:14', '2022-05-02 19:08:14'),
(1391, 'kapor', 'csipet', '2022-05-02 19:08:14', '2022-05-02 19:08:14'),
(1392, 'kapor', 'kk', '2022-05-02 19:08:14', '2022-05-02 19:08:14'),
(1393, 'kapor', 'g', '2022-05-02 19:08:14', '2022-05-02 19:08:14'),
(1394, 'kapor', 'szál', '2022-05-02 19:08:14', '2022-05-02 19:08:14'),
(1395, 'oregánó', 'késhegynyi', '2022-05-02 19:08:14', '2022-05-02 19:08:14'),
(1396, 'oregánó', 'ízlés szerint', '2022-05-02 19:08:14', '2022-05-02 19:08:14'),
(1397, 'oregánó', 'csipet', '2022-05-02 19:08:14', '2022-05-02 19:08:14'),
(1398, 'oregánó', 'kk', '2022-05-02 19:08:15', '2022-05-02 19:08:15'),
(1399, 'oregánó', 'g', '2022-05-02 19:08:15', '2022-05-02 19:08:15'),
(1400, 'oregánó', 'szál', '2022-05-02 19:08:15', '2022-05-02 19:08:15'),
(1401, 'gyömbér', 'késhegynyi', '2022-05-02 19:08:15', '2022-05-02 19:08:15'),
(1402, 'gyömbér', 'ízlés szerint', '2022-05-02 19:08:15', '2022-05-02 19:08:15'),
(1403, 'gyömbér', 'csipet', '2022-05-02 19:08:15', '2022-05-02 19:08:15'),
(1404, 'gyömbér', 'kk', '2022-05-02 19:08:15', '2022-05-02 19:08:15'),
(1405, 'gyömbér', 'g', '2022-05-02 19:08:15', '2022-05-02 19:08:15'),
(1406, 'gyömbér', 'szál', '2022-05-02 19:08:15', '2022-05-02 19:08:15'),
(1407, 'sáfrány', 'késhegynyi', '2022-05-02 19:08:16', '2022-05-02 19:08:16'),
(1408, 'sáfrány', 'ízlés szerint', '2022-05-02 19:08:16', '2022-05-02 19:08:16'),
(1409, 'sáfrány', 'csipet', '2022-05-02 19:08:16', '2022-05-02 19:08:16'),
(1410, 'sáfrány', 'kk', '2022-05-02 19:08:16', '2022-05-02 19:08:16'),
(1411, 'sáfrány', 'g', '2022-05-02 19:08:16', '2022-05-02 19:08:16'),
(1412, 'sáfrány', 'szál', '2022-05-02 19:08:16', '2022-05-02 19:08:16'),
(1413, 'koriander', 'késhegynyi', '2022-05-02 19:08:16', '2022-05-02 19:08:16'),
(1414, 'koriander', 'ízlés szerint', '2022-05-02 19:08:16', '2022-05-02 19:08:16'),
(1415, 'koriander', 'csipet', '2022-05-02 19:08:16', '2022-05-02 19:08:16'),
(1416, 'koriander', 'kk', '2022-05-02 19:08:17', '2022-05-02 19:08:17'),
(1417, 'koriander', 'g', '2022-05-02 19:08:17', '2022-05-02 19:08:17'),
(1418, 'koriander', 'szál', '2022-05-02 19:08:17', '2022-05-02 19:08:17'),
(1419, 'wakame', 'késhegynyi', '2022-05-02 19:08:17', '2022-05-02 19:08:17'),
(1420, 'wakame', 'ízlés szerint', '2022-05-02 19:08:17', '2022-05-02 19:08:17'),
(1421, 'wakame', 'csipet', '2022-05-02 19:08:17', '2022-05-02 19:08:17'),
(1422, 'wakame', 'kk', '2022-05-02 19:08:17', '2022-05-02 19:08:17'),
(1423, 'wakame', 'g', '2022-05-02 19:08:17', '2022-05-02 19:08:17'),
(1424, 'wakame', 'szál', '2022-05-02 19:08:17', '2022-05-02 19:08:17'),
(1425, 'tárkony', 'késhegynyi', '2022-05-02 19:08:17', '2022-05-02 19:08:17'),
(1426, 'tárkony', 'ízlés szerint', '2022-05-02 19:08:17', '2022-05-02 19:08:17'),
(1427, 'tárkony', 'csipet', '2022-05-02 19:08:17', '2022-05-02 19:08:17'),
(1428, 'tárkony', 'kk', '2022-05-02 19:08:17', '2022-05-02 19:08:17'),
(1429, 'tárkony', 'g', '2022-05-02 19:08:17', '2022-05-02 19:08:17'),
(1430, 'tárkony', 'szál', '2022-05-02 19:08:17', '2022-05-02 19:08:17'),
(1431, 'izsóp', 'késhegynyi', '2022-05-02 19:08:17', '2022-05-02 19:08:17'),
(1432, 'izsóp', 'ízlés szerint', '2022-05-02 19:08:18', '2022-05-02 19:08:18'),
(1433, 'izsóp', 'csipet', '2022-05-02 19:08:18', '2022-05-02 19:08:18'),
(1434, 'izsóp', 'kk', '2022-05-02 19:08:18', '2022-05-02 19:08:18'),
(1435, 'izsóp', 'g', '2022-05-02 19:08:18', '2022-05-02 19:08:18'),
(1436, 'izsóp', 'szál', '2022-05-02 19:08:18', '2022-05-02 19:08:18'),
(1437, 'turbolya', 'késhegynyi', '2022-05-02 19:08:18', '2022-05-02 19:08:18'),
(1438, 'turbolya', 'ízlés szerint', '2022-05-02 19:08:18', '2022-05-02 19:08:18'),
(1439, 'turbolya', 'csipet', '2022-05-02 19:08:18', '2022-05-02 19:08:18'),
(1440, 'turbolya', 'kk', '2022-05-02 19:08:18', '2022-05-02 19:08:18'),
(1441, 'turbolya', 'g', '2022-05-02 19:08:18', '2022-05-02 19:08:18'),
(1442, 'turbolya', 'szál', '2022-05-02 19:08:18', '2022-05-02 19:08:18'),
(1443, 'snidling', 'késhegynyi', '2022-05-02 19:08:19', '2022-05-02 19:08:19'),
(1444, 'snidling', 'ízlés szerint', '2022-05-02 19:08:19', '2022-05-02 19:08:19'),
(1445, 'snidling', 'csipet', '2022-05-02 19:08:19', '2022-05-02 19:08:19'),
(1446, 'snidling', 'kk', '2022-05-02 19:08:19', '2022-05-02 19:08:19'),
(1447, 'snidling', 'g', '2022-05-02 19:08:19', '2022-05-02 19:08:19'),
(1448, 'snidling', 'szál', '2022-05-02 19:08:19', '2022-05-02 19:08:19'),
(1449, 'citromfű', 'késhegynyi', '2022-05-02 19:08:19', '2022-05-02 19:08:19'),
(1450, 'citromfű', 'ízlés szerint', '2022-05-02 19:08:19', '2022-05-02 19:08:19'),
(1451, 'citromfű', 'csipet', '2022-05-02 19:08:19', '2022-05-02 19:08:19'),
(1452, 'citromfű', 'kk', '2022-05-02 19:08:19', '2022-05-02 19:08:19'),
(1453, 'citromfű', 'g', '2022-05-02 19:08:19', '2022-05-02 19:08:19'),
(1454, 'citromfű', 'szál', '2022-05-02 19:08:19', '2022-05-02 19:08:19'),
(1455, 'majoranna', 'késhegynyi', '2022-05-02 19:08:19', '2022-05-02 19:08:19'),
(1456, 'majoranna', 'ízlés szerint', '2022-05-02 19:08:20', '2022-05-02 19:08:20'),
(1457, 'majoranna', 'csipet', '2022-05-02 19:08:20', '2022-05-02 19:08:20'),
(1458, 'majoranna', 'kk', '2022-05-02 19:08:20', '2022-05-02 19:08:20'),
(1459, 'majoranna', 'g', '2022-05-02 19:08:20', '2022-05-02 19:08:20'),
(1460, 'majoranna', 'szál', '2022-05-02 19:08:20', '2022-05-02 19:08:20'),
(1461, 'chili', 'késhegynyi', '2022-05-02 19:08:20', '2022-05-02 19:08:20'),
(1462, 'chili', 'ízlés szerint', '2022-05-02 19:08:20', '2022-05-02 19:08:20'),
(1463, 'chili', 'csipet', '2022-05-02 19:08:20', '2022-05-02 19:08:20'),
(1464, 'chili', 'kk', '2022-05-02 19:08:20', '2022-05-02 19:08:20'),
(1465, 'chili', 'g', '2022-05-02 19:08:20', '2022-05-02 19:08:20'),
(1466, 'chili', 'szál', '2022-05-02 19:08:20', '2022-05-02 19:08:20'),
(1467, 'torma', 'késhegynyi', '2022-05-02 19:08:20', '2022-05-02 19:08:20'),
(1468, 'torma', 'ízlés szerint', '2022-05-02 19:08:20', '2022-05-02 19:08:20'),
(1469, 'torma', 'csipet', '2022-05-02 19:08:20', '2022-05-02 19:08:20'),
(1470, 'torma', 'kk', '2022-05-02 19:08:20', '2022-05-02 19:08:20'),
(1471, 'torma', 'g', '2022-05-02 19:08:20', '2022-05-02 19:08:20'),
(1472, 'torma', 'szál', '2022-05-02 19:08:20', '2022-05-02 19:08:20'),
(1473, 'fenyérfű', 'késhegynyi', '2022-05-02 19:08:21', '2022-05-02 19:08:21'),
(1474, 'fenyérfű', 'ízlés szerint', '2022-05-02 19:08:21', '2022-05-02 19:08:21'),
(1475, 'fenyérfű', 'csipet', '2022-05-02 19:08:21', '2022-05-02 19:08:21'),
(1476, 'fenyérfű', 'kk', '2022-05-02 19:08:21', '2022-05-02 19:08:21'),
(1477, 'fenyérfű', 'g', '2022-05-02 19:08:21', '2022-05-02 19:08:21'),
(1478, 'fenyérfű', 'szál', '2022-05-02 19:08:21', '2022-05-02 19:08:21'),
(1479, 'curry levél', 'késhegynyi', '2022-05-02 19:08:21', '2022-05-02 19:08:21'),
(1480, 'curry levél', 'ízlés szerint', '2022-05-02 19:08:21', '2022-05-02 19:08:21'),
(1481, 'curry levél', 'csipet', '2022-05-02 19:08:21', '2022-05-02 19:08:21'),
(1482, 'curry levél', 'kk', '2022-05-02 19:08:21', '2022-05-02 19:08:21'),
(1483, 'curry levél', 'g', '2022-05-02 19:08:21', '2022-05-02 19:08:21'),
(1484, 'curry levél', 'szál', '2022-05-02 19:08:21', '2022-05-02 19:08:21'),
(1485, 'lestyán', 'késhegynyi', '2022-05-02 19:08:21', '2022-05-02 19:08:21'),
(1486, 'lestyán', 'ízlés szerint', '2022-05-02 19:08:21', '2022-05-02 19:08:21'),
(1487, 'lestyán', 'csipet', '2022-05-02 19:08:21', '2022-05-02 19:08:21'),
(1488, 'lestyán', 'kk', '2022-05-02 19:08:22', '2022-05-02 19:08:22'),
(1489, 'lestyán', 'g', '2022-05-02 19:08:22', '2022-05-02 19:08:22'),
(1490, 'lestyán', 'szál', '2022-05-02 19:08:22', '2022-05-02 19:08:22'),
(1491, 'fekete üröm', 'késhegynyi', '2022-05-02 19:08:22', '2022-05-02 19:08:22'),
(1492, 'fekete üröm', 'ízlés szerint', '2022-05-02 19:08:22', '2022-05-02 19:08:22'),
(1493, 'fekete üröm', 'csipet', '2022-05-02 19:08:22', '2022-05-02 19:08:22'),
(1494, 'fekete üröm', 'kk', '2022-05-02 19:08:22', '2022-05-02 19:08:22'),
(1495, 'fekete üröm', 'g', '2022-05-02 19:08:22', '2022-05-02 19:08:22'),
(1496, 'fekete üröm', 'szál', '2022-05-02 19:08:23', '2022-05-02 19:08:23'),
(1497, 'borsmentalevél', 'késhegynyi', '2022-05-02 19:08:23', '2022-05-02 19:08:23'),
(1498, 'borsmentalevél', 'ízlés szerint', '2022-05-02 19:08:23', '2022-05-02 19:08:23'),
(1499, 'borsmentalevél', 'csipet', '2022-05-02 19:08:23', '2022-05-02 19:08:23'),
(1500, 'borsmentalevél', 'kk', '2022-05-02 19:08:23', '2022-05-02 19:08:23'),
(1501, 'borsmentalevél', 'g', '2022-05-02 19:08:23', '2022-05-02 19:08:23'),
(1502, 'borsmentalevél', 'szál', '2022-05-02 19:08:23', '2022-05-02 19:08:23'),
(1503, 'galangal', 'késhegynyi', '2022-05-02 19:08:23', '2022-05-02 19:08:23'),
(1504, 'galangal', 'ízlés szerint', '2022-05-02 19:08:23', '2022-05-02 19:08:23'),
(1505, 'galangal', 'csipet', '2022-05-02 19:08:23', '2022-05-02 19:08:23'),
(1506, 'galangal', 'kk', '2022-05-02 19:08:23', '2022-05-02 19:08:23'),
(1507, 'galangal', 'g', '2022-05-02 19:08:24', '2022-05-02 19:08:24'),
(1508, 'galangal', 'szál', '2022-05-02 19:08:24', '2022-05-02 19:08:24'),
(1509, 'perilla', 'késhegynyi', '2022-05-02 19:08:24', '2022-05-02 19:08:24'),
(1510, 'perilla', 'ízlés szerint', '2022-05-02 19:08:24', '2022-05-02 19:08:24'),
(1511, 'perilla', 'csipet', '2022-05-02 19:08:24', '2022-05-02 19:08:24'),
(1512, 'perilla', 'kk', '2022-05-02 19:08:24', '2022-05-02 19:08:24'),
(1513, 'perilla', 'g', '2022-05-02 19:08:24', '2022-05-02 19:08:24'),
(1514, 'perilla', 'szál', '2022-05-02 19:08:24', '2022-05-02 19:08:24'),
(1515, 'borslevél', 'késhegynyi', '2022-05-02 19:08:24', '2022-05-02 19:08:24'),
(1516, 'borslevél', 'ízlés szerint', '2022-05-02 19:08:24', '2022-05-02 19:08:24'),
(1517, 'borslevél', 'csipet', '2022-05-02 19:08:24', '2022-05-02 19:08:24'),
(1518, 'borslevél', 'kk', '2022-05-02 19:08:24', '2022-05-02 19:08:24'),
(1519, 'borslevél', 'g', '2022-05-02 19:08:25', '2022-05-02 19:08:25'),
(1520, 'borslevél', 'szál', '2022-05-02 19:08:25', '2022-05-02 19:08:25'),
(1521, 'garam masala', 'késhegynyi', '2022-05-02 19:08:25', '2022-05-02 19:08:25'),
(1522, 'garam masala', 'ízlés szerint', '2022-05-02 19:08:25', '2022-05-02 19:08:25'),
(1523, 'garam masala', 'csipet', '2022-05-02 19:08:25', '2022-05-02 19:08:25'),
(1524, 'garam masala', 'kk', '2022-05-02 19:08:25', '2022-05-02 19:08:25'),
(1525, 'garam masala', 'g', '2022-05-02 19:08:25', '2022-05-02 19:08:25'),
(1526, 'garam masala', 'tk', '2022-05-02 19:08:25', '2022-05-02 19:08:25'),
(1527, 'szárított natúr zöldségkeverék', 'késhegynyi', '2022-05-02 19:08:25', '2022-05-02 19:08:25'),
(1528, 'szárított natúr zöldségkeverék', 'ízlés szerint', '2022-05-02 19:08:25', '2022-05-02 19:08:25'),
(1529, 'szárított natúr zöldségkeverék', 'csipet', '2022-05-02 19:08:25', '2022-05-02 19:08:25'),
(1530, 'szárított natúr zöldségkeverék', 'kk', '2022-05-02 19:08:25', '2022-05-02 19:08:25'),
(1531, 'szárított natúr zöldségkeverék', 'g', '2022-05-02 19:08:26', '2022-05-02 19:08:26'),
(1532, 'szárított natúr zöldségkeverék', 'tk', '2022-05-02 19:08:26', '2022-05-02 19:08:26'),
(1533, 'provence-i fűszerkeverék', 'késhegynyi', '2022-05-02 19:08:26', '2022-05-02 19:08:26'),
(1534, 'provence-i fűszerkeverék', 'ízlés szerint', '2022-05-02 19:08:26', '2022-05-02 19:08:26'),
(1535, 'provence-i fűszerkeverék', 'csipet', '2022-05-02 19:08:26', '2022-05-02 19:08:26'),
(1536, 'provence-i fűszerkeverék', 'kk', '2022-05-02 19:08:26', '2022-05-02 19:08:26'),
(1537, 'provence-i fűszerkeverék', 'g', '2022-05-02 19:08:27', '2022-05-02 19:08:27'),
(1538, 'provence-i fűszerkeverék', 'tk', '2022-05-02 19:08:27', '2022-05-02 19:08:27'),
(1539, 'kínai ötfűszer-keverék', 'késhegynyi', '2022-05-02 19:08:27', '2022-05-02 19:08:27'),
(1540, 'kínai ötfűszer-keverék', 'ízlés szerint', '2022-05-02 19:08:27', '2022-05-02 19:08:27'),
(1541, 'kínai ötfűszer-keverék', 'csipet', '2022-05-02 19:08:27', '2022-05-02 19:08:27'),
(1542, 'kínai ötfűszer-keverék', 'kk', '2022-05-02 19:08:27', '2022-05-02 19:08:27'),
(1543, 'kínai ötfűszer-keverék', 'g', '2022-05-02 19:08:27', '2022-05-02 19:08:27'),
(1544, 'kínai ötfűszer-keverék', 'tk', '2022-05-02 19:08:27', '2022-05-02 19:08:27'),
(1545, 'tagin fűszerkeverék', 'késhegynyi', '2022-05-02 19:08:27', '2022-05-02 19:08:27'),
(1546, 'tagin fűszerkeverék', 'ízlés szerint', '2022-05-02 19:08:27', '2022-05-02 19:08:27'),
(1547, 'tagin fűszerkeverék', 'csipet', '2022-05-02 19:08:27', '2022-05-02 19:08:27'),
(1548, 'tagin fűszerkeverék', 'kk', '2022-05-02 19:08:27', '2022-05-02 19:08:27'),
(1549, 'tagin fűszerkeverék', 'g', '2022-05-02 19:08:27', '2022-05-02 19:08:27'),
(1550, 'tagin fűszerkeverék', 'tk', '2022-05-02 19:08:27', '2022-05-02 19:08:27'),
(1551, 'ételízesítő', 'késhegynyi', '2022-05-02 19:08:27', '2022-05-02 19:08:27'),
(1552, 'ételízesítő', 'ízlés szerint', '2022-05-02 19:08:28', '2022-05-02 19:08:28'),
(1553, 'ételízesítő', 'csipet', '2022-05-02 19:08:28', '2022-05-02 19:08:28'),
(1554, 'ételízesítő', 'kk', '2022-05-02 19:08:28', '2022-05-02 19:08:28'),
(1555, 'ételízesítő', 'g', '2022-05-02 19:08:28', '2022-05-02 19:08:28'),
(1556, 'ételízesítő', 'tk', '2022-05-02 19:08:28', '2022-05-02 19:08:28'),
(1557, 'mézeskalács fűszerkeverék', 'késhegynyi', '2022-05-02 19:08:28', '2022-05-02 19:08:28'),
(1558, 'mézeskalács fűszerkeverék', 'ízlés szerint', '2022-05-02 19:08:28', '2022-05-02 19:08:28'),
(1559, 'mézeskalács fűszerkeverék', 'csipet', '2022-05-02 19:08:28', '2022-05-02 19:08:28'),
(1560, 'mézeskalács fűszerkeverék', 'kk', '2022-05-02 19:08:28', '2022-05-02 19:08:28'),
(1561, 'mézeskalács fűszerkeverék', 'g', '2022-05-02 19:08:28', '2022-05-02 19:08:28'),
(1562, 'mézeskalács fűszerkeverék', 'tk', '2022-05-02 19:08:28', '2022-05-02 19:08:28'),
(1563, 'csirke fűszersó', 'késhegynyi', '2022-05-02 19:08:28', '2022-05-02 19:08:28'),
(1564, 'csirke fűszersó', 'ízlés szerint', '2022-05-02 19:08:28', '2022-05-02 19:08:28'),
(1565, 'csirke fűszersó', 'csipet', '2022-05-02 19:08:29', '2022-05-02 19:08:29'),
(1566, 'csirke fűszersó', 'kk', '2022-05-02 19:08:29', '2022-05-02 19:08:29'),
(1567, 'csirke fűszersó', 'g', '2022-05-02 19:08:29', '2022-05-02 19:08:29'),
(1568, 'csirke fűszersó', 'tk', '2022-05-02 19:08:29', '2022-05-02 19:08:29'),
(1569, 'fajita fűszerkeverék', 'késhegynyi', '2022-05-02 19:08:29', '2022-05-02 19:08:29'),
(1570, 'fajita fűszerkeverék', 'ízlés szerint', '2022-05-02 19:08:29', '2022-05-02 19:08:29'),
(1571, 'fajita fűszerkeverék', 'csipet', '2022-05-02 19:08:29', '2022-05-02 19:08:29'),
(1572, 'fajita fűszerkeverék', 'kk', '2022-05-02 19:08:29', '2022-05-02 19:08:29'),
(1573, 'fajita fűszerkeverék', 'g', '2022-05-02 19:08:29', '2022-05-02 19:08:29'),
(1574, 'fajita fűszerkeverék', 'tk', '2022-05-02 19:08:29', '2022-05-02 19:08:29'),
(1575, 'görög fűszerkeverék', 'késhegynyi', '2022-05-02 19:08:29', '2022-05-02 19:08:29'),
(1576, 'görög fűszerkeverék', 'ízlés szerint', '2022-05-02 19:08:29', '2022-05-02 19:08:29'),
(1577, 'görög fűszerkeverék', 'csipet', '2022-05-02 19:08:29', '2022-05-02 19:08:29'),
(1578, 'görög fűszerkeverék', 'kk', '2022-05-02 19:08:29', '2022-05-02 19:08:29'),
(1579, 'görög fűszerkeverék', 'g', '2022-05-02 19:08:29', '2022-05-02 19:08:29'),
(1580, 'görög fűszerkeverék', 'tk', '2022-05-02 19:08:30', '2022-05-02 19:08:30'),
(1581, 'fasírt fűszerkeverék', 'késhegynyi', '2022-05-02 19:08:30', '2022-05-02 19:08:30'),
(1582, 'fasírt fűszerkeverék', 'ízlés szerint', '2022-05-02 19:08:30', '2022-05-02 19:08:30'),
(1583, 'fasírt fűszerkeverék', 'csipet', '2022-05-02 19:08:30', '2022-05-02 19:08:30'),
(1584, 'fasírt fűszerkeverék', 'kk', '2022-05-02 19:08:30', '2022-05-02 19:08:30'),
(1585, 'fasírt fűszerkeverék', 'g', '2022-05-02 19:08:30', '2022-05-02 19:08:30'),
(1586, 'fasírt fűszerkeverék', 'tk', '2022-05-02 19:08:30', '2022-05-02 19:08:30'),
(1587, 'görögsaláta fűszerkeverék', 'késhegynyi', '2022-05-02 19:08:30', '2022-05-02 19:08:30'),
(1588, 'görögsaláta fűszerkeverék', 'ízlés szerint', '2022-05-02 19:08:30', '2022-05-02 19:08:30'),
(1589, 'görögsaláta fűszerkeverék', 'csipet', '2022-05-02 19:08:31', '2022-05-02 19:08:31'),
(1590, 'görögsaláta fűszerkeverék', 'kk', '2022-05-02 19:08:31', '2022-05-02 19:08:31'),
(1591, 'görögsaláta fűszerkeverék', 'g', '2022-05-02 19:08:31', '2022-05-02 19:08:31'),
(1592, 'görögsaláta fűszerkeverék', 'tk', '2022-05-02 19:08:31', '2022-05-02 19:08:31'),
(1593, 'pizza fűszerkeverék', 'késhegynyi', '2022-05-02 19:08:31', '2022-05-02 19:08:31'),
(1594, 'pizza fűszerkeverék', 'ízlés szerint', '2022-05-02 19:08:32', '2022-05-02 19:08:32'),
(1595, 'pizza fűszerkeverék', 'csipet', '2022-05-02 19:08:32', '2022-05-02 19:08:32'),
(1596, 'pizza fűszerkeverék', 'kk', '2022-05-02 19:08:32', '2022-05-02 19:08:32'),
(1597, 'pizza fűszerkeverék', 'g', '2022-05-02 19:08:32', '2022-05-02 19:08:32'),
(1598, 'pizza fűszerkeverék', 'tk', '2022-05-02 19:08:32', '2022-05-02 19:08:32'),
(1599, 'pulykafűszerkeverék', 'késhegynyi', '2022-05-02 19:08:32', '2022-05-02 19:08:32'),
(1600, 'pulykafűszerkeverék', 'ízlés szerint', '2022-05-02 19:08:32', '2022-05-02 19:08:32'),
(1601, 'pulykafűszerkeverék', 'csipet', '2022-05-02 19:08:32', '2022-05-02 19:08:32'),
(1602, 'pulykafűszerkeverék', 'kk', '2022-05-02 19:08:32', '2022-05-02 19:08:32'),
(1603, 'pulykafűszerkeverék', 'g', '2022-05-02 19:08:32', '2022-05-02 19:08:32'),
(1604, 'pulykafűszerkeverék', 'tk', '2022-05-02 19:08:33', '2022-05-02 19:08:33'),
(1605, 'puttanesca fűszerkeverék', 'késhegynyi', '2022-05-02 19:08:33', '2022-05-02 19:08:33'),
(1606, 'puttanesca fűszerkeverék', 'ízlés szerint', '2022-05-02 19:08:33', '2022-05-02 19:08:33'),
(1607, 'puttanesca fűszerkeverék', 'csipet', '2022-05-02 19:08:33', '2022-05-02 19:08:33'),
(1608, 'puttanesca fűszerkeverék', 'kk', '2022-05-02 19:08:33', '2022-05-02 19:08:33'),
(1609, 'puttanesca fűszerkeverék', 'g', '2022-05-02 19:08:33', '2022-05-02 19:08:33'),
(1610, 'puttanesca fűszerkeverék', 'tk', '2022-05-02 19:08:33', '2022-05-02 19:08:33'),
(1611, 'wok fűszerkeverék', 'késhegynyi', '2022-05-02 19:08:33', '2022-05-02 19:08:33'),
(1612, 'wok fűszerkeverék', 'ízlés szerint', '2022-05-02 19:08:33', '2022-05-02 19:08:33'),
(1613, 'wok fűszerkeverék', 'csipet', '2022-05-02 19:08:33', '2022-05-02 19:08:33'),
(1614, 'wok fűszerkeverék', 'kk', '2022-05-02 19:08:33', '2022-05-02 19:08:33'),
(1615, 'wok fűszerkeverék', 'g', '2022-05-02 19:08:33', '2022-05-02 19:08:33'),
(1616, 'wok fűszerkeverék', 'tk', '2022-05-02 19:08:33', '2022-05-02 19:08:33'),
(1617, 'hal fűszerkeverék', 'késhegynyi', '2022-05-02 19:08:33', '2022-05-02 19:08:33'),
(1618, 'hal fűszerkeverék', 'ízlés szerint', '2022-05-02 19:08:33', '2022-05-02 19:08:33'),
(1619, 'hal fűszerkeverék', 'csipet', '2022-05-02 19:08:33', '2022-05-02 19:08:33'),
(1620, 'hal fűszerkeverék', 'kk', '2022-05-02 19:08:33', '2022-05-02 19:08:33'),
(1621, 'hal fűszerkeverék', 'g', '2022-05-02 19:08:34', '2022-05-02 19:08:34'),
(1622, 'hal fűszerkeverék', 'tk', '2022-05-02 19:08:34', '2022-05-02 19:08:34'),
(1623, 'flekken fűszerkeverék', 'késhegynyi', '2022-05-02 19:08:34', '2022-05-02 19:08:34'),
(1624, 'flekken fűszerkeverék', 'ízlés szerint', '2022-05-02 19:08:34', '2022-05-02 19:08:34'),
(1625, 'flekken fűszerkeverék', 'csipet', '2022-05-02 19:08:34', '2022-05-02 19:08:34'),
(1626, 'flekken fűszerkeverék', 'kk', '2022-05-02 19:08:34', '2022-05-02 19:08:34'),
(1627, 'flekken fűszerkeverék', 'g', '2022-05-02 19:08:34', '2022-05-02 19:08:34'),
(1628, 'flekken fűszerkeverék', 'tk', '2022-05-02 19:08:34', '2022-05-02 19:08:34'),
(1629, 'kentucky fűszerkeverék', 'késhegynyi', '2022-05-02 19:08:34', '2022-05-02 19:08:34'),
(1630, 'kentucky fűszerkeverék', 'ízlés szerint', '2022-05-02 19:08:35', '2022-05-02 19:08:35'),
(1631, 'kentucky fűszerkeverék', 'csipet', '2022-05-02 19:08:35', '2022-05-02 19:08:35'),
(1632, 'kentucky fűszerkeverék', 'kk', '2022-05-02 19:08:35', '2022-05-02 19:08:35'),
(1633, 'kentucky fűszerkeverék', 'g', '2022-05-02 19:08:35', '2022-05-02 19:08:35'),
(1634, 'kentucky fűszerkeverék', 'tk', '2022-05-02 19:08:35', '2022-05-02 19:08:35'),
(1635, 'olasz fűszerkeverék', 'késhegynyi', '2022-05-02 19:08:35', '2022-05-02 19:08:35'),
(1636, 'olasz fűszerkeverék', 'ízlés szerint', '2022-05-02 19:08:35', '2022-05-02 19:08:35'),
(1637, 'olasz fűszerkeverék', 'csipet', '2022-05-02 19:08:35', '2022-05-02 19:08:35'),
(1638, 'olasz fűszerkeverék', 'kk', '2022-05-02 19:08:35', '2022-05-02 19:08:35'),
(1639, 'olasz fűszerkeverék', 'g', '2022-05-02 19:08:35', '2022-05-02 19:08:35'),
(1640, 'olasz fűszerkeverék', 'tk', '2022-05-02 19:08:35', '2022-05-02 19:08:35'),
(1641, 'szárnyas fűszerkeverék', 'késhegynyi', '2022-05-02 19:08:36', '2022-05-02 19:08:36'),
(1642, 'szárnyas fűszerkeverék', 'ízlés szerint', '2022-05-02 19:08:36', '2022-05-02 19:08:36'),
(1643, 'szárnyas fűszerkeverék', 'csipet', '2022-05-02 19:08:36', '2022-05-02 19:08:36'),
(1644, 'szárnyas fűszerkeverék', 'kk', '2022-05-02 19:08:36', '2022-05-02 19:08:36'),
(1645, 'szárnyas fűszerkeverék', 'g', '2022-05-02 19:08:36', '2022-05-02 19:08:36'),
(1646, 'szárnyas fűszerkeverék', 'tk', '2022-05-02 19:08:36', '2022-05-02 19:08:36'),
(1647, 'magyaros fűszerkeverék', 'késhegynyi', '2022-05-02 19:08:36', '2022-05-02 19:08:36'),
(1648, 'magyaros fűszerkeverék', 'ízlés szerint', '2022-05-02 19:08:36', '2022-05-02 19:08:36'),
(1649, 'magyaros fűszerkeverék', 'csipet', '2022-05-02 19:08:36', '2022-05-02 19:08:36'),
(1650, 'magyaros fűszerkeverék', 'kk', '2022-05-02 19:08:36', '2022-05-02 19:08:36'),
(1651, 'magyaros fűszerkeverék', 'g', '2022-05-02 19:08:36', '2022-05-02 19:08:36'),
(1652, 'magyaros fűszerkeverék', 'tk', '2022-05-02 19:08:36', '2022-05-02 19:08:36'),
(1653, 'madras curry', 'késhegynyi', '2022-05-02 19:08:36', '2022-05-02 19:08:36'),
(1654, 'madras curry', 'ízlés szerint', '2022-05-02 19:08:36', '2022-05-02 19:08:36'),
(1655, 'madras curry', 'csipet', '2022-05-02 19:08:36', '2022-05-02 19:08:36'),
(1656, 'madras curry', 'kk', '2022-05-02 19:08:36', '2022-05-02 19:08:36'),
(1657, 'madras curry', 'g', '2022-05-02 19:08:36', '2022-05-02 19:08:36'),
(1658, 'madras curry', 'tk', '2022-05-02 19:08:36', '2022-05-02 19:08:36'),
(1659, 'zöldfűszer', 'késhegynyi', '2022-05-02 19:08:36', '2022-05-02 19:08:36'),
(1660, 'zöldfűszer', 'ízlés szerint', '2022-05-02 19:08:37', '2022-05-02 19:08:37'),
(1661, 'zöldfűszer', 'csipet', '2022-05-02 19:08:37', '2022-05-02 19:08:37'),
(1662, 'zöldfűszer', 'kk', '2022-05-02 19:08:37', '2022-05-02 19:08:37'),
(1663, 'zöldfűszer', 'g', '2022-05-02 19:08:37', '2022-05-02 19:08:37'),
(1664, 'zöldfűszer', 'tk', '2022-05-02 19:08:37', '2022-05-02 19:08:37'),
(1665, 'puncs fűszerkeverék', 'késhegynyi', '2022-05-02 19:08:37', '2022-05-02 19:08:37'),
(1666, 'puncs fűszerkeverék', 'ízlés szerint', '2022-05-02 19:08:37', '2022-05-02 19:08:37'),
(1667, 'puncs fűszerkeverék', 'csipet', '2022-05-02 19:08:37', '2022-05-02 19:08:37'),
(1668, 'puncs fűszerkeverék', 'kk', '2022-05-02 19:08:37', '2022-05-02 19:08:37'),
(1669, 'puncs fűszerkeverék', 'g', '2022-05-02 19:08:37', '2022-05-02 19:08:37'),
(1670, 'puncs fűszerkeverék', 'tk', '2022-05-02 19:08:38', '2022-05-02 19:08:38'),
(1671, 'arab hétfűszerkeverék', 'késhegynyi', '2022-05-02 19:08:38', '2022-05-02 19:08:38'),
(1672, 'arab hétfűszerkeverék', 'ízlés szerint', '2022-05-02 19:08:38', '2022-05-02 19:08:38'),
(1673, 'arab hétfűszerkeverék', 'csipet', '2022-05-02 19:08:38', '2022-05-02 19:08:38'),
(1674, 'arab hétfűszerkeverék', 'kk', '2022-05-02 19:08:38', '2022-05-02 19:08:38'),
(1675, 'arab hétfűszerkeverék', 'g', '2022-05-02 19:08:39', '2022-05-02 19:08:39'),
(1676, 'arab hétfűszerkeverék', 'tk', '2022-05-02 19:08:39', '2022-05-02 19:08:39'),
(1677, 'ras el hanout', 'késhegynyi', '2022-05-02 19:08:39', '2022-05-02 19:08:39'),
(1678, 'ras el hanout', 'ízlés szerint', '2022-05-02 19:08:40', '2022-05-02 19:08:40'),
(1679, 'ras el hanout', 'csipet', '2022-05-02 19:08:40', '2022-05-02 19:08:40'),
(1680, 'ras el hanout', 'kk', '2022-05-02 19:08:40', '2022-05-02 19:08:40'),
(1681, 'ras el hanout', 'g', '2022-05-02 19:08:40', '2022-05-02 19:08:40'),
(1682, 'ras el hanout', 'tk', '2022-05-02 19:08:40', '2022-05-02 19:08:40'),
(1683, 'rogan josh fűszerkeverék', 'késhegynyi', '2022-05-02 19:08:40', '2022-05-02 19:08:40'),
(1684, 'rogan josh fűszerkeverék', 'ízlés szerint', '2022-05-02 19:08:41', '2022-05-02 19:08:41'),
(1685, 'rogan josh fűszerkeverék', 'csipet', '2022-05-02 19:08:41', '2022-05-02 19:08:41'),
(1686, 'rogan josh fűszerkeverék', 'kk', '2022-05-02 19:08:41', '2022-05-02 19:08:41'),
(1687, 'rogan josh fűszerkeverék', 'g', '2022-05-02 19:08:41', '2022-05-02 19:08:41'),
(1688, 'rogan josh fűszerkeverék', 'tk', '2022-05-02 19:08:41', '2022-05-02 19:08:41'),
(1689, 'tandoori masala', 'késhegynyi', '2022-05-02 19:08:41', '2022-05-02 19:08:41'),
(1690, 'tandoori masala', 'ízlés szerint', '2022-05-02 19:08:41', '2022-05-02 19:08:41'),
(1691, 'tandoori masala', 'csipet', '2022-05-02 19:08:41', '2022-05-02 19:08:41'),
(1692, 'tandoori masala', 'kk', '2022-05-02 19:08:41', '2022-05-02 19:08:41'),
(1693, 'tandoori masala', 'g', '2022-05-02 19:08:41', '2022-05-02 19:08:41'),
(1694, 'tandoori masala', 'tk', '2022-05-02 19:08:41', '2022-05-02 19:08:41'),
(1695, 'vad fűszerkeverék', 'késhegynyi', '2022-05-02 19:08:41', '2022-05-02 19:08:41'),
(1696, 'vad fűszerkeverék', 'ízlés szerint', '2022-05-02 19:08:41', '2022-05-02 19:08:41'),
(1697, 'vad fűszerkeverék', 'csipet', '2022-05-02 19:08:41', '2022-05-02 19:08:41'),
(1698, 'vad fűszerkeverék', 'kk', '2022-05-02 19:08:41', '2022-05-02 19:08:41'),
(1699, 'vad fűszerkeverék', 'g', '2022-05-02 19:08:41', '2022-05-02 19:08:41'),
(1700, 'vad fűszerkeverék', 'tk', '2022-05-02 19:08:41', '2022-05-02 19:08:41'),
(1701, 'biryani masala', 'késhegynyi', '2022-05-02 19:08:41', '2022-05-02 19:08:41'),
(1702, 'biryani masala', 'ízlés szerint', '2022-05-02 19:08:42', '2022-05-02 19:08:42'),
(1703, 'biryani masala', 'csipet', '2022-05-02 19:08:42', '2022-05-02 19:08:42'),
(1704, 'biryani masala', 'kk', '2022-05-02 19:08:42', '2022-05-02 19:08:42'),
(1705, 'biryani masala', 'g', '2022-05-02 19:08:42', '2022-05-02 19:08:42'),
(1706, 'biryani masala', 'tk', '2022-05-02 19:08:42', '2022-05-02 19:08:42'),
(1707, 'zaatar', 'késhegynyi', '2022-05-02 19:08:42', '2022-05-02 19:08:42'),
(1708, 'zaatar', 'ízlés szerint', '2022-05-02 19:08:42', '2022-05-02 19:08:42'),
(1709, 'zaatar', 'csipet', '2022-05-02 19:08:42', '2022-05-02 19:08:42'),
(1710, 'zaatar', 'kk', '2022-05-02 19:08:42', '2022-05-02 19:08:42'),
(1711, 'zaatar', 'g', '2022-05-02 19:08:42', '2022-05-02 19:08:42'),
(1712, 'zaatar', 'tk', '2022-05-02 19:08:42', '2022-05-02 19:08:42'),
(1713, 'ottoman', 'késhegynyi', '2022-05-02 19:08:42', '2022-05-02 19:08:42'),
(1714, 'ottoman', 'ízlés szerint', '2022-05-02 19:08:42', '2022-05-02 19:08:42'),
(1715, 'ottoman', 'csipet', '2022-05-02 19:08:42', '2022-05-02 19:08:42'),
(1716, 'ottoman', 'kk', '2022-05-02 19:08:43', '2022-05-02 19:08:43'),
(1717, 'ottoman', 'g', '2022-05-02 19:08:43', '2022-05-02 19:08:43'),
(1718, 'ottoman', 'tk', '2022-05-02 19:08:43', '2022-05-02 19:08:43'),
(1719, 'bors', 'ízlés szerint', '2022-05-02 19:08:43', '2022-05-02 19:08:43'),
(1720, 'bors', 'késhegynyi', '2022-05-02 19:08:43', '2022-05-02 19:08:43'),
(1721, 'bors', 'dkg', '2022-05-02 19:08:43', '2022-05-02 19:08:43'),
(1722, 'bors', 'csipet', '2022-05-02 19:08:43', '2022-05-02 19:08:43'),
(1723, 'bors', 'kk', '2022-05-02 19:08:43', '2022-05-02 19:08:43'),
(1724, 'bors', 'g', '2022-05-02 19:08:43', '2022-05-02 19:08:43'),
(1725, 'bors', 'tk', '2022-05-02 19:08:43', '2022-05-02 19:08:43'),
(1726, 'vanília', 'késhegynyi', '2022-05-02 19:08:43', '2022-05-02 19:08:43'),
(1727, 'vanília', 'dkg', '2022-05-02 19:08:43', '2022-05-02 19:08:43'),
(1728, 'vanília', 'csipet', '2022-05-02 19:08:44', '2022-05-02 19:08:44'),
(1729, 'vanília', 'kk', '2022-05-02 19:08:44', '2022-05-02 19:08:44'),
(1730, 'vanília', 'g', '2022-05-02 19:08:44', '2022-05-02 19:08:44'),
(1731, 'vanília', 'tk', '2022-05-02 19:08:44', '2022-05-02 19:08:44'),
(1732, 'vanília', 'db', '2022-05-02 19:08:44', '2022-05-02 19:08:44'),
(1733, 'fahéjrúd', 'db', '2022-05-02 19:08:44', '2022-05-02 19:08:44'),
(1734, 'kurkumagyökér', 'db', '2022-05-02 19:08:44', '2022-05-02 19:08:44'),
(1735, 'szegfűbors', 'db', '2022-05-02 19:08:44', '2022-05-02 19:08:44'),
(1736, 'fahéj', 'késhegynyi', '2022-05-02 19:08:44', '2022-05-02 19:08:44'),
(1737, 'fahéj', 'dkg', '2022-05-02 19:08:44', '2022-05-02 19:08:44'),
(1738, 'fahéj', 'csipet', '2022-05-02 19:08:44', '2022-05-02 19:08:44'),
(1739, 'fahéj', 'kk', '2022-05-02 19:08:44', '2022-05-02 19:08:44'),
(1740, 'fahéj', 'g', '2022-05-02 19:08:44', '2022-05-02 19:08:44'),
(1741, 'fahéj', 'tk', '2022-05-02 19:08:44', '2022-05-02 19:08:44'),
(1742, 'szegfűszeg', 'késhegynyi', '2022-05-02 19:08:44', '2022-05-02 19:08:44'),
(1743, 'szegfűszeg', 'dkg', '2022-05-02 19:08:45', '2022-05-02 19:08:45'),
(1744, 'szegfűszeg', 'csipet', '2022-05-02 19:08:45', '2022-05-02 19:08:45'),
(1745, 'szegfűszeg', 'kk', '2022-05-02 19:08:45', '2022-05-02 19:08:45'),
(1746, 'szegfűszeg', 'g', '2022-05-02 19:08:45', '2022-05-02 19:08:45'),
(1747, 'szegfűszeg', 'tk', '2022-05-02 19:08:45', '2022-05-02 19:08:45'),
(1748, 'szerecsendió', 'db', '2022-05-02 19:08:45', '2022-05-02 19:08:45'),
(1749, 'szerecsendió', 'késhegynyi', '2022-05-02 19:08:45', '2022-05-02 19:08:45'),
(1750, 'szerecsendió', 'dkg', '2022-05-02 19:08:45', '2022-05-02 19:08:45'),
(1751, 'szerecsendió', 'csipet', '2022-05-02 19:08:45', '2022-05-02 19:08:45'),
(1752, 'szerecsendió', 'kk', '2022-05-02 19:08:45', '2022-05-02 19:08:45'),
(1753, 'szerecsendió', 'g', '2022-05-02 19:08:45', '2022-05-02 19:08:45'),
(1754, 'szerecsendió', 'tk', '2022-05-02 19:08:45', '2022-05-02 19:08:45'),
(1755, 'fűszerpaprika', 'késhegynyi', '2022-05-02 19:08:45', '2022-05-02 19:08:45'),
(1756, 'fűszerpaprika', 'dkg', '2022-05-02 19:08:45', '2022-05-02 19:08:45'),
(1757, 'fűszerpaprika', 'csipet', '2022-05-02 19:08:46', '2022-05-02 19:08:46'),
(1758, 'fűszerpaprika', 'kk', '2022-05-02 19:08:46', '2022-05-02 19:08:46'),
(1759, 'fűszerpaprika', 'g', '2022-05-02 19:08:46', '2022-05-02 19:08:46'),
(1760, 'fűszerpaprika', 'tk', '2022-05-02 19:08:46', '2022-05-02 19:08:46'),
(1761, 'édesköménymag', 'késhegynyi', '2022-05-02 19:08:46', '2022-05-02 19:08:46'),
(1762, 'édesköménymag', 'dkg', '2022-05-02 19:08:46', '2022-05-02 19:08:46'),
(1763, 'édesköménymag', 'csipet', '2022-05-02 19:08:47', '2022-05-02 19:08:47'),
(1764, 'édesköménymag', 'kk', '2022-05-02 19:08:48', '2022-05-02 19:08:48'),
(1765, 'édesköménymag', 'g', '2022-05-02 19:08:48', '2022-05-02 19:08:48'),
(1766, 'édesköménymag', 'tk', '2022-05-02 19:08:48', '2022-05-02 19:08:48'),
(1767, 'köménymag', 'késhegynyi', '2022-05-02 19:08:48', '2022-05-02 19:08:48'),
(1768, 'köménymag', 'dkg', '2022-05-02 19:08:48', '2022-05-02 19:08:48'),
(1769, 'köménymag', 'csipet', '2022-05-02 19:08:49', '2022-05-02 19:08:49'),
(1770, 'köménymag', 'kk', '2022-05-02 19:08:49', '2022-05-02 19:08:49'),
(1771, 'köménymag', 'g', '2022-05-02 19:08:49', '2022-05-02 19:08:49'),
(1772, 'köménymag', 'tk', '2022-05-02 19:08:49', '2022-05-02 19:08:49'),
(1773, 'kurkuma', 'késhegynyi', '2022-05-02 19:08:49', '2022-05-02 19:08:49'),
(1774, 'kurkuma', 'dkg', '2022-05-02 19:08:49', '2022-05-02 19:08:49'),
(1775, 'kurkuma', 'csipet', '2022-05-02 19:08:49', '2022-05-02 19:08:49'),
(1776, 'kurkuma', 'kk', '2022-05-02 19:08:49', '2022-05-02 19:08:49'),
(1777, 'kurkuma', 'g', '2022-05-02 19:08:50', '2022-05-02 19:08:50'),
(1778, 'kurkuma', 'tk', '2022-05-02 19:08:50', '2022-05-02 19:08:50'),
(1779, 'feketekömény', 'késhegynyi', '2022-05-02 19:08:50', '2022-05-02 19:08:50'),
(1780, 'feketekömény', 'dkg', '2022-05-02 19:08:50', '2022-05-02 19:08:50'),
(1781, 'feketekömény', 'csipet', '2022-05-02 19:08:50', '2022-05-02 19:08:50'),
(1782, 'feketekömény', 'kk', '2022-05-02 19:08:50', '2022-05-02 19:08:50'),
(1783, 'feketekömény', 'g', '2022-05-02 19:08:50', '2022-05-02 19:08:50'),
(1784, 'feketekömény', 'tk', '2022-05-02 19:08:50', '2022-05-02 19:08:50'),
(1785, 'babérlevél', 'késhegynyi', '2022-05-02 19:08:50', '2022-05-02 19:08:50'),
(1786, 'babérlevél', 'dkg', '2022-05-02 19:08:50', '2022-05-02 19:08:50'),
(1787, 'babérlevél', 'csipet', '2022-05-02 19:08:51', '2022-05-02 19:08:51'),
(1788, 'babérlevél', 'kk', '2022-05-02 19:08:51', '2022-05-02 19:08:51'),
(1789, 'babérlevél', 'g', '2022-05-02 19:08:51', '2022-05-02 19:08:51'),
(1790, 'babérlevél', 'tk', '2022-05-02 19:08:52', '2022-05-02 19:08:52'),
(1791, 'aszatgyanta', 'késhegynyi', '2022-05-02 19:08:52', '2022-05-02 19:08:52'),
(1792, 'aszatgyanta', 'dkg', '2022-05-02 19:08:52', '2022-05-02 19:08:52'),
(1793, 'aszatgyanta', 'csipet', '2022-05-02 19:08:52', '2022-05-02 19:08:52'),
(1794, 'aszatgyanta', 'kk', '2022-05-02 19:08:52', '2022-05-02 19:08:52'),
(1795, 'aszatgyanta', 'g', '2022-05-02 19:08:53', '2022-05-02 19:08:53'),
(1796, 'aszatgyanta', 'tk', '2022-05-02 19:08:53', '2022-05-02 19:08:53'),
(1797, 'borsikafű', 'késhegynyi', '2022-05-02 19:08:53', '2022-05-02 19:08:53'),
(1798, 'borsikafű', 'dkg', '2022-05-02 19:08:53', '2022-05-02 19:08:53'),
(1799, 'borsikafű', 'csipet', '2022-05-02 19:08:53', '2022-05-02 19:08:53'),
(1800, 'borsikafű', 'kk', '2022-05-02 19:08:53', '2022-05-02 19:08:53'),
(1801, 'borsikafű', 'g', '2022-05-02 19:08:53', '2022-05-02 19:08:53'),
(1802, 'borsikafű', 'tk', '2022-05-02 19:08:53', '2022-05-02 19:08:53'),
(1803, 'kardamom', 'késhegynyi', '2022-05-02 19:08:53', '2022-05-02 19:08:53'),
(1804, 'kardamom', 'dkg', '2022-05-02 19:08:53', '2022-05-02 19:08:53'),
(1805, 'kardamom', 'csipet', '2022-05-02 19:08:53', '2022-05-02 19:08:53'),
(1806, 'kardamom', 'kk', '2022-05-02 19:08:53', '2022-05-02 19:08:53'),
(1807, 'kardamom', 'g', '2022-05-02 19:08:53', '2022-05-02 19:08:53'),
(1808, 'kardamom', 'tk', '2022-05-02 19:08:53', '2022-05-02 19:08:53'),
(1809, 'borókabogyó', 'késhegynyi', '2022-05-02 19:08:54', '2022-05-02 19:08:54'),
(1810, 'borókabogyó', 'dkg', '2022-05-02 19:08:54', '2022-05-02 19:08:54'),
(1811, 'borókabogyó', 'csipet', '2022-05-02 19:08:54', '2022-05-02 19:08:54'),
(1812, 'borókabogyó', 'kk', '2022-05-02 19:08:54', '2022-05-02 19:08:54'),
(1813, 'borókabogyó', 'g', '2022-05-02 19:08:54', '2022-05-02 19:08:54'),
(1814, 'borókabogyó', 'tk', '2022-05-02 19:08:55', '2022-05-02 19:08:55'),
(1815, 'cayenne bors', 'késhegynyi', '2022-05-02 19:08:55', '2022-05-02 19:08:55'),
(1816, 'cayenne bors', 'dkg', '2022-05-02 19:08:55', '2022-05-02 19:08:55'),
(1817, 'cayenne bors', 'csipet', '2022-05-02 19:08:55', '2022-05-02 19:08:55'),
(1818, 'cayenne bors', 'kk', '2022-05-02 19:08:55', '2022-05-02 19:08:55'),
(1819, 'cayenne bors', 'g', '2022-05-02 19:08:55', '2022-05-02 19:08:55'),
(1820, 'cayenne bors', 'tk', '2022-05-02 19:08:55', '2022-05-02 19:08:55'),
(1821, 'római kömény', 'késhegynyi', '2022-05-02 19:08:55', '2022-05-02 19:08:55'),
(1822, 'római kömény', 'dkg', '2022-05-02 19:08:55', '2022-05-02 19:08:55'),
(1823, 'római kömény', 'csipet', '2022-05-02 19:08:56', '2022-05-02 19:08:56'),
(1824, 'római kömény', 'kk', '2022-05-02 19:08:56', '2022-05-02 19:08:56'),
(1825, 'római kömény', 'g', '2022-05-02 19:08:56', '2022-05-02 19:08:56'),
(1826, 'római kömény', 'tk', '2022-05-02 19:08:56', '2022-05-02 19:08:56'),
(1827, 'mustármag', 'késhegynyi', '2022-05-02 19:08:56', '2022-05-02 19:08:56'),
(1828, 'mustármag', 'dkg', '2022-05-02 19:08:57', '2022-05-02 19:08:57'),
(1829, 'mustármag', 'csipet', '2022-05-02 19:08:57', '2022-05-02 19:08:57'),
(1830, 'mustármag', 'kk', '2022-05-02 19:08:57', '2022-05-02 19:08:57'),
(1831, 'mustármag', 'g', '2022-05-02 19:08:57', '2022-05-02 19:08:57'),
(1832, 'mustármag', 'tk', '2022-05-02 19:08:57', '2022-05-02 19:08:57'),
(1833, 'citrombors', 'késhegynyi', '2022-05-02 19:08:57', '2022-05-02 19:08:57'),
(1834, 'citrombors', 'dkg', '2022-05-02 19:08:57', '2022-05-02 19:08:57'),
(1835, 'citrombors', 'csipet', '2022-05-02 19:08:57', '2022-05-02 19:08:57'),
(1836, 'citrombors', 'kk', '2022-05-02 19:08:57', '2022-05-02 19:08:57'),
(1837, 'citrombors', 'g', '2022-05-02 19:08:58', '2022-05-02 19:08:58'),
(1838, 'citrombors', 'tk', '2022-05-02 19:08:58', '2022-05-02 19:08:58'),
(1839, 'rózsabors', 'késhegynyi', '2022-05-02 19:08:58', '2022-05-02 19:08:58'),
(1840, 'rózsabors', 'dkg', '2022-05-02 19:08:58', '2022-05-02 19:08:58'),
(1841, 'rózsabors', 'csipet', '2022-05-02 19:08:58', '2022-05-02 19:08:58'),
(1842, 'rózsabors', 'kk', '2022-05-02 19:08:58', '2022-05-02 19:08:58'),
(1843, 'rózsabors', 'g', '2022-05-02 19:08:58', '2022-05-02 19:08:58'),
(1844, 'rózsabors', 'tk', '2022-05-02 19:08:58', '2022-05-02 19:08:58'),
(1845, 'füstölt pirospaprika', 'késhegynyi', '2022-05-02 19:08:58', '2022-05-02 19:08:58'),
(1846, 'füstölt pirospaprika', 'dkg', '2022-05-02 19:08:58', '2022-05-02 19:08:58'),
(1847, 'füstölt pirospaprika', 'csipet', '2022-05-02 19:08:59', '2022-05-02 19:08:59'),
(1848, 'füstölt pirospaprika', 'kk', '2022-05-02 19:08:59', '2022-05-02 19:08:59'),
(1849, 'füstölt pirospaprika', 'g', '2022-05-02 19:08:59', '2022-05-02 19:08:59'),
(1850, 'füstölt pirospaprika', 'tk', '2022-05-02 19:09:00', '2022-05-02 19:09:00'),
(1851, 'ánizs', 'késhegynyi', '2022-05-02 19:09:01', '2022-05-02 19:09:01'),
(1852, 'ánizs', 'dkg', '2022-05-02 19:09:01', '2022-05-02 19:09:01'),
(1853, 'ánizs', 'csipet', '2022-05-02 19:09:01', '2022-05-02 19:09:01'),
(1854, 'ánizs', 'kk', '2022-05-02 19:09:01', '2022-05-02 19:09:01'),
(1855, 'ánizs', 'g', '2022-05-02 19:09:01', '2022-05-02 19:09:01'),
(1856, 'ánizs', 'tk', '2022-05-02 19:09:01', '2022-05-02 19:09:01'),
(1857, 'csillagánizs', 'késhegynyi', '2022-05-02 19:09:02', '2022-05-02 19:09:02'),
(1858, 'csillagánizs', 'dkg', '2022-05-02 19:09:02', '2022-05-02 19:09:02'),
(1859, 'csillagánizs', 'csipet', '2022-05-02 19:09:02', '2022-05-02 19:09:02'),
(1860, 'csillagánizs', 'kk', '2022-05-02 19:09:02', '2022-05-02 19:09:02'),
(1861, 'csillagánizs', 'g', '2022-05-02 19:09:02', '2022-05-02 19:09:02'),
(1862, 'csillagánizs', 'tk', '2022-05-02 19:09:02', '2022-05-02 19:09:02'),
(1863, 'csípős fűszerpaprika', 'késhegynyi', '2022-05-02 19:09:02', '2022-05-02 19:09:02'),
(1864, 'csípős fűszerpaprika', 'dkg', '2022-05-02 19:09:02', '2022-05-02 19:09:02'),
(1865, 'csípős fűszerpaprika', 'csipet', '2022-05-02 19:09:02', '2022-05-02 19:09:02'),
(1866, 'csípős fűszerpaprika', 'kk', '2022-05-02 19:09:02', '2022-05-02 19:09:02'),
(1867, 'csípős fűszerpaprika', 'g', '2022-05-02 19:09:02', '2022-05-02 19:09:02'),
(1868, 'csípős fűszerpaprika', 'tk', '2022-05-02 19:09:02', '2022-05-02 19:09:02'),
(1869, 'fehér bors', 'késhegynyi', '2022-05-02 19:09:03', '2022-05-02 19:09:03'),
(1870, 'fehér bors', 'dkg', '2022-05-02 19:09:03', '2022-05-02 19:09:03'),
(1871, 'fehér bors', 'csipet', '2022-05-02 19:09:03', '2022-05-02 19:09:03'),
(1872, 'fehér bors', 'kk', '2022-05-02 19:09:03', '2022-05-02 19:09:03'),
(1873, 'fehér bors', 'g', '2022-05-02 19:09:03', '2022-05-02 19:09:03'),
(1874, 'fehér bors', 'tk', '2022-05-02 19:09:03', '2022-05-02 19:09:03'),
(1875, 'gyömbérpor', 'késhegynyi', '2022-05-02 19:09:03', '2022-05-02 19:09:03'),
(1876, 'gyömbérpor', 'dkg', '2022-05-02 19:09:03', '2022-05-02 19:09:03'),
(1877, 'gyömbérpor', 'csipet', '2022-05-02 19:09:03', '2022-05-02 19:09:03'),
(1878, 'gyömbérpor', 'kk', '2022-05-02 19:09:04', '2022-05-02 19:09:04'),
(1879, 'gyömbérpor', 'g', '2022-05-02 19:09:04', '2022-05-02 19:09:04'),
(1880, 'gyömbérpor', 'tk', '2022-05-02 19:09:05', '2022-05-02 19:09:05'),
(1881, 'fekete bors', 'késhegynyi', '2022-05-02 19:09:05', '2022-05-02 19:09:05'),
(1882, 'fekete bors', 'dkg', '2022-05-02 19:09:05', '2022-05-02 19:09:05'),
(1883, 'fekete bors', 'csipet', '2022-05-02 19:09:06', '2022-05-02 19:09:06'),
(1884, 'fekete bors', 'kk', '2022-05-02 19:09:06', '2022-05-02 19:09:06'),
(1885, 'fekete bors', 'g', '2022-05-02 19:09:06', '2022-05-02 19:09:06'),
(1886, 'fekete bors', 'tk', '2022-05-02 19:09:06', '2022-05-02 19:09:06'),
(1887, 'chilipehely', 'késhegynyi', '2022-05-02 19:09:06', '2022-05-02 19:09:06'),
(1888, 'chilipehely', 'dkg', '2022-05-02 19:09:06', '2022-05-02 19:09:06'),
(1889, 'chilipehely', 'csipet', '2022-05-02 19:09:06', '2022-05-02 19:09:06'),
(1890, 'chilipehely', 'kk', '2022-05-02 19:09:06', '2022-05-02 19:09:06'),
(1891, 'chilipehely', 'g', '2022-05-02 19:09:06', '2022-05-02 19:09:06'),
(1892, 'chilipehely', 'tk', '2022-05-02 19:09:06', '2022-05-02 19:09:06'),
(1893, 'görögszéna', 'késhegynyi', '2022-05-02 19:09:06', '2022-05-02 19:09:06'),
(1894, 'görögszéna', 'dkg', '2022-05-02 19:09:07', '2022-05-02 19:09:07'),
(1895, 'görögszéna', 'csipet', '2022-05-02 19:09:07', '2022-05-02 19:09:07'),
(1896, 'görögszéna', 'kk', '2022-05-02 19:09:07', '2022-05-02 19:09:07'),
(1897, 'görögszéna', 'g', '2022-05-02 19:09:07', '2022-05-02 19:09:07'),
(1898, 'görögszéna', 'tk', '2022-05-02 19:09:07', '2022-05-02 19:09:07'),
(1899, 'fehér mustármag', 'késhegynyi', '2022-05-02 19:09:07', '2022-05-02 19:09:07'),
(1900, 'fehér mustármag', 'dkg', '2022-05-02 19:09:07', '2022-05-02 19:09:07'),
(1901, 'fehér mustármag', 'csipet', '2022-05-02 19:09:07', '2022-05-02 19:09:07'),
(1902, 'fehér mustármag', 'kk', '2022-05-02 19:09:07', '2022-05-02 19:09:07'),
(1903, 'fehér mustármag', 'g', '2022-05-02 19:09:08', '2022-05-02 19:09:08'),
(1904, 'fehér mustármag', 'tk', '2022-05-02 19:09:08', '2022-05-02 19:09:08'),
(1905, 'koriandermag', 'késhegynyi', '2022-05-02 19:09:08', '2022-05-02 19:09:08'),
(1906, 'koriandermag', 'dkg', '2022-05-02 19:09:08', '2022-05-02 19:09:08'),
(1907, 'koriandermag', 'csipet', '2022-05-02 19:09:08', '2022-05-02 19:09:08'),
(1908, 'koriandermag', 'kk', '2022-05-02 19:09:08', '2022-05-02 19:09:08'),
(1909, 'koriandermag', 'g', '2022-05-02 19:09:09', '2022-05-02 19:09:09'),
(1910, 'koriandermag', 'tk', '2022-05-02 19:09:09', '2022-05-02 19:09:09'),
(1911, 'zöldbors', 'késhegynyi', '2022-05-02 19:09:09', '2022-05-02 19:09:09'),
(1912, 'zöldbors', 'dkg', '2022-05-02 19:09:09', '2022-05-02 19:09:09'),
(1913, 'zöldbors', 'csipet', '2022-05-02 19:09:09', '2022-05-02 19:09:09'),
(1914, 'zöldbors', 'kk', '2022-05-02 19:09:09', '2022-05-02 19:09:09'),
(1915, 'zöldbors', 'g', '2022-05-02 19:09:09', '2022-05-02 19:09:09'),
(1916, 'zöldbors', 'tk', '2022-05-02 19:09:09', '2022-05-02 19:09:09'),
(1917, 'zöld kardamom', 'késhegynyi', '2022-05-02 19:09:09', '2022-05-02 19:09:09'),
(1918, 'zöld kardamom', 'dkg', '2022-05-02 19:09:09', '2022-05-02 19:09:09'),
(1919, 'zöld kardamom', 'csipet', '2022-05-02 19:09:09', '2022-05-02 19:09:09'),
(1920, 'zöld kardamom', 'kk', '2022-05-02 19:09:10', '2022-05-02 19:09:10'),
(1921, 'zöld kardamom', 'g', '2022-05-02 19:09:11', '2022-05-02 19:09:11'),
(1922, 'zöld kardamom', 'tk', '2022-05-02 19:09:11', '2022-05-02 19:09:11'),
(1923, 'fekete kardamom', 'késhegynyi', '2022-05-02 19:09:11', '2022-05-02 19:09:11'),
(1924, 'fekete kardamom', 'dkg', '2022-05-02 19:09:11', '2022-05-02 19:09:11'),
(1925, 'fekete kardamom', 'csipet', '2022-05-02 19:09:11', '2022-05-02 19:09:11'),
(1926, 'fekete kardamom', 'kk', '2022-05-02 19:09:11', '2022-05-02 19:09:11'),
(1927, 'fekete kardamom', 'g', '2022-05-02 19:09:11', '2022-05-02 19:09:11'),
(1928, 'fekete kardamom', 'tk', '2022-05-02 19:09:12', '2022-05-02 19:09:12'),
(1929, 'fokhagymapor', 'késhegynyi', '2022-05-02 19:09:12', '2022-05-02 19:09:12'),
(1930, 'fokhagymapor', 'dkg', '2022-05-02 19:09:12', '2022-05-02 19:09:12'),
(1931, 'fokhagymapor', 'csipet', '2022-05-02 19:09:12', '2022-05-02 19:09:12'),
(1932, 'fokhagymapor', 'kk', '2022-05-02 19:09:12', '2022-05-02 19:09:12'),
(1933, 'fokhagymapor', 'g', '2022-05-02 19:09:12', '2022-05-02 19:09:12'),
(1934, 'fokhagymapor', 'tk', '2022-05-02 19:09:12', '2022-05-02 19:09:12'),
(1935, 'őrölt fűszerkömény', 'késhegynyi', '2022-05-02 19:09:13', '2022-05-02 19:09:13'),
(1936, 'őrölt fűszerkömény', 'dkg', '2022-05-02 19:09:13', '2022-05-02 19:09:13'),
(1937, 'őrölt fűszerkömény', 'csipet', '2022-05-02 19:09:13', '2022-05-02 19:09:13'),
(1938, 'őrölt fűszerkömény', 'kk', '2022-05-02 19:09:13', '2022-05-02 19:09:13'),
(1939, 'őrölt fűszerkömény', 'g', '2022-05-02 19:09:14', '2022-05-02 19:09:14'),
(1940, 'őrölt fűszerkömény', 'tk', '2022-05-02 19:09:14', '2022-05-02 19:09:14'),
(1941, 'citruspor', 'késhegynyi', '2022-05-02 19:09:14', '2022-05-02 19:09:14'),
(1942, 'citruspor', 'dkg', '2022-05-02 19:09:14', '2022-05-02 19:09:14'),
(1943, 'citruspor', 'csipet', '2022-05-02 19:09:14', '2022-05-02 19:09:14'),
(1944, 'citruspor', 'kk', '2022-05-02 19:09:14', '2022-05-02 19:09:14'),
(1945, 'citruspor', 'g', '2022-05-02 19:09:14', '2022-05-02 19:09:14'),
(1946, 'citruspor', 'tk', '2022-05-02 19:09:15', '2022-05-02 19:09:15'),
(1947, 'szerecsendió virág', 'késhegynyi', '2022-05-02 19:09:15', '2022-05-02 19:09:15'),
(1948, 'szerecsendió virág', 'dkg', '2022-05-02 19:09:15', '2022-05-02 19:09:15'),
(1949, 'szerecsendió virág', 'csipet', '2022-05-02 19:09:15', '2022-05-02 19:09:15'),
(1950, 'szerecsendió virág', 'kk', '2022-05-02 19:09:15', '2022-05-02 19:09:15'),
(1951, 'szerecsendió virág', 'g', '2022-05-02 19:09:15', '2022-05-02 19:09:15'),
(1952, 'szerecsendió virág', 'tk', '2022-05-02 19:09:15', '2022-05-02 19:09:15'),
(1953, 'négyszínű bors', 'késhegynyi', '2022-05-02 19:09:15', '2022-05-02 19:09:15'),
(1954, 'négyszínű bors', 'dkg', '2022-05-02 19:09:15', '2022-05-02 19:09:15'),
(1955, 'négyszínű bors', 'csipet', '2022-05-02 19:09:15', '2022-05-02 19:09:15'),
(1956, 'négyszínű bors', 'kk', '2022-05-02 19:09:15', '2022-05-02 19:09:15'),
(1957, 'négyszínű bors', 'g', '2022-05-02 19:09:16', '2022-05-02 19:09:16'),
(1958, 'négyszínű bors', 'tk', '2022-05-02 19:09:16', '2022-05-02 19:09:16'),
(1959, 'sáfrányos szeklice', 'késhegynyi', '2022-05-02 19:09:16', '2022-05-02 19:09:16'),
(1960, 'sáfrányos szeklice', 'dkg', '2022-05-02 19:09:16', '2022-05-02 19:09:16'),
(1961, 'sáfrányos szeklice', 'csipet', '2022-05-02 19:09:16', '2022-05-02 19:09:16'),
(1962, 'sáfrányos szeklice', 'kk', '2022-05-02 19:09:16', '2022-05-02 19:09:16'),
(1963, 'sáfrányos szeklice', 'g', '2022-05-02 19:09:16', '2022-05-02 19:09:16'),
(1964, 'sáfrányos szeklice', 'tk', '2022-05-02 19:09:16', '2022-05-02 19:09:16'),
(1965, 'fokhagymabors', 'késhegynyi', '2022-05-02 19:09:17', '2022-05-02 19:09:17'),
(1966, 'fokhagymabors', 'dkg', '2022-05-02 19:09:17', '2022-05-02 19:09:17'),
(1967, 'fokhagymabors', 'csipet', '2022-05-02 19:09:17', '2022-05-02 19:09:17'),
(1968, 'fokhagymabors', 'kk', '2022-05-02 19:09:17', '2022-05-02 19:09:17'),
(1969, 'fokhagymabors', 'g', '2022-05-02 19:09:17', '2022-05-02 19:09:17'),
(1970, 'fokhagymabors', 'tk', '2022-05-02 19:09:17', '2022-05-02 19:09:17'),
(1971, 'szárított hibiszkuszvirág', 'késhegynyi', '2022-05-02 19:09:18', '2022-05-02 19:09:18'),
(1972, 'szárított hibiszkuszvirág', 'dkg', '2022-05-02 19:09:18', '2022-05-02 19:09:18'),
(1973, 'szárított hibiszkuszvirág', 'csipet', '2022-05-02 19:09:18', '2022-05-02 19:09:18'),
(1974, 'szárított hibiszkuszvirág', 'kk', '2022-05-02 19:09:18', '2022-05-02 19:09:18'),
(1975, 'szárított hibiszkuszvirág', 'g', '2022-05-02 19:09:18', '2022-05-02 19:09:18'),
(1976, 'szárított hibiszkuszvirág', 'tk', '2022-05-02 19:09:18', '2022-05-02 19:09:18'),
(1977, 'tonkabab', 'késhegynyi', '2022-05-02 19:09:18', '2022-05-02 19:09:18'),
(1978, 'tonkabab', 'dkg', '2022-05-02 19:09:18', '2022-05-02 19:09:18'),
(1979, 'tonkabab', 'csipet', '2022-05-02 19:09:19', '2022-05-02 19:09:19'),
(1980, 'tonkabab', 'kk', '2022-05-02 19:09:19', '2022-05-02 19:09:19'),
(1981, 'tonkabab', 'g', '2022-05-02 19:09:19', '2022-05-02 19:09:19'),
(1982, 'tonkabab', 'tk', '2022-05-02 19:09:19', '2022-05-02 19:09:19'),
(1983, 'szárított jázmin', 'késhegynyi', '2022-05-02 19:09:19', '2022-05-02 19:09:19'),
(1984, 'szárított jázmin', 'dkg', '2022-05-02 19:09:19', '2022-05-02 19:09:19'),
(1985, 'szárított jázmin', 'csipet', '2022-05-02 19:09:20', '2022-05-02 19:09:20'),
(1986, 'szárított jázmin', 'kk', '2022-05-02 19:09:21', '2022-05-02 19:09:21'),
(1987, 'szárított jázmin', 'g', '2022-05-02 19:09:21', '2022-05-02 19:09:21'),
(1988, 'szárított jázmin', 'tk', '2022-05-02 19:09:22', '2022-05-02 19:09:22'),
(1989, 'édesgyökér', 'késhegynyi', '2022-05-02 19:09:22', '2022-05-02 19:09:22'),
(1990, 'édesgyökér', 'dkg', '2022-05-02 19:09:22', '2022-05-02 19:09:22'),
(1991, 'édesgyökér', 'csipet', '2022-05-02 19:09:22', '2022-05-02 19:09:22'),
(1992, 'édesgyökér', 'kk', '2022-05-02 19:09:22', '2022-05-02 19:09:22'),
(1993, 'édesgyökér', 'g', '2022-05-02 19:09:22', '2022-05-02 19:09:22'),
(1994, 'édesgyökér', 'tk', '2022-05-02 19:09:22', '2022-05-02 19:09:22'),
(1995, 'szumák', 'késhegynyi', '2022-05-02 19:09:22', '2022-05-02 19:09:22'),
(1996, 'szumák', 'dkg', '2022-05-02 19:09:23', '2022-05-02 19:09:23'),
(1997, 'szumák', 'csipet', '2022-05-02 19:09:23', '2022-05-02 19:09:23'),
(1998, 'szumák', 'kk', '2022-05-02 19:09:23', '2022-05-02 19:09:23'),
(1999, 'szumák', 'g', '2022-05-02 19:09:23', '2022-05-02 19:09:23'),
(2000, 'szumák', 'tk', '2022-05-02 19:09:23', '2022-05-02 19:09:23'),
(2001, 'szárított fűszerpaprika', 'késhegynyi', '2022-05-02 19:09:23', '2022-05-02 19:09:23'),
(2002, 'szárított fűszerpaprika', 'dkg', '2022-05-02 19:09:23', '2022-05-02 19:09:23'),
(2003, 'szárított fűszerpaprika', 'csipet', '2022-05-02 19:09:24', '2022-05-02 19:09:24'),
(2004, 'szárított fűszerpaprika', 'kk', '2022-05-02 19:09:24', '2022-05-02 19:09:24'),
(2005, 'szárított fűszerpaprika', 'g', '2022-05-02 19:09:24', '2022-05-02 19:09:24'),
(2006, 'szárított fűszerpaprika', 'tk', '2022-05-02 19:09:24', '2022-05-02 19:09:24'),
(2007, 'áfonyalevél', 'késhegynyi', '2022-05-02 19:09:24', '2022-05-02 19:09:24'),
(2008, 'áfonyalevél', 'dkg', '2022-05-02 19:09:24', '2022-05-02 19:09:24'),
(2009, 'áfonyalevél', 'csipet', '2022-05-02 19:09:24', '2022-05-02 19:09:24'),
(2010, 'áfonyalevél', 'kk', '2022-05-02 19:09:24', '2022-05-02 19:09:24'),
(2011, 'áfonyalevél', 'g', '2022-05-02 19:09:24', '2022-05-02 19:09:24'),
(2012, 'áfonyalevél', 'tk', '2022-05-02 19:09:25', '2022-05-02 19:09:25'),
(2013, 'szegfűbors', 'késhegynyi', '2022-05-02 19:09:25', '2022-05-02 19:09:25'),
(2014, 'szegfűbors', 'dkg', '2022-05-02 19:09:25', '2022-05-02 19:09:25'),
(2015, 'szegfűbors', 'csipet', '2022-05-02 19:09:25', '2022-05-02 19:09:25'),
(2016, 'szegfűbors', 'kk', '2022-05-02 19:09:25', '2022-05-02 19:09:25'),
(2017, 'szegfűbors', 'g', '2022-05-02 19:09:25', '2022-05-02 19:09:25');
INSERT INTO `alapanyag_mertekegysegs` (`am_id`, `alapanyag`, `mertekegyseg`, `created_at`, `updated_at`) VALUES
(2018, 'szegfűbors', 'tk', '2022-05-02 19:09:25', '2022-05-02 19:09:25'),
(2019, 'balzsamecet', 'kk', '2022-05-02 19:09:26', '2022-05-02 19:09:26'),
(2020, 'balzsamecet', 'tk', '2022-05-02 19:09:26', '2022-05-02 19:09:26'),
(2021, 'balzsamecet', 'ek', '2022-05-02 19:09:26', '2022-05-02 19:09:26'),
(2022, 'balzsamecet', 'ml', '2022-05-02 19:09:26', '2022-05-02 19:09:26'),
(2023, 'balzsamecet', 'cl', '2022-05-02 19:09:26', '2022-05-02 19:09:26'),
(2024, 'balzsamecet', 'dl', '2022-05-02 19:09:26', '2022-05-02 19:09:26'),
(2025, 'fehérborecet', 'kk', '2022-05-02 19:09:26', '2022-05-02 19:09:26'),
(2026, 'fehérborecet', 'tk', '2022-05-02 19:09:26', '2022-05-02 19:09:26'),
(2027, 'fehérborecet', 'ek', '2022-05-02 19:09:26', '2022-05-02 19:09:26'),
(2028, 'fehérborecet', 'ml', '2022-05-02 19:09:26', '2022-05-02 19:09:26'),
(2029, 'fehérborecet', 'cl', '2022-05-02 19:09:26', '2022-05-02 19:09:26'),
(2030, 'fehérborecet', 'dl', '2022-05-02 19:09:26', '2022-05-02 19:09:26'),
(2031, 'ecet', 'kk', '2022-05-02 19:09:26', '2022-05-02 19:09:26'),
(2032, 'ecet', 'tk', '2022-05-02 19:09:26', '2022-05-02 19:09:26'),
(2033, 'ecet', 'ek', '2022-05-02 19:09:26', '2022-05-02 19:09:26'),
(2034, 'ecet', 'ml', '2022-05-02 19:09:27', '2022-05-02 19:09:27'),
(2035, 'ecet', 'cl', '2022-05-02 19:09:27', '2022-05-02 19:09:27'),
(2036, 'ecet', 'dl', '2022-05-02 19:09:27', '2022-05-02 19:09:27'),
(2037, 'rizsecet', 'kk', '2022-05-02 19:09:27', '2022-05-02 19:09:27'),
(2038, 'rizsecet', 'tk', '2022-05-02 19:09:27', '2022-05-02 19:09:27'),
(2039, 'rizsecet', 'ek', '2022-05-02 19:09:27', '2022-05-02 19:09:27'),
(2040, 'rizsecet', 'ml', '2022-05-02 19:09:28', '2022-05-02 19:09:28'),
(2041, 'rizsecet', 'cl', '2022-05-02 19:09:28', '2022-05-02 19:09:28'),
(2042, 'rizsecet', 'dl', '2022-05-02 19:09:28', '2022-05-02 19:09:28'),
(2043, 'almaecet', 'kk', '2022-05-02 19:09:28', '2022-05-02 19:09:28'),
(2044, 'almaecet', 'tk', '2022-05-02 19:09:29', '2022-05-02 19:09:29'),
(2045, 'almaecet', 'ek', '2022-05-02 19:09:29', '2022-05-02 19:09:29'),
(2046, 'almaecet', 'ml', '2022-05-02 19:09:29', '2022-05-02 19:09:29'),
(2047, 'almaecet', 'cl', '2022-05-02 19:09:29', '2022-05-02 19:09:29'),
(2048, 'almaecet', 'dl', '2022-05-02 19:09:29', '2022-05-02 19:09:29'),
(2049, 'vörösborecet', 'kk', '2022-05-02 19:09:29', '2022-05-02 19:09:29'),
(2050, 'vörösborecet', 'tk', '2022-05-02 19:09:29', '2022-05-02 19:09:29'),
(2051, 'vörösborecet', 'ek', '2022-05-02 19:09:29', '2022-05-02 19:09:29'),
(2052, 'vörösborecet', 'ml', '2022-05-02 19:09:29', '2022-05-02 19:09:29'),
(2053, 'vörösborecet', 'cl', '2022-05-02 19:09:29', '2022-05-02 19:09:29'),
(2054, 'vörösborecet', 'dl', '2022-05-02 19:09:30', '2022-05-02 19:09:30'),
(2055, 'málnaecet', 'kk', '2022-05-02 19:09:30', '2022-05-02 19:09:30'),
(2056, 'málnaecet', 'tk', '2022-05-02 19:09:30', '2022-05-02 19:09:30'),
(2057, 'málnaecet', 'ek', '2022-05-02 19:09:30', '2022-05-02 19:09:30'),
(2058, 'málnaecet', 'ml', '2022-05-02 19:09:30', '2022-05-02 19:09:30'),
(2059, 'málnaecet', 'cl', '2022-05-02 19:09:30', '2022-05-02 19:09:30'),
(2060, 'málnaecet', 'dl', '2022-05-02 19:09:31', '2022-05-02 19:09:31'),
(2061, 'fehér balzsamecet', 'kk', '2022-05-02 19:09:31', '2022-05-02 19:09:31'),
(2062, 'fehér balzsamecet', 'tk', '2022-05-02 19:09:31', '2022-05-02 19:09:31'),
(2063, 'fehér balzsamecet', 'ek', '2022-05-02 19:09:31', '2022-05-02 19:09:31'),
(2064, 'fehér balzsamecet', 'ml', '2022-05-02 19:09:31', '2022-05-02 19:09:31'),
(2065, 'fehér balzsamecet', 'cl', '2022-05-02 19:09:31', '2022-05-02 19:09:31'),
(2066, 'fehér balzsamecet', 'dl', '2022-05-02 19:09:31', '2022-05-02 19:09:31'),
(2067, 'rizsborecet', 'kk', '2022-05-02 19:09:31', '2022-05-02 19:09:31'),
(2068, 'rizsborecet', 'tk', '2022-05-02 19:09:32', '2022-05-02 19:09:32'),
(2069, 'rizsborecet', 'ek', '2022-05-02 19:09:32', '2022-05-02 19:09:32'),
(2070, 'rizsborecet', 'ml', '2022-05-02 19:09:32', '2022-05-02 19:09:32'),
(2071, 'rizsborecet', 'cl', '2022-05-02 19:09:32', '2022-05-02 19:09:32'),
(2072, 'rizsborecet', 'dl', '2022-05-02 19:09:32', '2022-05-02 19:09:32'),
(2073, 'sherryecet', 'kk', '2022-05-02 19:09:32', '2022-05-02 19:09:32'),
(2074, 'sherryecet', 'tk', '2022-05-02 19:09:32', '2022-05-02 19:09:32'),
(2075, 'sherryecet', 'ek', '2022-05-02 19:09:32', '2022-05-02 19:09:32'),
(2076, 'sherryecet', 'ml', '2022-05-02 19:09:32', '2022-05-02 19:09:32'),
(2077, 'sherryecet', 'cl', '2022-05-02 19:09:32', '2022-05-02 19:09:32'),
(2078, 'sherryecet', 'dl', '2022-05-02 19:09:32', '2022-05-02 19:09:32'),
(2079, 'tárkonyecet', 'kk', '2022-05-02 19:09:32', '2022-05-02 19:09:32'),
(2080, 'tárkonyecet', 'tk', '2022-05-02 19:09:32', '2022-05-02 19:09:32'),
(2081, 'tárkonyecet', 'ek', '2022-05-02 19:09:33', '2022-05-02 19:09:33'),
(2082, 'tárkonyecet', 'ml', '2022-05-02 19:09:33', '2022-05-02 19:09:33'),
(2083, 'tárkonyecet', 'cl', '2022-05-02 19:09:33', '2022-05-02 19:09:33'),
(2084, 'tárkonyecet', 'dl', '2022-05-02 19:09:33', '2022-05-02 19:09:33'),
(2085, 'gyümölcsös dresszing', 'kk', '2022-05-02 19:09:33', '2022-05-02 19:09:33'),
(2086, 'gyümölcsös dresszing', 'tk', '2022-05-02 19:09:33', '2022-05-02 19:09:33'),
(2087, 'gyümölcsös dresszing', 'ek', '2022-05-02 19:09:33', '2022-05-02 19:09:33'),
(2088, 'gyümölcsös dresszing', 'ml', '2022-05-02 19:09:34', '2022-05-02 19:09:34'),
(2089, 'gyümölcsös dresszing', 'cl', '2022-05-02 19:09:34', '2022-05-02 19:09:34'),
(2090, 'gyümölcsös dresszing', 'dl', '2022-05-02 19:09:34', '2022-05-02 19:09:34'),
(2091, 'Tokaj dresszing', 'kk', '2022-05-02 19:09:34', '2022-05-02 19:09:34'),
(2092, 'Tokaj dresszing', 'tk', '2022-05-02 19:09:34', '2022-05-02 19:09:34'),
(2093, 'Tokaj dresszing', 'ek', '2022-05-02 19:09:34', '2022-05-02 19:09:34'),
(2094, 'Tokaj dresszing', 'ml', '2022-05-02 19:09:34', '2022-05-02 19:09:34'),
(2095, 'Tokaj dresszing', 'cl', '2022-05-02 19:09:35', '2022-05-02 19:09:35'),
(2096, 'Tokaj dresszing', 'dl', '2022-05-02 19:09:35', '2022-05-02 19:09:35'),
(2097, 'Tokaj vinaigrette', 'kk', '2022-05-02 19:09:35', '2022-05-02 19:09:35'),
(2098, 'Tokaj vinaigrette', 'tk', '2022-05-02 19:09:35', '2022-05-02 19:09:35'),
(2099, 'Tokaj vinaigrette', 'ek', '2022-05-02 19:09:35', '2022-05-02 19:09:35'),
(2100, 'Tokaj vinaigrette', 'ml', '2022-05-02 19:09:35', '2022-05-02 19:09:35'),
(2101, 'Tokaj vinaigrette', 'cl', '2022-05-02 19:09:35', '2022-05-02 19:09:35'),
(2102, 'Tokaj vinaigrette', 'dl', '2022-05-02 19:09:35', '2022-05-02 19:09:35'),
(2103, 'író', 'ml', '2022-05-02 19:09:35', '2022-05-02 19:09:35'),
(2104, 'író', 'cl', '2022-05-02 19:09:35', '2022-05-02 19:09:35'),
(2105, 'író', 'dl', '2022-05-02 19:09:35', '2022-05-02 19:09:35'),
(2106, 'író', 'l', '2022-05-02 19:09:35', '2022-05-02 19:09:35'),
(2107, 'tejpor', 'g', '2022-05-02 19:09:35', '2022-05-02 19:09:35'),
(2108, 'tejpor', 'kk', '2022-05-02 19:09:35', '2022-05-02 19:09:35'),
(2109, 'tejpor', 'tk', '2022-05-02 19:09:36', '2022-05-02 19:09:36'),
(2110, 'tejpor', 'ek', '2022-05-02 19:09:36', '2022-05-02 19:09:36'),
(2111, 'sűrített tej (cukrozott)', 'ml', '2022-05-02 19:09:36', '2022-05-02 19:09:36'),
(2112, 'sűrített tej (cukrozott)', 'cl', '2022-05-02 19:09:36', '2022-05-02 19:09:36'),
(2113, 'sűrített tej (cukrozott)', 'dl', '2022-05-02 19:09:36', '2022-05-02 19:09:36'),
(2114, 'sűrített tej (cukrozott)', 'l', '2022-05-02 19:09:36', '2022-05-02 19:09:36'),
(2115, 'sovány tejpor (cukrozott)', 'g', '2022-05-02 19:09:36', '2022-05-02 19:09:36'),
(2116, 'sovány tejpor (cukrozott)', 'kk', '2022-05-02 19:09:36', '2022-05-02 19:09:36'),
(2117, 'sovány tejpor (cukrozott)', 'tk', '2022-05-02 19:09:36', '2022-05-02 19:09:36'),
(2118, 'sovány tejpor (cukrozott)', 'ek', '2022-05-02 19:09:36', '2022-05-02 19:09:36'),
(2119, 'savó', 'ml', '2022-05-02 19:09:37', '2022-05-02 19:09:37'),
(2120, 'savó', 'cl', '2022-05-02 19:09:37', '2022-05-02 19:09:37'),
(2121, 'savó', 'dl', '2022-05-02 19:09:38', '2022-05-02 19:09:38'),
(2122, 'savó', 'l', '2022-05-02 19:09:38', '2022-05-02 19:09:38'),
(2123, 'túró rudi', 'db', '2022-05-02 19:09:38', '2022-05-02 19:09:38'),
(2124, 'túró rudi', 'g', '2022-05-02 19:09:39', '2022-05-02 19:09:39'),
(2125, 'túródesszert', 'db', '2022-05-02 19:09:39', '2022-05-02 19:09:39'),
(2126, 'túródesszert', 'g', '2022-05-02 19:09:39', '2022-05-02 19:09:39'),
(2127, 'tejoltó enzim', 'ml', '2022-05-02 19:09:39', '2022-05-02 19:09:39'),
(2128, 'joghurt', 'g', '2022-05-02 19:09:39', '2022-05-02 19:09:39'),
(2129, 'joghurt', 'dkg', '2022-05-02 19:09:39', '2022-05-02 19:09:39'),
(2130, 'joghurt', 'ml', '2022-05-02 19:09:39', '2022-05-02 19:09:39'),
(2131, 'joghurt', 'dl', '2022-05-02 19:09:39', '2022-05-02 19:09:39'),
(2132, 'kefir', 'g', '2022-05-02 19:09:39', '2022-05-02 19:09:39'),
(2133, 'kefir', 'dkg', '2022-05-02 19:09:39', '2022-05-02 19:09:39'),
(2134, 'kefir', 'ml', '2022-05-02 19:09:39', '2022-05-02 19:09:39'),
(2135, 'kefir', 'dl', '2022-05-02 19:09:39', '2022-05-02 19:09:39'),
(2136, 'aludttej', 'g', '2022-05-02 19:09:40', '2022-05-02 19:09:40'),
(2137, 'aludttej', 'dkg', '2022-05-02 19:09:40', '2022-05-02 19:09:40'),
(2138, 'aludttej', 'ml', '2022-05-02 19:09:40', '2022-05-02 19:09:40'),
(2139, 'aludttej', 'dl', '2022-05-02 19:09:40', '2022-05-02 19:09:40'),
(2140, 'görög joghurt', 'g', '2022-05-02 19:09:40', '2022-05-02 19:09:40'),
(2141, 'görög joghurt', 'dkg', '2022-05-02 19:09:40', '2022-05-02 19:09:40'),
(2142, 'görög joghurt', 'ml', '2022-05-02 19:09:40', '2022-05-02 19:09:40'),
(2143, 'görög joghurt', 'dl', '2022-05-02 19:09:40', '2022-05-02 19:09:40'),
(2144, 'kaukázusi kefir', 'g', '2022-05-02 19:09:40', '2022-05-02 19:09:40'),
(2145, 'kaukázusi kefir', 'dkg', '2022-05-02 19:09:40', '2022-05-02 19:09:40'),
(2146, 'kaukázusi kefir', 'ml', '2022-05-02 19:09:41', '2022-05-02 19:09:41'),
(2147, 'kaukázusi kefir', 'dl', '2022-05-02 19:09:41', '2022-05-02 19:09:41'),
(2148, 'gyümölcsjoghurt', 'g', '2022-05-02 19:09:41', '2022-05-02 19:09:41'),
(2149, 'gyümölcsjoghurt', 'dkg', '2022-05-02 19:09:41', '2022-05-02 19:09:41'),
(2150, 'gyümölcsjoghurt', 'ml', '2022-05-02 19:09:41', '2022-05-02 19:09:41'),
(2151, 'gyümölcsjoghurt', 'dl', '2022-05-02 19:09:41', '2022-05-02 19:09:41'),
(2152, 'juhkefir', 'g', '2022-05-02 19:09:41', '2022-05-02 19:09:41'),
(2153, 'juhkefir', 'dkg', '2022-05-02 19:09:42', '2022-05-02 19:09:42'),
(2154, 'juhkefir', 'ml', '2022-05-02 19:09:42', '2022-05-02 19:09:42'),
(2155, 'juhkefir', 'dl', '2022-05-02 19:09:42', '2022-05-02 19:09:42'),
(2156, 'kecskejoghurt', 'g', '2022-05-02 19:09:42', '2022-05-02 19:09:42'),
(2157, 'kecskejoghurt', 'dkg', '2022-05-02 19:09:42', '2022-05-02 19:09:42'),
(2158, 'kecskejoghurt', 'ml', '2022-05-02 19:09:43', '2022-05-02 19:09:43'),
(2159, 'kecskejoghurt', 'dl', '2022-05-02 19:09:43', '2022-05-02 19:09:43'),
(2160, 'skyr', 'g', '2022-05-02 19:09:43', '2022-05-02 19:09:43'),
(2161, 'skyr', 'dkg', '2022-05-02 19:09:43', '2022-05-02 19:09:43'),
(2162, 'skyr', 'ml', '2022-05-02 19:09:43', '2022-05-02 19:09:43'),
(2163, 'skyr', 'dl', '2022-05-02 19:09:43', '2022-05-02 19:09:43'),
(2164, 'parmezán sajt', 'g', '2022-05-02 19:09:43', '2022-05-02 19:09:43'),
(2165, 'parmezán sajt', 'dkg', '2022-05-02 19:09:43', '2022-05-02 19:09:43'),
(2166, 'parmezán sajt', 'kg', '2022-05-02 19:09:43', '2022-05-02 19:09:43'),
(2167, 'sajt', 'g', '2022-05-02 19:09:43', '2022-05-02 19:09:43'),
(2168, 'sajt', 'dkg', '2022-05-02 19:09:43', '2022-05-02 19:09:43'),
(2169, 'sajt', 'kg', '2022-05-02 19:09:43', '2022-05-02 19:09:43'),
(2170, 'kecskesajt', 'g', '2022-05-02 19:09:43', '2022-05-02 19:09:43'),
(2171, 'kecskesajt', 'dkg', '2022-05-02 19:09:43', '2022-05-02 19:09:43'),
(2172, 'kecskesajt', 'kg', '2022-05-02 19:09:43', '2022-05-02 19:09:43'),
(2173, 'mozzarella', 'g', '2022-05-02 19:09:44', '2022-05-02 19:09:44'),
(2174, 'mozzarella', 'dkg', '2022-05-02 19:09:44', '2022-05-02 19:09:44'),
(2175, 'mozzarella', 'kg', '2022-05-02 19:09:44', '2022-05-02 19:09:44'),
(2176, 'mascarpone', 'g', '2022-05-02 19:09:44', '2022-05-02 19:09:44'),
(2177, 'mascarpone', 'dkg', '2022-05-02 19:09:44', '2022-05-02 19:09:44'),
(2178, 'mascarpone', 'kg', '2022-05-02 19:09:44', '2022-05-02 19:09:44'),
(2179, 'feta sajt', 'g', '2022-05-02 19:09:44', '2022-05-02 19:09:44'),
(2180, 'feta sajt', 'dkg', '2022-05-02 19:09:44', '2022-05-02 19:09:44'),
(2181, 'feta sajt', 'kg', '2022-05-02 19:09:44', '2022-05-02 19:09:44'),
(2182, 'gruyére sajt', 'g', '2022-05-02 19:09:44', '2022-05-02 19:09:44'),
(2183, 'gruyére sajt', 'dkg', '2022-05-02 19:09:44', '2022-05-02 19:09:44'),
(2184, 'gruyére sajt', 'kg', '2022-05-02 19:09:44', '2022-05-02 19:09:44'),
(2185, 'gomolya sajt', 'g', '2022-05-02 19:09:45', '2022-05-02 19:09:45'),
(2186, 'gomolya sajt', 'dkg', '2022-05-02 19:09:45', '2022-05-02 19:09:45'),
(2187, 'gomolya sajt', 'kg', '2022-05-02 19:09:45', '2022-05-02 19:09:45'),
(2188, 'juhsajt', 'g', '2022-05-02 19:09:45', '2022-05-02 19:09:45'),
(2189, 'juhsajt', 'dkg', '2022-05-02 19:09:45', '2022-05-02 19:09:45'),
(2190, 'juhsajt', 'kg', '2022-05-02 19:09:45', '2022-05-02 19:09:45'),
(2191, 'scamorza', 'g', '2022-05-02 19:09:45', '2022-05-02 19:09:45'),
(2192, 'scamorza', 'dkg', '2022-05-02 19:09:46', '2022-05-02 19:09:46'),
(2193, 'scamorza', 'kg', '2022-05-02 19:09:46', '2022-05-02 19:09:46'),
(2194, 'halloumi sajt', 'g', '2022-05-02 19:09:46', '2022-05-02 19:09:46'),
(2195, 'halloumi sajt', 'dkg', '2022-05-02 19:09:46', '2022-05-02 19:09:46'),
(2196, 'halloumi sajt', 'kg', '2022-05-02 19:09:46', '2022-05-02 19:09:46'),
(2197, 'kéksajt', 'g', '2022-05-02 19:09:47', '2022-05-02 19:09:47'),
(2198, 'kéksajt', 'dkg', '2022-05-02 19:09:47', '2022-05-02 19:09:47'),
(2199, 'kéksajt', 'kg', '2022-05-02 19:09:47', '2022-05-02 19:09:47'),
(2200, 'camembert sajt', 'g', '2022-05-02 19:09:47', '2022-05-02 19:09:47'),
(2201, 'camembert sajt', 'dkg', '2022-05-02 19:09:47', '2022-05-02 19:09:47'),
(2202, 'camembert sajt', 'kg', '2022-05-02 19:09:47', '2022-05-02 19:09:47'),
(2203, 'fromage frais', 'g', '2022-05-02 19:09:48', '2022-05-02 19:09:48'),
(2204, 'fromage frais', 'dkg', '2022-05-02 19:09:48', '2022-05-02 19:09:48'),
(2205, 'fromage frais', 'kg', '2022-05-02 19:09:48', '2022-05-02 19:09:48'),
(2206, 'krémsajt', 'g', '2022-05-02 19:09:48', '2022-05-02 19:09:48'),
(2207, 'krémsajt', 'dkg', '2022-05-02 19:09:48', '2022-05-02 19:09:48'),
(2208, 'krémsajt', 'kg', '2022-05-02 19:09:48', '2022-05-02 19:09:48'),
(2209, 'grana padano', 'g', '2022-05-02 19:09:48', '2022-05-02 19:09:48'),
(2210, 'grana padano', 'dkg', '2022-05-02 19:09:48', '2022-05-02 19:09:48'),
(2211, 'grana padano', 'kg', '2022-05-02 19:09:48', '2022-05-02 19:09:48'),
(2212, 'gorgonzola', 'g', '2022-05-02 19:09:48', '2022-05-02 19:09:48'),
(2213, 'gorgonzola', 'dkg', '2022-05-02 19:09:49', '2022-05-02 19:09:49'),
(2214, 'gorgonzola', 'kg', '2022-05-02 19:09:49', '2022-05-02 19:09:49'),
(2215, 'cheddar sajt', 'g', '2022-05-02 19:09:49', '2022-05-02 19:09:49'),
(2216, 'cheddar sajt', 'dkg', '2022-05-02 19:09:49', '2022-05-02 19:09:49'),
(2217, 'cheddar sajt', 'kg', '2022-05-02 19:09:49', '2022-05-02 19:09:49'),
(2218, 'edami sajt', 'g', '2022-05-02 19:09:49', '2022-05-02 19:09:49'),
(2219, 'edami sajt', 'dkg', '2022-05-02 19:09:49', '2022-05-02 19:09:49'),
(2220, 'edami sajt', 'kg', '2022-05-02 19:09:49', '2022-05-02 19:09:49'),
(2221, 'ementáli sajt', 'g', '2022-05-02 19:09:49', '2022-05-02 19:09:49'),
(2222, 'ementáli sajt', 'dkg', '2022-05-02 19:09:49', '2022-05-02 19:09:49'),
(2223, 'ementáli sajt', 'kg', '2022-05-02 19:09:50', '2022-05-02 19:09:50'),
(2224, 'trappista sajt', 'g', '2022-05-02 19:09:50', '2022-05-02 19:09:50'),
(2225, 'trappista sajt', 'dkg', '2022-05-02 19:09:50', '2022-05-02 19:09:50'),
(2226, 'trappista sajt', 'kg', '2022-05-02 19:09:50', '2022-05-02 19:09:50'),
(2227, 'füstölt sajt', 'g', '2022-05-02 19:09:50', '2022-05-02 19:09:50'),
(2228, 'füstölt sajt', 'dkg', '2022-05-02 19:09:50', '2022-05-02 19:09:50'),
(2229, 'füstölt sajt', 'kg', '2022-05-02 19:09:50', '2022-05-02 19:09:50'),
(2230, 'tömlős krémsajt', 'g', '2022-05-02 19:09:50', '2022-05-02 19:09:50'),
(2231, 'tömlős krémsajt', 'dkg', '2022-05-02 19:09:50', '2022-05-02 19:09:50'),
(2232, 'tömlős krémsajt', 'kg', '2022-05-02 19:09:50', '2022-05-02 19:09:50'),
(2233, 'lapkasajt', 'db', '2022-05-02 19:09:50', '2022-05-02 19:09:50'),
(2234, 'lapkasajt', 'g', '2022-05-02 19:09:50', '2022-05-02 19:09:50'),
(2235, 'lapkasajt', 'dkg', '2022-05-02 19:09:50', '2022-05-02 19:09:50'),
(2236, 'lapkasajt', 'kg', '2022-05-02 19:09:50', '2022-05-02 19:09:50'),
(2237, 'pecorino sajt', 'g', '2022-05-02 19:09:51', '2022-05-02 19:09:51'),
(2238, 'pecorino sajt', 'dkg', '2022-05-02 19:09:51', '2022-05-02 19:09:51'),
(2239, 'pecorino sajt', 'kg', '2022-05-02 19:09:51', '2022-05-02 19:09:51'),
(2240, 'marinált feta', 'g', '2022-05-02 19:09:51', '2022-05-02 19:09:51'),
(2241, 'marinált feta', 'dkg', '2022-05-02 19:09:51', '2022-05-02 19:09:51'),
(2242, 'marinált feta', 'kg', '2022-05-02 19:09:51', '2022-05-02 19:09:51'),
(2243, 'raklett sajt', 'g', '2022-05-02 19:09:51', '2022-05-02 19:09:51'),
(2244, 'raklett sajt', 'dkg', '2022-05-02 19:09:51', '2022-05-02 19:09:51'),
(2245, 'raklett sajt', 'kg', '2022-05-02 19:09:51', '2022-05-02 19:09:51'),
(2246, 'orda', 'g', '2022-05-02 19:09:51', '2022-05-02 19:09:51'),
(2247, 'orda', 'dkg', '2022-05-02 19:09:51', '2022-05-02 19:09:51'),
(2248, 'orda', 'kg', '2022-05-02 19:09:51', '2022-05-02 19:09:51'),
(2249, 'parenyica sajt', 'g', '2022-05-02 19:09:51', '2022-05-02 19:09:51'),
(2250, 'parenyica sajt', 'dkg', '2022-05-02 19:09:52', '2022-05-02 19:09:52'),
(2251, 'parenyica sajt', 'kg', '2022-05-02 19:09:52', '2022-05-02 19:09:52'),
(2252, 'kockasajt', 'db', '2022-05-02 19:09:52', '2022-05-02 19:09:52'),
(2253, 'kockasajt', 'g', '2022-05-02 19:09:52', '2022-05-02 19:09:52'),
(2254, 'kockasajt', 'dkg', '2022-05-02 19:09:52', '2022-05-02 19:09:52'),
(2255, 'kockasajt', 'kg', '2022-05-02 19:09:52', '2022-05-02 19:09:52'),
(2256, 'brie sajt', 'g', '2022-05-02 19:09:52', '2022-05-02 19:09:52'),
(2257, 'brie sajt', 'dkg', '2022-05-02 19:09:52', '2022-05-02 19:09:52'),
(2258, 'brie sajt', 'kg', '2022-05-02 19:09:52', '2022-05-02 19:09:52'),
(2259, 'laktózmentes sajt', 'g', '2022-05-02 19:09:52', '2022-05-02 19:09:52'),
(2260, 'laktózmentes sajt', 'dkg', '2022-05-02 19:09:53', '2022-05-02 19:09:53'),
(2261, 'laktózmentes sajt', 'kg', '2022-05-02 19:09:53', '2022-05-02 19:09:53'),
(2262, 'rántott sajt', 'g', '2022-05-02 19:09:53', '2022-05-02 19:09:53'),
(2263, 'rántott sajt', 'dkg', '2022-05-02 19:09:53', '2022-05-02 19:09:53'),
(2264, 'rántott sajt', 'kg', '2022-05-02 19:09:53', '2022-05-02 19:09:53'),
(2265, 'krémfehérsajt', 'g', '2022-05-02 19:09:53', '2022-05-02 19:09:53'),
(2266, 'krémfehérsajt', 'dkg', '2022-05-02 19:09:53', '2022-05-02 19:09:53'),
(2267, 'krémfehérsajt', 'kg', '2022-05-02 19:09:53', '2022-05-02 19:09:53'),
(2268, 'tejföl', 'ek', '2022-05-02 19:09:53', '2022-05-02 19:09:53'),
(2269, 'tejföl', 'g', '2022-05-02 19:09:53', '2022-05-02 19:09:53'),
(2270, 'tejföl', 'dkg', '2022-05-02 19:09:53', '2022-05-02 19:09:53'),
(2271, 'tejföl', 'kg', '2022-05-02 19:09:53', '2022-05-02 19:09:53'),
(2272, 'tejföl', 'dl', '2022-05-02 19:09:54', '2022-05-02 19:09:54'),
(2273, 'crème fraîche', 'ek', '2022-05-02 19:09:54', '2022-05-02 19:09:54'),
(2274, 'crème fraîche', 'g', '2022-05-02 19:09:54', '2022-05-02 19:09:54'),
(2275, 'crème fraîche', 'dkg', '2022-05-02 19:09:54', '2022-05-02 19:09:54'),
(2276, 'crème fraîche', 'kg', '2022-05-02 19:09:55', '2022-05-02 19:09:55'),
(2277, 'dupla tejszín', 'ek', '2022-05-02 19:09:55', '2022-05-02 19:09:55'),
(2278, 'dupla tejszín', 'g', '2022-05-02 19:09:55', '2022-05-02 19:09:55'),
(2279, 'dupla tejszín', 'dkg', '2022-05-02 19:09:55', '2022-05-02 19:09:55'),
(2280, 'dupla tejszín', 'kg', '2022-05-02 19:09:55', '2022-05-02 19:09:55'),
(2281, 'habtejszín', 'ek', '2022-05-02 19:09:55', '2022-05-02 19:09:55'),
(2282, 'habtejszín', 'g', '2022-05-02 19:09:55', '2022-05-02 19:09:55'),
(2283, 'habtejszín', 'dkg', '2022-05-02 19:09:55', '2022-05-02 19:09:55'),
(2284, 'habtejszín', 'kg', '2022-05-02 19:09:55', '2022-05-02 19:09:55'),
(2285, 'főzőtejszín', 'ek', '2022-05-02 19:09:55', '2022-05-02 19:09:55'),
(2286, 'főzőtejszín', 'ml', '2022-05-02 19:09:55', '2022-05-02 19:09:55'),
(2287, 'főzőtejszín', 'g', '2022-05-02 19:09:55', '2022-05-02 19:09:55'),
(2288, 'főzőtejszín', 'dkg', '2022-05-02 19:09:56', '2022-05-02 19:09:56'),
(2289, 'főzőtejszín', 'kg', '2022-05-02 19:09:56', '2022-05-02 19:09:56'),
(2290, 'tejszínhab', 'g', '2022-05-02 19:09:56', '2022-05-02 19:09:56'),
(2291, 'tejszínhab', 'dkg', '2022-05-02 19:09:56', '2022-05-02 19:09:56'),
(2292, 'tejszínhab', 'kg', '2022-05-02 19:09:56', '2022-05-02 19:09:56'),
(2293, 'kávétejszín', 'db', '2022-05-02 19:09:56', '2022-05-02 19:09:56'),
(2294, 'kávétejszín', 'ml', '2022-05-02 19:09:56', '2022-05-02 19:09:56'),
(2295, 'ricotta', 'g', '2022-05-02 19:09:56', '2022-05-02 19:09:56'),
(2296, 'ricotta', 'dkg', '2022-05-02 19:09:56', '2022-05-02 19:09:56'),
(2297, 'ricotta', 'kg', '2022-05-02 19:09:56', '2022-05-02 19:09:56'),
(2298, 'tehéntúró', 'g', '2022-05-02 19:09:56', '2022-05-02 19:09:56'),
(2299, 'tehéntúró', 'dkg', '2022-05-02 19:09:57', '2022-05-02 19:09:57'),
(2300, 'tehéntúró', 'kg', '2022-05-02 19:09:57', '2022-05-02 19:09:57'),
(2301, 'juhtúró', 'g', '2022-05-02 19:09:57', '2022-05-02 19:09:57'),
(2302, 'juhtúró', 'dkg', '2022-05-02 19:09:57', '2022-05-02 19:09:57'),
(2303, 'juhtúró', 'kg', '2022-05-02 19:09:57', '2022-05-02 19:09:57'),
(2304, 'gomolyatúró', 'g', '2022-05-02 19:09:57', '2022-05-02 19:09:57'),
(2305, 'gomolyatúró', 'dkg', '2022-05-02 19:09:57', '2022-05-02 19:09:57'),
(2306, 'gomolyatúró', 'kg', '2022-05-02 19:09:57', '2022-05-02 19:09:57'),
(2307, 'cottage cheese', 'g', '2022-05-02 19:09:57', '2022-05-02 19:09:57'),
(2308, 'cottage cheese', 'dkg', '2022-05-02 19:09:57', '2022-05-02 19:09:57'),
(2309, 'cottage cheese', 'kg', '2022-05-02 19:09:58', '2022-05-02 19:09:58'),
(2310, 'krémtúró', 'g', '2022-05-02 19:09:58', '2022-05-02 19:09:58'),
(2311, 'krémtúró', 'dkg', '2022-05-02 19:09:58', '2022-05-02 19:09:58'),
(2312, 'krémtúró', 'kg', '2022-05-02 19:09:58', '2022-05-02 19:09:58'),
(2313, 'sovány túró', 'g', '2022-05-02 19:09:58', '2022-05-02 19:09:58'),
(2314, 'sovány túró', 'dkg', '2022-05-02 19:09:58', '2022-05-02 19:09:58'),
(2315, 'sovány túró', 'kg', '2022-05-02 19:09:58', '2022-05-02 19:09:58'),
(2316, 'körözött', 'g', '2022-05-02 19:09:58', '2022-05-02 19:09:58'),
(2317, 'körözött', 'dkg', '2022-05-02 19:09:58', '2022-05-02 19:09:58'),
(2318, 'körözött', 'kg', '2022-05-02 19:09:58', '2022-05-02 19:09:58'),
(2319, 'laktózmentes túró', 'g', '2022-05-02 19:09:58', '2022-05-02 19:09:58'),
(2320, 'laktózmentes túró', 'dkg', '2022-05-02 19:09:58', '2022-05-02 19:09:58'),
(2321, 'laktózmentes túró', 'kg', '2022-05-02 19:09:58', '2022-05-02 19:09:58'),
(2322, 'vaj', 'g', '2022-05-02 19:09:58', '2022-05-02 19:09:58'),
(2323, 'vaj', 'dkg', '2022-05-02 19:09:58', '2022-05-02 19:09:58'),
(2324, 'vaj', 'kg', '2022-05-02 19:09:58', '2022-05-02 19:09:58'),
(2325, 'ghee', 'g', '2022-05-02 19:09:59', '2022-05-02 19:09:59'),
(2326, 'ghee', 'dkg', '2022-05-02 19:09:59', '2022-05-02 19:09:59'),
(2327, 'ghee', 'kg', '2022-05-02 19:09:59', '2022-05-02 19:09:59'),
(2328, 'teavaj', 'g', '2022-05-02 19:09:59', '2022-05-02 19:09:59'),
(2329, 'teavaj', 'dkg', '2022-05-02 19:09:59', '2022-05-02 19:09:59'),
(2330, 'teavaj', 'kg', '2022-05-02 19:09:59', '2022-05-02 19:09:59'),
(2331, 'vajkrém', 'g', '2022-05-02 19:09:59', '2022-05-02 19:09:59'),
(2332, 'vajkrém', 'dkg', '2022-05-02 19:09:59', '2022-05-02 19:09:59'),
(2333, 'vajkrém', 'kg', '2022-05-02 19:09:59', '2022-05-02 19:09:59'),
(2334, 'fűszervaj', 'g', '2022-05-02 19:10:00', '2022-05-02 19:10:00'),
(2335, 'fűszervaj', 'dkg', '2022-05-02 19:10:00', '2022-05-02 19:10:00'),
(2336, 'fűszervaj', 'kg', '2022-05-02 19:10:00', '2022-05-02 19:10:00'),
(2337, 'szendvicskrém', 'g', '2022-05-02 19:10:00', '2022-05-02 19:10:00'),
(2338, 'szendvicskrém', 'dkg', '2022-05-02 19:10:00', '2022-05-02 19:10:00'),
(2339, 'szendvicskrém', 'kg', '2022-05-02 19:10:00', '2022-05-02 19:10:00'),
(2340, 'tej', 'ml', '2022-05-02 19:10:00', '2022-05-02 19:10:00'),
(2341, 'tej', 'cl', '2022-05-02 19:10:00', '2022-05-02 19:10:00'),
(2342, 'tej', 'dl', '2022-05-02 19:10:00', '2022-05-02 19:10:00'),
(2343, 'tej', 'l', '2022-05-02 19:10:00', '2022-05-02 19:10:00'),
(2344, 'sovány tej', 'ml', '2022-05-02 19:10:00', '2022-05-02 19:10:00'),
(2345, 'sovány tej', 'cl', '2022-05-02 19:10:00', '2022-05-02 19:10:00'),
(2346, 'sovány tej', 'dl', '2022-05-02 19:10:00', '2022-05-02 19:10:00'),
(2347, 'sovány tej', 'l', '2022-05-02 19:10:00', '2022-05-02 19:10:00'),
(2348, 'laktózmentes tej', 'ml', '2022-05-02 19:10:00', '2022-05-02 19:10:00'),
(2349, 'laktózmentes tej', 'cl', '2022-05-02 19:10:00', '2022-05-02 19:10:00'),
(2350, 'laktózmentes tej', 'dl', '2022-05-02 19:10:00', '2022-05-02 19:10:00'),
(2351, 'laktózmentes tej', 'l', '2022-05-02 19:10:00', '2022-05-02 19:10:00'),
(2352, 'tarhonya', 'g', '2022-05-02 19:10:01', '2022-05-02 19:10:01'),
(2353, 'tarhonya', 'dkg', '2022-05-02 19:10:01', '2022-05-02 19:10:01'),
(2354, 'tarhonya', 'kg', '2022-05-02 19:10:01', '2022-05-02 19:10:01'),
(2355, 'csuszatészta', 'g', '2022-05-02 19:10:01', '2022-05-02 19:10:01'),
(2356, 'csuszatészta', 'dkg', '2022-05-02 19:10:01', '2022-05-02 19:10:01'),
(2357, 'csuszatészta', 'kg', '2022-05-02 19:10:01', '2022-05-02 19:10:01'),
(2358, 'csigatészta', 'g', '2022-05-02 19:10:01', '2022-05-02 19:10:01'),
(2359, 'csigatészta', 'dkg', '2022-05-02 19:10:01', '2022-05-02 19:10:01'),
(2360, 'csigatészta', 'kg', '2022-05-02 19:10:01', '2022-05-02 19:10:01'),
(2361, 'hosszúmetélt', 'g', '2022-05-02 19:10:01', '2022-05-02 19:10:01'),
(2362, 'hosszúmetélt', 'dkg', '2022-05-02 19:10:01', '2022-05-02 19:10:01'),
(2363, 'hosszúmetélt', 'kg', '2022-05-02 19:10:02', '2022-05-02 19:10:02'),
(2364, 'szarvacska tészta', 'g', '2022-05-02 19:10:02', '2022-05-02 19:10:02'),
(2365, 'szarvacska tészta', 'dkg', '2022-05-02 19:10:02', '2022-05-02 19:10:02'),
(2366, 'szarvacska tészta', 'kg', '2022-05-02 19:10:02', '2022-05-02 19:10:02'),
(2367, 'rizstészta', 'g', '2022-05-02 19:10:02', '2022-05-02 19:10:02'),
(2368, 'rizstészta', 'dkg', '2022-05-02 19:10:02', '2022-05-02 19:10:02'),
(2369, 'rizstészta', 'kg', '2022-05-02 19:10:03', '2022-05-02 19:10:03'),
(2370, 'udon tészta', 'g', '2022-05-02 19:10:03', '2022-05-02 19:10:03'),
(2371, 'udon tészta', 'dkg', '2022-05-02 19:10:03', '2022-05-02 19:10:03'),
(2372, 'udon tészta', 'kg', '2022-05-02 19:10:03', '2022-05-02 19:10:03'),
(2373, 'üvegtészta', 'g', '2022-05-02 19:10:03', '2022-05-02 19:10:03'),
(2374, 'üvegtészta', 'dkg', '2022-05-02 19:10:03', '2022-05-02 19:10:03'),
(2375, 'üvegtészta', 'kg', '2022-05-02 19:10:03', '2022-05-02 19:10:03'),
(2376, 'ázsiai tészta', 'g', '2022-05-02 19:10:04', '2022-05-02 19:10:04'),
(2377, 'ázsiai tészta', 'dkg', '2022-05-02 19:10:04', '2022-05-02 19:10:04'),
(2378, 'ázsiai tészta', 'kg', '2022-05-02 19:10:04', '2022-05-02 19:10:04'),
(2379, 'kínai tészta', 'g', '2022-05-02 19:10:04', '2022-05-02 19:10:04'),
(2380, 'kínai tészta', 'dkg', '2022-05-02 19:10:04', '2022-05-02 19:10:04'),
(2381, 'kínai tészta', 'kg', '2022-05-02 19:10:04', '2022-05-02 19:10:04'),
(2382, 'spatzle tészta', 'g', '2022-05-02 19:10:04', '2022-05-02 19:10:04'),
(2383, 'spatzle tészta', 'dkg', '2022-05-02 19:10:04', '2022-05-02 19:10:04'),
(2384, 'spatzle tészta', 'kg', '2022-05-02 19:10:04', '2022-05-02 19:10:04'),
(2385, 'NoCarb Noodle', 'g', '2022-05-02 19:10:04', '2022-05-02 19:10:04'),
(2386, 'NoCarb Noodle', 'dkg', '2022-05-02 19:10:04', '2022-05-02 19:10:04'),
(2387, 'NoCarb Noodle', 'kg', '2022-05-02 19:10:04', '2022-05-02 19:10:04'),
(2388, 'soba tészta', 'g', '2022-05-02 19:10:04', '2022-05-02 19:10:04'),
(2389, 'soba tészta', 'dkg', '2022-05-02 19:10:04', '2022-05-02 19:10:04'),
(2390, 'soba tészta', 'kg', '2022-05-02 19:10:04', '2022-05-02 19:10:04'),
(2391, 'gyufatészta', 'g', '2022-05-02 19:10:05', '2022-05-02 19:10:05'),
(2392, 'gyufatészta', 'dkg', '2022-05-02 19:10:05', '2022-05-02 19:10:05'),
(2393, 'gyufatészta', 'kg', '2022-05-02 19:10:05', '2022-05-02 19:10:05'),
(2394, 'cérnametélt', 'g', '2022-05-02 19:10:05', '2022-05-02 19:10:05'),
(2395, 'cérnametélt', 'dkg', '2022-05-02 19:10:05', '2022-05-02 19:10:05'),
(2396, 'cérnametélt', 'kg', '2022-05-02 19:10:05', '2022-05-02 19:10:05'),
(2397, 'eperlevél tészta', 'g', '2022-05-02 19:10:05', '2022-05-02 19:10:05'),
(2398, 'eperlevél tészta', 'dkg', '2022-05-02 19:10:05', '2022-05-02 19:10:05'),
(2399, 'eperlevél tészta', 'kg', '2022-05-02 19:10:05', '2022-05-02 19:10:05'),
(2400, 'levesgyöngy', 'g', '2022-05-02 19:10:05', '2022-05-02 19:10:05'),
(2401, 'levesgyöngy', 'dkg', '2022-05-02 19:10:05', '2022-05-02 19:10:05'),
(2402, 'levesgyöngy', 'kg', '2022-05-02 19:10:05', '2022-05-02 19:10:05'),
(2403, 'gnocchi', 'g', '2022-05-02 19:10:05', '2022-05-02 19:10:05'),
(2404, 'gnocchi', 'dkg', '2022-05-02 19:10:05', '2022-05-02 19:10:05'),
(2405, 'gnocchi', 'kg', '2022-05-02 19:10:06', '2022-05-02 19:10:06'),
(2406, 'cannelloni', 'g', '2022-05-02 19:10:06', '2022-05-02 19:10:06'),
(2407, 'cannelloni', 'dkg', '2022-05-02 19:10:06', '2022-05-02 19:10:06'),
(2408, 'cannelloni', 'kg', '2022-05-02 19:10:06', '2022-05-02 19:10:06'),
(2409, 'lasagne tészta', 'g', '2022-05-02 19:10:06', '2022-05-02 19:10:06'),
(2410, 'lasagne tészta', 'dkg', '2022-05-02 19:10:06', '2022-05-02 19:10:06'),
(2411, 'lasagne tészta', 'kg', '2022-05-02 19:10:06', '2022-05-02 19:10:06'),
(2412, 'spagetti tészta', 'g', '2022-05-02 19:10:06', '2022-05-02 19:10:06'),
(2413, 'spagetti tészta', 'dkg', '2022-05-02 19:10:06', '2022-05-02 19:10:06'),
(2414, 'spagetti tészta', 'kg', '2022-05-02 19:10:06', '2022-05-02 19:10:06'),
(2415, 'penne', 'g', '2022-05-02 19:10:06', '2022-05-02 19:10:06'),
(2416, 'penne', 'dkg', '2022-05-02 19:10:06', '2022-05-02 19:10:06'),
(2417, 'penne', 'kg', '2022-05-02 19:10:06', '2022-05-02 19:10:06'),
(2418, 'makaróni', 'g', '2022-05-02 19:10:06', '2022-05-02 19:10:06'),
(2419, 'makaróni', 'dkg', '2022-05-02 19:10:06', '2022-05-02 19:10:06'),
(2420, 'makaróni', 'kg', '2022-05-02 19:10:06', '2022-05-02 19:10:06'),
(2421, 'farfalle', 'g', '2022-05-02 19:10:06', '2022-05-02 19:10:06'),
(2422, 'farfalle', 'dkg', '2022-05-02 19:10:07', '2022-05-02 19:10:07'),
(2423, 'farfalle', 'kg', '2022-05-02 19:10:07', '2022-05-02 19:10:07'),
(2424, 'fusilli tészta', 'g', '2022-05-02 19:10:07', '2022-05-02 19:10:07'),
(2425, 'fusilli tészta', 'dkg', '2022-05-02 19:10:07', '2022-05-02 19:10:07'),
(2426, 'fusilli tészta', 'kg', '2022-05-02 19:10:07', '2022-05-02 19:10:07'),
(2427, 'rigatoni tészta', 'g', '2022-05-02 19:10:07', '2022-05-02 19:10:07'),
(2428, 'rigatoni tészta', 'dkg', '2022-05-02 19:10:07', '2022-05-02 19:10:07'),
(2429, 'rigatoni tészta', 'kg', '2022-05-02 19:10:07', '2022-05-02 19:10:07'),
(2430, 'zöld metélttészta', 'g', '2022-05-02 19:10:07', '2022-05-02 19:10:07'),
(2431, 'zöld metélttészta', 'dkg', '2022-05-02 19:10:07', '2022-05-02 19:10:07'),
(2432, 'zöld metélttészta', 'kg', '2022-05-02 19:10:08', '2022-05-02 19:10:08'),
(2433, 'kagylótészta', 'g', '2022-05-02 19:10:08', '2022-05-02 19:10:08'),
(2434, 'kagylótészta', 'dkg', '2022-05-02 19:10:08', '2022-05-02 19:10:08'),
(2435, 'kagylótészta', 'kg', '2022-05-02 19:10:08', '2022-05-02 19:10:08'),
(2436, 'orecchiette tészta', 'g', '2022-05-02 19:10:08', '2022-05-02 19:10:08'),
(2437, 'orecchiette tészta', 'dkg', '2022-05-02 19:10:08', '2022-05-02 19:10:08'),
(2438, 'orecchiette tészta', 'kg', '2022-05-02 19:10:08', '2022-05-02 19:10:08'),
(2439, 'tagliatelle', 'g', '2022-05-02 19:10:08', '2022-05-02 19:10:08'),
(2440, 'tagliatelle', 'dkg', '2022-05-02 19:10:08', '2022-05-02 19:10:08'),
(2441, 'tagliatelle', 'kg', '2022-05-02 19:10:08', '2022-05-02 19:10:08'),
(2442, 'orzo', 'g', '2022-05-02 19:10:08', '2022-05-02 19:10:08'),
(2443, 'orzo', 'dkg', '2022-05-02 19:10:08', '2022-05-02 19:10:08'),
(2444, 'orzo', 'kg', '2022-05-02 19:10:08', '2022-05-02 19:10:08'),
(2445, 'tészta', 'g', '2022-05-02 19:10:08', '2022-05-02 19:10:08'),
(2446, 'tészta', 'dkg', '2022-05-02 19:10:08', '2022-05-02 19:10:08'),
(2447, 'tészta', 'kg', '2022-05-02 19:10:08', '2022-05-02 19:10:08'),
(2448, 'tortellini', 'g', '2022-05-02 19:10:08', '2022-05-02 19:10:08'),
(2449, 'tortellini', 'dkg', '2022-05-02 19:10:08', '2022-05-02 19:10:08'),
(2450, 'tortellini', 'kg', '2022-05-02 19:10:08', '2022-05-02 19:10:08'),
(2451, 'sonkás tortellini', 'g', '2022-05-02 19:10:08', '2022-05-02 19:10:08'),
(2452, 'sonkás tortellini', 'dkg', '2022-05-02 19:10:09', '2022-05-02 19:10:09'),
(2453, 'sonkás tortellini', 'kg', '2022-05-02 19:10:09', '2022-05-02 19:10:09'),
(2454, 'sajtos tortellini', 'g', '2022-05-02 19:10:09', '2022-05-02 19:10:09'),
(2455, 'sajtos tortellini', 'dkg', '2022-05-02 19:10:09', '2022-05-02 19:10:09'),
(2456, 'sajtos tortellini', 'kg', '2022-05-02 19:10:09', '2022-05-02 19:10:09'),
(2457, 'tortelloni', 'g', '2022-05-02 19:10:09', '2022-05-02 19:10:09'),
(2458, 'tortelloni', 'dkg', '2022-05-02 19:10:09', '2022-05-02 19:10:09'),
(2459, 'tortelloni', 'kg', '2022-05-02 19:10:09', '2022-05-02 19:10:09'),
(2460, 'tepertő', 'g', '2022-05-02 19:10:09', '2022-05-02 19:10:09'),
(2461, 'tepertő', 'dkg', '2022-05-02 19:10:09', '2022-05-02 19:10:09'),
(2462, 'tepertő', 'kg', '2022-05-02 19:10:09', '2022-05-02 19:10:09'),
(2463, 'libatepertő', 'g', '2022-05-02 19:10:09', '2022-05-02 19:10:09'),
(2464, 'libatepertő', 'dkg', '2022-05-02 19:10:10', '2022-05-02 19:10:10'),
(2465, 'libatepertő', 'kg', '2022-05-02 19:10:10', '2022-05-02 19:10:10'),
(2466, 'hamburgerhús', 'db', '2022-05-02 19:10:10', '2022-05-02 19:10:10'),
(2467, 'hamburgerhús', 'g', '2022-05-02 19:10:10', '2022-05-02 19:10:10'),
(2468, 'hamburgerhús', 'dkg', '2022-05-02 19:10:10', '2022-05-02 19:10:10'),
(2469, 'hamburgerhús', 'kg', '2022-05-02 19:10:10', '2022-05-02 19:10:10'),
(2470, 'löncshús', 'g', '2022-05-02 19:10:10', '2022-05-02 19:10:10'),
(2471, 'löncshús', 'dkg', '2022-05-02 19:10:10', '2022-05-02 19:10:10'),
(2472, 'löncshús', 'kg', '2022-05-02 19:10:10', '2022-05-02 19:10:10'),
(2473, 'májgombóc', 'g', '2022-05-02 19:10:10', '2022-05-02 19:10:10'),
(2474, 'májgombóc', 'dkg', '2022-05-02 19:10:10', '2022-05-02 19:10:10'),
(2475, 'májgombóc', 'kg', '2022-05-02 19:10:10', '2022-05-02 19:10:10'),
(2476, 'melegszendvicskrém', 'g', '2022-05-02 19:10:11', '2022-05-02 19:10:11'),
(2477, 'melegszendvicskrém', 'dkg', '2022-05-02 19:10:11', '2022-05-02 19:10:11'),
(2478, 'melegszendvicskrém', 'kg', '2022-05-02 19:10:11', '2022-05-02 19:10:11'),
(2479, 'májas hurka', 'g', '2022-05-02 19:10:11', '2022-05-02 19:10:11'),
(2480, 'májas hurka', 'dkg', '2022-05-02 19:10:11', '2022-05-02 19:10:11'),
(2481, 'májas hurka', 'kg', '2022-05-02 19:10:11', '2022-05-02 19:10:11'),
(2482, 'véres hurka', 'g', '2022-05-02 19:10:11', '2022-05-02 19:10:11'),
(2483, 'véres hurka', 'dkg', '2022-05-02 19:10:11', '2022-05-02 19:10:11'),
(2484, 'véres hurka', 'kg', '2022-05-02 19:10:11', '2022-05-02 19:10:11'),
(2485, 'konzerv vagdalthús', 'g', '2022-05-02 19:10:11', '2022-05-02 19:10:11'),
(2486, 'konzerv vagdalthús', 'dkg', '2022-05-02 19:10:11', '2022-05-02 19:10:11'),
(2487, 'konzerv vagdalthús', 'kg', '2022-05-02 19:10:12', '2022-05-02 19:10:12'),
(2488, 'disznósajt', 'g', '2022-05-02 19:10:12', '2022-05-02 19:10:12'),
(2489, 'disznósajt', 'dkg', '2022-05-02 19:10:12', '2022-05-02 19:10:12'),
(2490, 'disznósajt', 'kg', '2022-05-02 19:10:12', '2022-05-02 19:10:12'),
(2491, 'tatárbifsztek', 'g', '2022-05-02 19:10:13', '2022-05-02 19:10:13'),
(2492, 'tatárbifsztek', 'dkg', '2022-05-02 19:10:13', '2022-05-02 19:10:13'),
(2493, 'tatárbifsztek', 'kg', '2022-05-02 19:10:13', '2022-05-02 19:10:13'),
(2494, 'kolbász', 'g', '2022-05-02 19:10:13', '2022-05-02 19:10:13'),
(2495, 'kolbász', 'dkg', '2022-05-02 19:10:13', '2022-05-02 19:10:13'),
(2496, 'kolbász', 'kg', '2022-05-02 19:10:13', '2022-05-02 19:10:13'),
(2497, 'chorizo', 'g', '2022-05-02 19:10:14', '2022-05-02 19:10:14'),
(2498, 'chorizo', 'dkg', '2022-05-02 19:10:14', '2022-05-02 19:10:14'),
(2499, 'chorizo', 'kg', '2022-05-02 19:10:14', '2022-05-02 19:10:14'),
(2500, 'csípős kolbász', 'g', '2022-05-02 19:10:14', '2022-05-02 19:10:14'),
(2501, 'csípős kolbász', 'dkg', '2022-05-02 19:10:14', '2022-05-02 19:10:14'),
(2502, 'csípős kolbász', 'kg', '2022-05-02 19:10:14', '2022-05-02 19:10:14'),
(2503, 'gyulai kolbász', 'g', '2022-05-02 19:10:14', '2022-05-02 19:10:14'),
(2504, 'gyulai kolbász', 'dkg', '2022-05-02 19:10:14', '2022-05-02 19:10:14'),
(2505, 'gyulai kolbász', 'kg', '2022-05-02 19:10:14', '2022-05-02 19:10:14'),
(2506, 'paprikás szalámi', 'g', '2022-05-02 19:10:14', '2022-05-02 19:10:14'),
(2507, 'paprikás szalámi', 'dkg', '2022-05-02 19:10:14', '2022-05-02 19:10:14'),
(2508, 'paprikás szalámi', 'kg', '2022-05-02 19:10:14', '2022-05-02 19:10:14'),
(2509, 'lecsókolbász', 'g', '2022-05-02 19:10:14', '2022-05-02 19:10:14'),
(2510, 'lecsókolbász', 'dkg', '2022-05-02 19:10:14', '2022-05-02 19:10:14'),
(2511, 'lecsókolbász', 'kg', '2022-05-02 19:10:14', '2022-05-02 19:10:14'),
(2512, 'szalámi', 'g', '2022-05-02 19:10:14', '2022-05-02 19:10:14'),
(2513, 'szalámi', 'dkg', '2022-05-02 19:10:14', '2022-05-02 19:10:14'),
(2514, 'szalámi', 'kg', '2022-05-02 19:10:14', '2022-05-02 19:10:14'),
(2515, 'főzőkolbász', 'g', '2022-05-02 19:10:15', '2022-05-02 19:10:15'),
(2516, 'főzőkolbász', 'dkg', '2022-05-02 19:10:15', '2022-05-02 19:10:15'),
(2517, 'főzőkolbász', 'kg', '2022-05-02 19:10:15', '2022-05-02 19:10:15'),
(2518, 'debreceni kolbász', 'g', '2022-05-02 19:10:15', '2022-05-02 19:10:15'),
(2519, 'debreceni kolbász', 'dkg', '2022-05-02 19:10:15', '2022-05-02 19:10:15'),
(2520, 'debreceni kolbász', 'kg', '2022-05-02 19:10:15', '2022-05-02 19:10:15'),
(2521, 'paprikás kolbász', 'g', '2022-05-02 19:10:15', '2022-05-02 19:10:15'),
(2522, 'paprikás kolbász', 'dkg', '2022-05-02 19:10:15', '2022-05-02 19:10:15'),
(2523, 'paprikás kolbász', 'kg', '2022-05-02 19:10:15', '2022-05-02 19:10:15'),
(2524, 'kolbászhús', 'g', '2022-05-02 19:10:15', '2022-05-02 19:10:15'),
(2525, 'kolbászhús', 'dkg', '2022-05-02 19:10:15', '2022-05-02 19:10:15'),
(2526, 'kolbászhús', 'kg', '2022-05-02 19:10:15', '2022-05-02 19:10:15'),
(2527, 'parasztkolbász', 'g', '2022-05-02 19:10:15', '2022-05-02 19:10:15'),
(2528, 'parasztkolbász', 'dkg', '2022-05-02 19:10:15', '2022-05-02 19:10:15'),
(2529, 'parasztkolbász', 'kg', '2022-05-02 19:10:15', '2022-05-02 19:10:15'),
(2530, 'sonkás szalámi', 'g', '2022-05-02 19:10:15', '2022-05-02 19:10:15'),
(2531, 'sonkás szalámi', 'dkg', '2022-05-02 19:10:16', '2022-05-02 19:10:16'),
(2532, 'sonkás szalámi', 'kg', '2022-05-02 19:10:16', '2022-05-02 19:10:16'),
(2533, 'sütnivaló kolbász', 'g', '2022-05-02 19:10:16', '2022-05-02 19:10:16'),
(2534, 'sütnivaló kolbász', 'dkg', '2022-05-02 19:10:16', '2022-05-02 19:10:16'),
(2535, 'sütnivaló kolbász', 'kg', '2022-05-02 19:10:16', '2022-05-02 19:10:16'),
(2536, 'téliszalámi', 'g', '2022-05-02 19:10:16', '2022-05-02 19:10:16'),
(2537, 'téliszalámi', 'dkg', '2022-05-02 19:10:16', '2022-05-02 19:10:16'),
(2538, 'téliszalámi', 'kg', '2022-05-02 19:10:16', '2022-05-02 19:10:16'),
(2539, 'lángolt kolbász', 'g', '2022-05-02 19:10:17', '2022-05-02 19:10:17'),
(2540, 'lángolt kolbász', 'dkg', '2022-05-02 19:10:17', '2022-05-02 19:10:17'),
(2541, 'lángolt kolbász', 'kg', '2022-05-02 19:10:17', '2022-05-02 19:10:17'),
(2542, 'kenőmájas', 'g', '2022-05-02 19:10:17', '2022-05-02 19:10:17'),
(2543, 'kenőmájas', 'dkg', '2022-05-02 19:10:17', '2022-05-02 19:10:17'),
(2544, 'kenőmájas', 'kg', '2022-05-02 19:10:17', '2022-05-02 19:10:17'),
(2545, 'májkrém', 'g', '2022-05-02 19:10:17', '2022-05-02 19:10:17'),
(2546, 'májkrém', 'dkg', '2022-05-02 19:10:17', '2022-05-02 19:10:17'),
(2547, 'májkrém', 'kg', '2022-05-02 19:10:17', '2022-05-02 19:10:17'),
(2548, 'libamájpástétom', 'g', '2022-05-02 19:10:17', '2022-05-02 19:10:17'),
(2549, 'libamájpástétom', 'dkg', '2022-05-02 19:10:17', '2022-05-02 19:10:17'),
(2550, 'libamájpástétom', 'kg', '2022-05-02 19:10:17', '2022-05-02 19:10:17'),
(2551, 'prosciutto', 'g', '2022-05-02 19:10:17', '2022-05-02 19:10:17'),
(2552, 'prosciutto', 'dkg', '2022-05-02 19:10:17', '2022-05-02 19:10:17'),
(2553, 'prosciutto', 'kg', '2022-05-02 19:10:17', '2022-05-02 19:10:17'),
(2554, 'serrano sonka', 'g', '2022-05-02 19:10:17', '2022-05-02 19:10:17'),
(2555, 'serrano sonka', 'dkg', '2022-05-02 19:10:18', '2022-05-02 19:10:18'),
(2556, 'serrano sonka', 'kg', '2022-05-02 19:10:18', '2022-05-02 19:10:18'),
(2557, 'sonka', 'g', '2022-05-02 19:10:18', '2022-05-02 19:10:18'),
(2558, 'sonka', 'dkg', '2022-05-02 19:10:18', '2022-05-02 19:10:18'),
(2559, 'sonka', 'kg', '2022-05-02 19:10:18', '2022-05-02 19:10:18'),
(2560, 'felvágott', 'g', '2022-05-02 19:10:18', '2022-05-02 19:10:18'),
(2561, 'felvágott', 'dkg', '2022-05-02 19:10:18', '2022-05-02 19:10:18'),
(2562, 'felvágott', 'kg', '2022-05-02 19:10:18', '2022-05-02 19:10:18'),
(2563, 'csirkemellsonka', 'g', '2022-05-02 19:10:18', '2022-05-02 19:10:18'),
(2564, 'csirkemellsonka', 'dkg', '2022-05-02 19:10:18', '2022-05-02 19:10:18'),
(2565, 'csirkemellsonka', 'kg', '2022-05-02 19:10:18', '2022-05-02 19:10:18'),
(2566, 'gépsonka', 'g', '2022-05-02 19:10:18', '2022-05-02 19:10:18'),
(2567, 'gépsonka', 'dkg', '2022-05-02 19:10:18', '2022-05-02 19:10:18'),
(2568, 'gépsonka', 'kg', '2022-05-02 19:10:18', '2022-05-02 19:10:18'),
(2569, 'pármai sonka', 'g', '2022-05-02 19:10:18', '2022-05-02 19:10:18'),
(2570, 'pármai sonka', 'dkg', '2022-05-02 19:10:19', '2022-05-02 19:10:19'),
(2571, 'pármai sonka', 'kg', '2022-05-02 19:10:19', '2022-05-02 19:10:19'),
(2572, 'mangalicasonka', 'g', '2022-05-02 19:10:19', '2022-05-02 19:10:19'),
(2573, 'mangalicasonka', 'dkg', '2022-05-02 19:10:19', '2022-05-02 19:10:19'),
(2574, 'mangalicasonka', 'kg', '2022-05-02 19:10:19', '2022-05-02 19:10:19'),
(2575, 'pulykamellsonka', 'g', '2022-05-02 19:10:19', '2022-05-02 19:10:19'),
(2576, 'pulykamellsonka', 'dkg', '2022-05-02 19:10:19', '2022-05-02 19:10:19'),
(2577, 'pulykamellsonka', 'kg', '2022-05-02 19:10:19', '2022-05-02 19:10:19'),
(2578, 'feketeerdő sonka', 'g', '2022-05-02 19:10:19', '2022-05-02 19:10:19'),
(2579, 'feketeerdő sonka', 'dkg', '2022-05-02 19:10:19', '2022-05-02 19:10:19'),
(2580, 'feketeerdő sonka', 'kg', '2022-05-02 19:10:19', '2022-05-02 19:10:19'),
(2581, 'kötözött sonka', 'g', '2022-05-02 19:10:20', '2022-05-02 19:10:20'),
(2582, 'kötözött sonka', 'dkg', '2022-05-02 19:10:20', '2022-05-02 19:10:20'),
(2583, 'kötözött sonka', 'kg', '2022-05-02 19:10:20', '2022-05-02 19:10:20'),
(2584, 'prágai sonka', 'g', '2022-05-02 19:10:20', '2022-05-02 19:10:20'),
(2585, 'prágai sonka', 'dkg', '2022-05-02 19:10:21', '2022-05-02 19:10:21'),
(2586, 'prágai sonka', 'kg', '2022-05-02 19:10:21', '2022-05-02 19:10:21'),
(2587, 'selyemsonka', 'g', '2022-05-02 19:10:21', '2022-05-02 19:10:21'),
(2588, 'selyemsonka', 'dkg', '2022-05-02 19:10:21', '2022-05-02 19:10:21'),
(2589, 'selyemsonka', 'kg', '2022-05-02 19:10:21', '2022-05-02 19:10:21'),
(2590, 'főtt sonka', 'g', '2022-05-02 19:10:21', '2022-05-02 19:10:21'),
(2591, 'főtt sonka', 'dkg', '2022-05-02 19:10:21', '2022-05-02 19:10:21'),
(2592, 'főtt sonka', 'kg', '2022-05-02 19:10:21', '2022-05-02 19:10:21'),
(2593, 'füstölt-főtt tarja', 'g', '2022-05-02 19:10:21', '2022-05-02 19:10:21'),
(2594, 'füstölt-főtt tarja', 'dkg', '2022-05-02 19:10:21', '2022-05-02 19:10:21'),
(2595, 'füstölt-főtt tarja', 'kg', '2022-05-02 19:10:21', '2022-05-02 19:10:21'),
(2596, 'füstölt lapocka', 'g', '2022-05-02 19:10:21', '2022-05-02 19:10:21'),
(2597, 'füstölt lapocka', 'dkg', '2022-05-02 19:10:21', '2022-05-02 19:10:21'),
(2598, 'füstölt lapocka', 'kg', '2022-05-02 19:10:21', '2022-05-02 19:10:21'),
(2599, 'pastrami', 'g', '2022-05-02 19:10:21', '2022-05-02 19:10:21'),
(2600, 'pastrami', 'dkg', '2022-05-02 19:10:21', '2022-05-02 19:10:21'),
(2601, 'pastrami', 'kg', '2022-05-02 19:10:22', '2022-05-02 19:10:22'),
(2602, 'bacon', 'g', '2022-05-02 19:10:22', '2022-05-02 19:10:22'),
(2603, 'bacon', 'dkg', '2022-05-02 19:10:23', '2022-05-02 19:10:23'),
(2604, 'bacon', 'kg', '2022-05-02 19:10:23', '2022-05-02 19:10:23'),
(2605, 'pancetta', 'g', '2022-05-02 19:10:23', '2022-05-02 19:10:23'),
(2606, 'pancetta', 'dkg', '2022-05-02 19:10:23', '2022-05-02 19:10:23'),
(2607, 'pancetta', 'kg', '2022-05-02 19:10:24', '2022-05-02 19:10:24'),
(2608, 'füstölt szalonna', 'g', '2022-05-02 19:10:24', '2022-05-02 19:10:24'),
(2609, 'füstölt szalonna', 'dkg', '2022-05-02 19:10:24', '2022-05-02 19:10:24'),
(2610, 'füstölt szalonna', 'kg', '2022-05-02 19:10:24', '2022-05-02 19:10:24'),
(2611, 'mangalica szalonna', 'g', '2022-05-02 19:10:24', '2022-05-02 19:10:24'),
(2612, 'mangalica szalonna', 'dkg', '2022-05-02 19:10:24', '2022-05-02 19:10:24'),
(2613, 'mangalica szalonna', 'kg', '2022-05-02 19:10:25', '2022-05-02 19:10:25'),
(2614, 'erdélyi szalonna', 'g', '2022-05-02 19:10:25', '2022-05-02 19:10:25'),
(2615, 'erdélyi szalonna', 'dkg', '2022-05-02 19:10:25', '2022-05-02 19:10:25'),
(2616, 'erdélyi szalonna', 'kg', '2022-05-02 19:10:25', '2022-05-02 19:10:25'),
(2617, 'kenyérszalonna', 'g', '2022-05-02 19:10:25', '2022-05-02 19:10:25'),
(2618, 'kenyérszalonna', 'dkg', '2022-05-02 19:10:25', '2022-05-02 19:10:25'),
(2619, 'kenyérszalonna', 'kg', '2022-05-02 19:10:25', '2022-05-02 19:10:25'),
(2620, 'kanadai bacon', 'g', '2022-05-02 19:10:25', '2022-05-02 19:10:25'),
(2621, 'kanadai bacon', 'dkg', '2022-05-02 19:10:25', '2022-05-02 19:10:25'),
(2622, 'kanadai bacon', 'kg', '2022-05-02 19:10:25', '2022-05-02 19:10:25'),
(2623, 'kolozsvári szalonna', 'g', '2022-05-02 19:10:25', '2022-05-02 19:10:25'),
(2624, 'kolozsvári szalonna', 'dkg', '2022-05-02 19:10:25', '2022-05-02 19:10:25'),
(2625, 'kolozsvári szalonna', 'kg', '2022-05-02 19:10:25', '2022-05-02 19:10:25'),
(2626, 'angolszalonna', 'g', '2022-05-02 19:10:25', '2022-05-02 19:10:25'),
(2627, 'angolszalonna', 'dkg', '2022-05-02 19:10:25', '2022-05-02 19:10:25'),
(2628, 'angolszalonna', 'kg', '2022-05-02 19:10:26', '2022-05-02 19:10:26'),
(2629, 'császárszalonna', 'g', '2022-05-02 19:10:26', '2022-05-02 19:10:26'),
(2630, 'császárszalonna', 'dkg', '2022-05-02 19:10:26', '2022-05-02 19:10:26'),
(2631, 'császárszalonna', 'kg', '2022-05-02 19:10:26', '2022-05-02 19:10:26'),
(2632, 'tokaszalonna', 'g', '2022-05-02 19:10:26', '2022-05-02 19:10:26'),
(2633, 'tokaszalonna', 'dkg', '2022-05-02 19:10:26', '2022-05-02 19:10:26'),
(2634, 'tokaszalonna', 'kg', '2022-05-02 19:10:26', '2022-05-02 19:10:26'),
(2635, 'mortadella', 'g', '2022-05-02 19:10:26', '2022-05-02 19:10:26'),
(2636, 'mortadella', 'dkg', '2022-05-02 19:10:26', '2022-05-02 19:10:26'),
(2637, 'mortadella', 'kg', '2022-05-02 19:10:26', '2022-05-02 19:10:26'),
(2638, 'virsli', 'g', '2022-05-02 19:10:26', '2022-05-02 19:10:26'),
(2639, 'virsli', 'dkg', '2022-05-02 19:10:26', '2022-05-02 19:10:26'),
(2640, 'virsli', 'kg', '2022-05-02 19:10:27', '2022-05-02 19:10:27'),
(2641, 'krinolin', 'g', '2022-05-02 19:10:27', '2022-05-02 19:10:27'),
(2642, 'krinolin', 'dkg', '2022-05-02 19:10:27', '2022-05-02 19:10:27'),
(2643, 'krinolin', 'kg', '2022-05-02 19:10:27', '2022-05-02 19:10:27'),
(2644, 'párizsi', 'g', '2022-05-02 19:10:27', '2022-05-02 19:10:27'),
(2645, 'párizsi', 'dkg', '2022-05-02 19:10:27', '2022-05-02 19:10:27'),
(2646, 'párizsi', 'kg', '2022-05-02 19:10:27', '2022-05-02 19:10:27'),
(2647, 'juhbeles virsli', 'g', '2022-05-02 19:10:27', '2022-05-02 19:10:27'),
(2648, 'juhbeles virsli', 'dkg', '2022-05-02 19:10:27', '2022-05-02 19:10:27'),
(2649, 'juhbeles virsli', 'kg', '2022-05-02 19:10:27', '2022-05-02 19:10:27'),
(2650, 'frankfurti virsli', 'g', '2022-05-02 19:10:27', '2022-05-02 19:10:27'),
(2651, 'frankfurti virsli', 'dkg', '2022-05-02 19:10:27', '2022-05-02 19:10:27'),
(2652, 'frankfurti virsli', 'kg', '2022-05-02 19:10:27', '2022-05-02 19:10:27'),
(2653, 'füstölt virsli', 'g', '2022-05-02 19:10:27', '2022-05-02 19:10:27'),
(2654, 'füstölt virsli', 'dkg', '2022-05-02 19:10:27', '2022-05-02 19:10:27'),
(2655, 'füstölt virsli', 'kg', '2022-05-02 19:10:27', '2022-05-02 19:10:27'),
(2656, 'sertés virsli', 'g', '2022-05-02 19:10:27', '2022-05-02 19:10:27'),
(2657, 'sertés virsli', 'dkg', '2022-05-02 19:10:27', '2022-05-02 19:10:27'),
(2658, 'sertés virsli', 'kg', '2022-05-02 19:10:27', '2022-05-02 19:10:27'),
(2659, 'kakaó', 'ml', '2022-05-02 19:10:28', '2022-05-02 19:10:28'),
(2660, 'kakaó', 'cl', '2022-05-02 19:10:28', '2022-05-02 19:10:28'),
(2661, 'kakaó', 'dl', '2022-05-02 19:10:28', '2022-05-02 19:10:28'),
(2662, 'kakaó', 'l', '2022-05-02 19:10:28', '2022-05-02 19:10:28'),
(2663, 'kakaó', 'ízlés szerint', '2022-05-02 19:10:28', '2022-05-02 19:10:28'),
(2664, 'must', 'ml', '2022-05-02 19:10:28', '2022-05-02 19:10:28'),
(2665, 'must', 'cl', '2022-05-02 19:10:29', '2022-05-02 19:10:29'),
(2666, 'must', 'dl', '2022-05-02 19:10:29', '2022-05-02 19:10:29'),
(2667, 'must', 'l', '2022-05-02 19:10:29', '2022-05-02 19:10:29'),
(2668, 'must', 'ízlés szerint', '2022-05-02 19:10:29', '2022-05-02 19:10:29'),
(2669, 'paradicsomlé', 'ml', '2022-05-02 19:10:29', '2022-05-02 19:10:29'),
(2670, 'paradicsomlé', 'cl', '2022-05-02 19:10:29', '2022-05-02 19:10:29'),
(2671, 'paradicsomlé', 'dl', '2022-05-02 19:10:29', '2022-05-02 19:10:29'),
(2672, 'paradicsomlé', 'l', '2022-05-02 19:10:29', '2022-05-02 19:10:29'),
(2673, 'paradicsomlé', 'ízlés szerint', '2022-05-02 19:10:29', '2022-05-02 19:10:29'),
(2674, 'almalé', 'ml', '2022-05-02 19:10:29', '2022-05-02 19:10:29'),
(2675, 'almalé', 'cl', '2022-05-02 19:10:29', '2022-05-02 19:10:29'),
(2676, 'almalé', 'dl', '2022-05-02 19:10:30', '2022-05-02 19:10:30'),
(2677, 'almalé', 'l', '2022-05-02 19:10:30', '2022-05-02 19:10:30'),
(2678, 'almalé', 'ízlés szerint', '2022-05-02 19:10:30', '2022-05-02 19:10:30'),
(2679, 'paradicsom ivólé', 'ml', '2022-05-02 19:10:30', '2022-05-02 19:10:30'),
(2680, 'paradicsom ivólé', 'cl', '2022-05-02 19:10:30', '2022-05-02 19:10:30'),
(2681, 'paradicsom ivólé', 'dl', '2022-05-02 19:10:30', '2022-05-02 19:10:30'),
(2682, 'paradicsom ivólé', 'l', '2022-05-02 19:10:30', '2022-05-02 19:10:30'),
(2683, 'paradicsom ivólé', 'ízlés szerint', '2022-05-02 19:10:31', '2022-05-02 19:10:31'),
(2684, 'gyümölcslé', 'ml', '2022-05-02 19:10:32', '2022-05-02 19:10:32'),
(2685, 'gyümölcslé', 'cl', '2022-05-02 19:10:32', '2022-05-02 19:10:32'),
(2686, 'gyümölcslé', 'dl', '2022-05-02 19:10:32', '2022-05-02 19:10:32'),
(2687, 'gyümölcslé', 'l', '2022-05-02 19:10:32', '2022-05-02 19:10:32'),
(2688, 'gyümölcslé', 'ízlés szerint', '2022-05-02 19:10:32', '2022-05-02 19:10:32'),
(2689, 'gyömbér üdítő', 'ml', '2022-05-02 19:10:32', '2022-05-02 19:10:32'),
(2690, 'gyömbér üdítő', 'cl', '2022-05-02 19:10:32', '2022-05-02 19:10:32'),
(2691, 'gyömbér üdítő', 'dl', '2022-05-02 19:10:32', '2022-05-02 19:10:32'),
(2692, 'gyömbér üdítő', 'l', '2022-05-02 19:10:32', '2022-05-02 19:10:32'),
(2693, 'gyömbér üdítő', 'ízlés szerint', '2022-05-02 19:10:32', '2022-05-02 19:10:32'),
(2694, 'gyömbérsör', 'ml', '2022-05-02 19:10:32', '2022-05-02 19:10:32'),
(2695, 'gyömbérsör', 'cl', '2022-05-02 19:10:33', '2022-05-02 19:10:33'),
(2696, 'gyömbérsör', 'dl', '2022-05-02 19:10:33', '2022-05-02 19:10:33'),
(2697, 'gyömbérsör', 'l', '2022-05-02 19:10:33', '2022-05-02 19:10:33');
INSERT INTO `alapanyag_mertekegysegs` (`am_id`, `alapanyag`, `mertekegyseg`, `created_at`, `updated_at`) VALUES
(2698, 'gyömbérsör', 'ízlés szerint', '2022-05-02 19:10:33', '2022-05-02 19:10:33'),
(2699, 'szénsavas narancsos üdítőital', 'ml', '2022-05-02 19:10:33', '2022-05-02 19:10:33'),
(2700, 'szénsavas narancsos üdítőital', 'cl', '2022-05-02 19:10:33', '2022-05-02 19:10:33'),
(2701, 'szénsavas narancsos üdítőital', 'dl', '2022-05-02 19:10:33', '2022-05-02 19:10:33'),
(2702, 'szénsavas narancsos üdítőital', 'l', '2022-05-02 19:10:33', '2022-05-02 19:10:33'),
(2703, 'szénsavas narancsos üdítőital', 'ízlés szerint', '2022-05-02 19:10:33', '2022-05-02 19:10:33'),
(2704, 'meggylé', 'ml', '2022-05-02 19:10:33', '2022-05-02 19:10:33'),
(2705, 'meggylé', 'cl', '2022-05-02 19:10:33', '2022-05-02 19:10:33'),
(2706, 'meggylé', 'dl', '2022-05-02 19:10:34', '2022-05-02 19:10:34'),
(2707, 'meggylé', 'l', '2022-05-02 19:10:34', '2022-05-02 19:10:34'),
(2708, 'meggylé', 'ízlés szerint', '2022-05-02 19:10:34', '2022-05-02 19:10:34'),
(2709, 'narancslé', 'ml', '2022-05-02 19:10:34', '2022-05-02 19:10:34'),
(2710, 'narancslé', 'cl', '2022-05-02 19:10:34', '2022-05-02 19:10:34'),
(2711, 'narancslé', 'dl', '2022-05-02 19:10:34', '2022-05-02 19:10:34'),
(2712, 'narancslé', 'l', '2022-05-02 19:10:34', '2022-05-02 19:10:34'),
(2713, 'narancslé', 'ízlés szerint', '2022-05-02 19:10:34', '2022-05-02 19:10:34'),
(2714, 'szőlőlé', 'ml', '2022-05-02 19:10:34', '2022-05-02 19:10:34'),
(2715, 'szőlőlé', 'cl', '2022-05-02 19:10:34', '2022-05-02 19:10:34'),
(2716, 'szőlőlé', 'dl', '2022-05-02 19:10:34', '2022-05-02 19:10:34'),
(2717, 'szőlőlé', 'l', '2022-05-02 19:10:34', '2022-05-02 19:10:34'),
(2718, 'szőlőlé', 'ízlés szerint', '2022-05-02 19:10:34', '2022-05-02 19:10:34'),
(2719, 'tonik', 'ml', '2022-05-02 19:10:34', '2022-05-02 19:10:34'),
(2720, 'tonik', 'cl', '2022-05-02 19:10:34', '2022-05-02 19:10:34'),
(2721, 'tonik', 'dl', '2022-05-02 19:10:34', '2022-05-02 19:10:34'),
(2722, 'tonik', 'l', '2022-05-02 19:10:34', '2022-05-02 19:10:34'),
(2723, 'tonik', 'ízlés szerint', '2022-05-02 19:10:35', '2022-05-02 19:10:35'),
(2724, 'rostos gyümölcslé', 'ml', '2022-05-02 19:10:35', '2022-05-02 19:10:35'),
(2725, 'rostos gyümölcslé', 'cl', '2022-05-02 19:10:35', '2022-05-02 19:10:35'),
(2726, 'rostos gyümölcslé', 'dl', '2022-05-02 19:10:35', '2022-05-02 19:10:35'),
(2727, 'rostos gyümölcslé', 'l', '2022-05-02 19:10:35', '2022-05-02 19:10:35'),
(2728, 'rostos gyümölcslé', 'ízlés szerint', '2022-05-02 19:10:35', '2022-05-02 19:10:35'),
(2729, 'rostos almalé', 'ml', '2022-05-02 19:10:35', '2022-05-02 19:10:35'),
(2730, 'rostos almalé', 'cl', '2022-05-02 19:10:35', '2022-05-02 19:10:35'),
(2731, 'rostos almalé', 'dl', '2022-05-02 19:10:35', '2022-05-02 19:10:35'),
(2732, 'rostos almalé', 'l', '2022-05-02 19:10:35', '2022-05-02 19:10:35'),
(2733, 'rostos almalé', 'ízlés szerint', '2022-05-02 19:10:35', '2022-05-02 19:10:35'),
(2734, 'céklalé', 'ml', '2022-05-02 19:10:35', '2022-05-02 19:10:35'),
(2735, 'céklalé', 'cl', '2022-05-02 19:10:35', '2022-05-02 19:10:35'),
(2736, 'céklalé', 'dl', '2022-05-02 19:10:35', '2022-05-02 19:10:35'),
(2737, 'céklalé', 'l', '2022-05-02 19:10:36', '2022-05-02 19:10:36'),
(2738, 'céklalé', 'ízlés szerint', '2022-05-02 19:10:36', '2022-05-02 19:10:36'),
(2739, 'kóla', 'ml', '2022-05-02 19:10:36', '2022-05-02 19:10:36'),
(2740, 'kóla', 'cl', '2022-05-02 19:10:36', '2022-05-02 19:10:36'),
(2741, 'kóla', 'dl', '2022-05-02 19:10:36', '2022-05-02 19:10:36'),
(2742, 'kóla', 'l', '2022-05-02 19:10:36', '2022-05-02 19:10:36'),
(2743, 'kóla', 'ízlés szerint', '2022-05-02 19:10:36', '2022-05-02 19:10:36'),
(2744, 'szénsavas citromos üdítőital', 'ml', '2022-05-02 19:10:36', '2022-05-02 19:10:36'),
(2745, 'szénsavas citromos üdítőital', 'cl', '2022-05-02 19:10:37', '2022-05-02 19:10:37'),
(2746, 'szénsavas citromos üdítőital', 'dl', '2022-05-02 19:10:37', '2022-05-02 19:10:37'),
(2747, 'szénsavas citromos üdítőital', 'l', '2022-05-02 19:10:38', '2022-05-02 19:10:38'),
(2748, 'szénsavas citromos üdítőital', 'ízlés szerint', '2022-05-02 19:10:38', '2022-05-02 19:10:38'),
(2749, 'kávé', 'ml', '2022-05-02 19:10:38', '2022-05-02 19:10:38'),
(2750, 'kávé', 'cl', '2022-05-02 19:10:39', '2022-05-02 19:10:39'),
(2751, 'kávé', 'dl', '2022-05-02 19:10:39', '2022-05-02 19:10:39'),
(2752, 'kávé', 'l', '2022-05-02 19:10:39', '2022-05-02 19:10:39'),
(2753, 'kávé', 'ízlés szerint', '2022-05-02 19:10:39', '2022-05-02 19:10:39'),
(2754, 'feketekávé', 'ml', '2022-05-02 19:10:39', '2022-05-02 19:10:39'),
(2755, 'feketekávé', 'cl', '2022-05-02 19:10:39', '2022-05-02 19:10:39'),
(2756, 'feketekávé', 'dl', '2022-05-02 19:10:39', '2022-05-02 19:10:39'),
(2757, 'feketekávé', 'l', '2022-05-02 19:10:39', '2022-05-02 19:10:39'),
(2758, 'feketekávé', 'ízlés szerint', '2022-05-02 19:10:39', '2022-05-02 19:10:39'),
(2759, 'instant kávé', 'g', '2022-05-02 19:10:39', '2022-05-02 19:10:39'),
(2760, 'instant kávé', 'dkg', '2022-05-02 19:10:39', '2022-05-02 19:10:39'),
(2761, 'koffeinmentes kávé', 'ml', '2022-05-02 19:10:39', '2022-05-02 19:10:39'),
(2762, 'koffeinmentes kávé', 'cl', '2022-05-02 19:10:40', '2022-05-02 19:10:40'),
(2763, 'koffeinmentes kávé', 'dl', '2022-05-02 19:10:40', '2022-05-02 19:10:40'),
(2764, 'koffeinmentes kávé', 'l', '2022-05-02 19:10:40', '2022-05-02 19:10:40'),
(2765, 'koffeinmentes kávé', 'ízlés szerint', '2022-05-02 19:10:40', '2022-05-02 19:10:40'),
(2766, 'őrölt kávé', 'g', '2022-05-02 19:10:40', '2022-05-02 19:10:40'),
(2767, 'őrölt kávé', 'dkg', '2022-05-02 19:10:40', '2022-05-02 19:10:40'),
(2768, 'cappuccino por', 'g', '2022-05-02 19:10:40', '2022-05-02 19:10:40'),
(2769, 'cappuccino por', 'dkg', '2022-05-02 19:10:40', '2022-05-02 19:10:40'),
(2770, 'instant pótkávé', 'g', '2022-05-02 19:10:40', '2022-05-02 19:10:40'),
(2771, 'instant pótkávé', 'dkg', '2022-05-02 19:10:40', '2022-05-02 19:10:40'),
(2772, 'gabonakávé', 'ml', '2022-05-02 19:10:40', '2022-05-02 19:10:40'),
(2773, 'gabonakávé', 'cl', '2022-05-02 19:10:40', '2022-05-02 19:10:40'),
(2774, 'gabonakávé', 'dl', '2022-05-02 19:10:40', '2022-05-02 19:10:40'),
(2775, 'gabonakávé', 'l', '2022-05-02 19:10:42', '2022-05-02 19:10:42'),
(2776, 'gabonakávé', 'ízlés szerint', '2022-05-02 19:10:42', '2022-05-02 19:10:42'),
(2777, 'fehérbor', 'cl', '2022-05-02 19:10:42', '2022-05-02 19:10:42'),
(2778, 'fehérbor', 'dl', '2022-05-02 19:10:42', '2022-05-02 19:10:42'),
(2779, 'fehérbor', 'l', '2022-05-02 19:10:42', '2022-05-02 19:10:42'),
(2780, 'fehérbor', 'ízlés szerint', '2022-05-02 19:10:42', '2022-05-02 19:10:42'),
(2781, 'édes fehérbor', 'cl', '2022-05-02 19:10:42', '2022-05-02 19:10:42'),
(2782, 'édes fehérbor', 'dl', '2022-05-02 19:10:42', '2022-05-02 19:10:42'),
(2783, 'édes fehérbor', 'l', '2022-05-02 19:10:43', '2022-05-02 19:10:43'),
(2784, 'édes fehérbor', 'ízlés szerint', '2022-05-02 19:10:43', '2022-05-02 19:10:43'),
(2785, 'félszáraz fehérbor', 'cl', '2022-05-02 19:10:43', '2022-05-02 19:10:43'),
(2786, 'félszáraz fehérbor', 'dl', '2022-05-02 19:10:43', '2022-05-02 19:10:43'),
(2787, 'félszáraz fehérbor', 'l', '2022-05-02 19:10:43', '2022-05-02 19:10:43'),
(2788, 'félszáraz fehérbor', 'ízlés szerint', '2022-05-02 19:10:43', '2022-05-02 19:10:43'),
(2789, 'rosé', 'cl', '2022-05-02 19:10:43', '2022-05-02 19:10:43'),
(2790, 'rosé', 'dl', '2022-05-02 19:10:43', '2022-05-02 19:10:43'),
(2791, 'rosé', 'l', '2022-05-02 19:10:43', '2022-05-02 19:10:43'),
(2792, 'rosé', 'ízlés szerint', '2022-05-02 19:10:43', '2022-05-02 19:10:43'),
(2793, 'édes rosé', 'cl', '2022-05-02 19:10:43', '2022-05-02 19:10:43'),
(2794, 'édes rosé', 'dl', '2022-05-02 19:10:44', '2022-05-02 19:10:44'),
(2795, 'édes rosé', 'l', '2022-05-02 19:10:44', '2022-05-02 19:10:44'),
(2796, 'édes rosé', 'ízlés szerint', '2022-05-02 19:10:44', '2022-05-02 19:10:44'),
(2797, 'félédes rosé', 'cl', '2022-05-02 19:10:45', '2022-05-02 19:10:45'),
(2798, 'félédes rosé', 'dl', '2022-05-02 19:10:45', '2022-05-02 19:10:45'),
(2799, 'félédes rosé', 'l', '2022-05-02 19:10:46', '2022-05-02 19:10:46'),
(2800, 'félédes rosé', 'ízlés szerint', '2022-05-02 19:10:47', '2022-05-02 19:10:47'),
(2801, 'száraz rosé', 'cl', '2022-05-02 19:10:47', '2022-05-02 19:10:47'),
(2802, 'száraz rosé', 'dl', '2022-05-02 19:10:47', '2022-05-02 19:10:47'),
(2803, 'száraz rosé', 'l', '2022-05-02 19:10:47', '2022-05-02 19:10:47'),
(2804, 'száraz rosé', 'ízlés szerint', '2022-05-02 19:10:47', '2022-05-02 19:10:47'),
(2805, 'félszáraz rosé', 'cl', '2022-05-02 19:10:47', '2022-05-02 19:10:47'),
(2806, 'félszáraz rosé', 'dl', '2022-05-02 19:10:47', '2022-05-02 19:10:47'),
(2807, 'félszáraz rosé', 'l', '2022-05-02 19:10:47', '2022-05-02 19:10:47'),
(2808, 'félszáraz rosé', 'ízlés szerint', '2022-05-02 19:10:47', '2022-05-02 19:10:47'),
(2809, 'vörösbor', 'cl', '2022-05-02 19:10:47', '2022-05-02 19:10:47'),
(2810, 'vörösbor', 'dl', '2022-05-02 19:10:47', '2022-05-02 19:10:47'),
(2811, 'vörösbor', 'l', '2022-05-02 19:10:47', '2022-05-02 19:10:47'),
(2812, 'vörösbor', 'ízlés szerint', '2022-05-02 19:10:47', '2022-05-02 19:10:47'),
(2813, 'édes vörösbor', 'cl', '2022-05-02 19:10:47', '2022-05-02 19:10:47'),
(2814, 'édes vörösbor', 'dl', '2022-05-02 19:10:47', '2022-05-02 19:10:47'),
(2815, 'édes vörösbor', 'l', '2022-05-02 19:10:48', '2022-05-02 19:10:48'),
(2816, 'édes vörösbor', 'ízlés szerint', '2022-05-02 19:10:48', '2022-05-02 19:10:48'),
(2817, 'félédes vörösbor', 'cl', '2022-05-02 19:10:48', '2022-05-02 19:10:48'),
(2818, 'félédes vörösbor', 'dl', '2022-05-02 19:10:48', '2022-05-02 19:10:48'),
(2819, 'félédes vörösbor', 'l', '2022-05-02 19:10:48', '2022-05-02 19:10:48'),
(2820, 'félédes vörösbor', 'ízlés szerint', '2022-05-02 19:10:48', '2022-05-02 19:10:48'),
(2821, 'száraz vörösbor', 'cl', '2022-05-02 19:10:48', '2022-05-02 19:10:48'),
(2822, 'száraz vörösbor', 'dl', '2022-05-02 19:10:48', '2022-05-02 19:10:48'),
(2823, 'száraz vörösbor', 'l', '2022-05-02 19:10:48', '2022-05-02 19:10:48'),
(2824, 'száraz vörösbor', 'ízlés szerint', '2022-05-02 19:10:48', '2022-05-02 19:10:48'),
(2825, 'félszáraz vörösbor', 'cl', '2022-05-02 19:10:48', '2022-05-02 19:10:48'),
(2826, 'félszáraz vörösbor', 'dl', '2022-05-02 19:10:48', '2022-05-02 19:10:48'),
(2827, 'félszáraz vörösbor', 'l', '2022-05-02 19:10:48', '2022-05-02 19:10:48'),
(2828, 'félszáraz vörösbor', 'ízlés szerint', '2022-05-02 19:10:49', '2022-05-02 19:10:49'),
(2829, 'feketeribizli szörp', 'ml', '2022-05-02 19:10:49', '2022-05-02 19:10:49'),
(2830, 'feketeribizli szörp', 'cl', '2022-05-02 19:10:49', '2022-05-02 19:10:49'),
(2831, 'feketeribizli szörp', 'dl', '2022-05-02 19:10:49', '2022-05-02 19:10:49'),
(2832, 'feketeribizli szörp', 'ízlés szerint', '2022-05-02 19:10:49', '2022-05-02 19:10:49'),
(2833, 'eperszörp', 'ml', '2022-05-02 19:10:50', '2022-05-02 19:10:50'),
(2834, 'eperszörp', 'cl', '2022-05-02 19:10:50', '2022-05-02 19:10:50'),
(2835, 'eperszörp', 'dl', '2022-05-02 19:10:50', '2022-05-02 19:10:50'),
(2836, 'eperszörp', 'ízlés szerint', '2022-05-02 19:10:50', '2022-05-02 19:10:50'),
(2837, 'málnaszörp', 'ml', '2022-05-02 19:10:50', '2022-05-02 19:10:50'),
(2838, 'málnaszörp', 'cl', '2022-05-02 19:10:50', '2022-05-02 19:10:50'),
(2839, 'málnaszörp', 'dl', '2022-05-02 19:10:50', '2022-05-02 19:10:50'),
(2840, 'málnaszörp', 'ízlés szerint', '2022-05-02 19:10:50', '2022-05-02 19:10:50'),
(2841, 'narancsszörp', 'ml', '2022-05-02 19:10:50', '2022-05-02 19:10:50'),
(2842, 'narancsszörp', 'cl', '2022-05-02 19:10:50', '2022-05-02 19:10:50'),
(2843, 'narancsszörp', 'dl', '2022-05-02 19:10:51', '2022-05-02 19:10:51'),
(2844, 'narancsszörp', 'ízlés szerint', '2022-05-02 19:10:51', '2022-05-02 19:10:51'),
(2845, 'ribizliszörp', 'ml', '2022-05-02 19:10:51', '2022-05-02 19:10:51'),
(2846, 'ribizliszörp', 'cl', '2022-05-02 19:10:52', '2022-05-02 19:10:52'),
(2847, 'ribizliszörp', 'dl', '2022-05-02 19:10:52', '2022-05-02 19:10:52'),
(2848, 'ribizliszörp', 'ízlés szerint', '2022-05-02 19:10:52', '2022-05-02 19:10:52'),
(2849, 'szörp', 'ml', '2022-05-02 19:10:52', '2022-05-02 19:10:52'),
(2850, 'szörp', 'cl', '2022-05-02 19:10:52', '2022-05-02 19:10:52'),
(2851, 'szörp', 'dl', '2022-05-02 19:10:53', '2022-05-02 19:10:53'),
(2852, 'szörp', 'ízlés szerint', '2022-05-02 19:10:53', '2022-05-02 19:10:53'),
(2853, 'marsala', 'ml', '2022-05-02 19:10:53', '2022-05-02 19:10:53'),
(2854, 'marsala', 'cl', '2022-05-02 19:10:53', '2022-05-02 19:10:53'),
(2855, 'marsala', 'dl', '2022-05-02 19:10:53', '2022-05-02 19:10:53'),
(2856, 'rum', 'ml', '2022-05-02 19:10:53', '2022-05-02 19:10:53'),
(2857, 'rum', 'cl', '2022-05-02 19:10:53', '2022-05-02 19:10:53'),
(2858, 'rum', 'dl', '2022-05-02 19:10:53', '2022-05-02 19:10:53'),
(2859, 'mirin', 'ml', '2022-05-02 19:10:53', '2022-05-02 19:10:53'),
(2860, 'mirin', 'cl', '2022-05-02 19:10:53', '2022-05-02 19:10:53'),
(2861, 'mirin', 'dl', '2022-05-02 19:10:53', '2022-05-02 19:10:53'),
(2862, 'szaké', 'ml', '2022-05-02 19:10:53', '2022-05-02 19:10:53'),
(2863, 'szaké', 'cl', '2022-05-02 19:10:53', '2022-05-02 19:10:53'),
(2864, 'szaké', 'dl', '2022-05-02 19:10:53', '2022-05-02 19:10:53'),
(2865, 'konyak', 'ml', '2022-05-02 19:10:53', '2022-05-02 19:10:53'),
(2866, 'konyak', 'cl', '2022-05-02 19:10:53', '2022-05-02 19:10:53'),
(2867, 'konyak', 'dl', '2022-05-02 19:10:53', '2022-05-02 19:10:53'),
(2868, 'sör', 'ml', '2022-05-02 19:10:53', '2022-05-02 19:10:53'),
(2869, 'sör', 'cl', '2022-05-02 19:10:54', '2022-05-02 19:10:54'),
(2870, 'sör', 'dl', '2022-05-02 19:10:54', '2022-05-02 19:10:54'),
(2871, 'sör', 'ízlés szerint', '2022-05-02 19:10:54', '2022-05-02 19:10:54'),
(2872, 'pezsgő', 'ml', '2022-05-02 19:10:54', '2022-05-02 19:10:54'),
(2873, 'pezsgő', 'cl', '2022-05-02 19:10:54', '2022-05-02 19:10:54'),
(2874, 'pezsgő', 'dl', '2022-05-02 19:10:54', '2022-05-02 19:10:54'),
(2875, 'pezsgő', 'ízlés szerint', '2022-05-02 19:10:54', '2022-05-02 19:10:54'),
(2876, 'cointreau', 'ml', '2022-05-02 19:10:54', '2022-05-02 19:10:54'),
(2877, 'cointreau', 'cl', '2022-05-02 19:10:54', '2022-05-02 19:10:54'),
(2878, 'cointreau', 'dl', '2022-05-02 19:10:54', '2022-05-02 19:10:54'),
(2879, 'tequila', 'ml', '2022-05-02 19:10:54', '2022-05-02 19:10:54'),
(2880, 'tequila', 'cl', '2022-05-02 19:10:54', '2022-05-02 19:10:54'),
(2881, 'tequila', 'dl', '2022-05-02 19:10:54', '2022-05-02 19:10:54'),
(2882, 'tojáslikőr', 'ml', '2022-05-02 19:10:55', '2022-05-02 19:10:55'),
(2883, 'tojáslikőr', 'cl', '2022-05-02 19:10:55', '2022-05-02 19:10:55'),
(2884, 'tojáslikőr', 'dl', '2022-05-02 19:10:55', '2022-05-02 19:10:55'),
(2885, 'sherry', 'ml', '2022-05-02 19:10:55', '2022-05-02 19:10:55'),
(2886, 'sherry', 'cl', '2022-05-02 19:10:55', '2022-05-02 19:10:55'),
(2887, 'sherry', 'dl', '2022-05-02 19:10:56', '2022-05-02 19:10:56'),
(2888, 'amarettó', 'ml', '2022-05-02 19:10:56', '2022-05-02 19:10:56'),
(2889, 'amarettó', 'cl', '2022-05-02 19:10:56', '2022-05-02 19:10:56'),
(2890, 'amarettó', 'dl', '2022-05-02 19:10:56', '2022-05-02 19:10:56'),
(2891, 'calvados', 'ml', '2022-05-02 19:10:56', '2022-05-02 19:10:56'),
(2892, 'calvados', 'cl', '2022-05-02 19:10:56', '2022-05-02 19:10:56'),
(2893, 'calvados', 'dl', '2022-05-02 19:10:56', '2022-05-02 19:10:56'),
(2894, 'limoncello', 'ml', '2022-05-02 19:10:57', '2022-05-02 19:10:57'),
(2895, 'limoncello', 'cl', '2022-05-02 19:10:57', '2022-05-02 19:10:57'),
(2896, 'limoncello', 'dl', '2022-05-02 19:10:57', '2022-05-02 19:10:57'),
(2897, 'whiskey', 'ml', '2022-05-02 19:10:57', '2022-05-02 19:10:57'),
(2898, 'whiskey', 'cl', '2022-05-02 19:10:57', '2022-05-02 19:10:57'),
(2899, 'whiskey', 'dl', '2022-05-02 19:10:57', '2022-05-02 19:10:57'),
(2900, 'barna sör', 'ml', '2022-05-02 19:10:58', '2022-05-02 19:10:58'),
(2901, 'barna sör', 'cl', '2022-05-02 19:10:58', '2022-05-02 19:10:58'),
(2902, 'barna sör', 'dl', '2022-05-02 19:10:58', '2022-05-02 19:10:58'),
(2903, 'barna sör', 'ízlés szerint', '2022-05-02 19:10:58', '2022-05-02 19:10:58'),
(2904, 'vodka', 'ml', '2022-05-02 19:10:58', '2022-05-02 19:10:58'),
(2905, 'vodka', 'cl', '2022-05-02 19:10:58', '2022-05-02 19:10:58'),
(2906, 'vodka', 'dl', '2022-05-02 19:10:58', '2022-05-02 19:10:58'),
(2907, 'pálinka', 'ml', '2022-05-02 19:10:58', '2022-05-02 19:10:58'),
(2908, 'pálinka', 'cl', '2022-05-02 19:10:58', '2022-05-02 19:10:58'),
(2909, 'pálinka', 'dl', '2022-05-02 19:10:58', '2022-05-02 19:10:58'),
(2910, 'barna rum', 'ml', '2022-05-02 19:10:58', '2022-05-02 19:10:58'),
(2911, 'barna rum', 'cl', '2022-05-02 19:10:58', '2022-05-02 19:10:58'),
(2912, 'barna rum', 'dl', '2022-05-02 19:10:58', '2022-05-02 19:10:58'),
(2913, 'brandy', 'ml', '2022-05-02 19:10:58', '2022-05-02 19:10:58'),
(2914, 'brandy', 'cl', '2022-05-02 19:10:58', '2022-05-02 19:10:58'),
(2915, 'brandy', 'dl', '2022-05-02 19:10:58', '2022-05-02 19:10:58'),
(2916, 'campari', 'ml', '2022-05-02 19:10:58', '2022-05-02 19:10:58'),
(2917, 'campari', 'cl', '2022-05-02 19:10:59', '2022-05-02 19:10:59'),
(2918, 'campari', 'dl', '2022-05-02 19:10:59', '2022-05-02 19:10:59'),
(2919, 'Grand Marnier', 'ml', '2022-05-02 19:10:59', '2022-05-02 19:10:59'),
(2920, 'Grand Marnier', 'cl', '2022-05-02 19:10:59', '2022-05-02 19:10:59'),
(2921, 'Grand Marnier', 'dl', '2022-05-02 19:10:59', '2022-05-02 19:10:59'),
(2922, 'fehér rum', 'ml', '2022-05-02 19:10:59', '2022-05-02 19:10:59'),
(2923, 'fehér rum', 'cl', '2022-05-02 19:10:59', '2022-05-02 19:10:59'),
(2924, 'fehér rum', 'dl', '2022-05-02 19:10:59', '2022-05-02 19:10:59'),
(2925, 'gin', 'ml', '2022-05-02 19:10:59', '2022-05-02 19:10:59'),
(2926, 'gin', 'cl', '2022-05-02 19:10:59', '2022-05-02 19:10:59'),
(2927, 'gin', 'dl', '2022-05-02 19:10:59', '2022-05-02 19:10:59'),
(2928, 'kínai rizsbor', 'ml', '2022-05-02 19:10:59', '2022-05-02 19:10:59'),
(2929, 'kínai rizsbor', 'cl', '2022-05-02 19:10:59', '2022-05-02 19:10:59'),
(2930, 'kínai rizsbor', 'dl', '2022-05-02 19:10:59', '2022-05-02 19:10:59'),
(2931, 'Martini Bianco', 'ml', '2022-05-02 19:10:59', '2022-05-02 19:10:59'),
(2932, 'Martini Bianco', 'cl', '2022-05-02 19:10:59', '2022-05-02 19:10:59'),
(2933, 'Martini Bianco', 'dl', '2022-05-02 19:10:59', '2022-05-02 19:10:59'),
(2934, 'Martini Rosso', 'ml', '2022-05-02 19:11:00', '2022-05-02 19:11:00'),
(2935, 'Martini Rosso', 'cl', '2022-05-02 19:11:00', '2022-05-02 19:11:00'),
(2936, 'Martini Rosso', 'dl', '2022-05-02 19:11:00', '2022-05-02 19:11:00'),
(2937, 'sangría', 'ml', '2022-05-02 19:11:00', '2022-05-02 19:11:00'),
(2938, 'sangría', 'cl', '2022-05-02 19:11:00', '2022-05-02 19:11:00'),
(2939, 'sangría', 'dl', '2022-05-02 19:11:00', '2022-05-02 19:11:00'),
(2940, 'sütő rum', 'ml', '2022-05-02 19:11:00', '2022-05-02 19:11:00'),
(2941, 'sütő rum', 'cl', '2022-05-02 19:11:01', '2022-05-02 19:11:01'),
(2942, 'sütő rum', 'dl', '2022-05-02 19:11:01', '2022-05-02 19:11:01'),
(2943, 'triple sec', 'ml', '2022-05-02 19:11:01', '2022-05-02 19:11:01'),
(2944, 'triple sec', 'cl', '2022-05-02 19:11:01', '2022-05-02 19:11:01'),
(2945, 'triple sec', 'dl', '2022-05-02 19:11:01', '2022-05-02 19:11:01'),
(2946, 'Unicum', 'ml', '2022-05-02 19:11:01', '2022-05-02 19:11:01'),
(2947, 'Unicum', 'cl', '2022-05-02 19:11:01', '2022-05-02 19:11:01'),
(2948, 'Unicum', 'dl', '2022-05-02 19:11:01', '2022-05-02 19:11:01'),
(2949, 'likőr', 'ml', '2022-05-02 19:11:02', '2022-05-02 19:11:02'),
(2950, 'likőr', 'cl', '2022-05-02 19:11:02', '2022-05-02 19:11:02'),
(2951, 'likőr', 'dl', '2022-05-02 19:11:02', '2022-05-02 19:11:02'),
(2952, 'tiszta szesz', 'ml', '2022-05-02 19:11:02', '2022-05-02 19:11:02'),
(2953, 'tiszta szesz', 'cl', '2022-05-02 19:11:02', '2022-05-02 19:11:02'),
(2954, 'tiszta szesz', 'dl', '2022-05-02 19:11:02', '2022-05-02 19:11:02'),
(2955, 'cider', 'ml', '2022-05-02 19:11:02', '2022-05-02 19:11:02'),
(2956, 'cider', 'cl', '2022-05-02 19:11:02', '2022-05-02 19:11:02'),
(2957, 'cider', 'dl', '2022-05-02 19:11:02', '2022-05-02 19:11:02'),
(2958, 'cider', 'ízlés szerint', '2022-05-02 19:11:02', '2022-05-02 19:11:02'),
(2959, 'desszertbor', 'ml', '2022-05-02 19:11:02', '2022-05-02 19:11:02'),
(2960, 'desszertbor', 'cl', '2022-05-02 19:11:02', '2022-05-02 19:11:02'),
(2961, 'desszertbor', 'dl', '2022-05-02 19:11:03', '2022-05-02 19:11:03'),
(2962, 'Prosecco – habzóbor', 'ml', '2022-05-02 19:11:03', '2022-05-02 19:11:03'),
(2963, 'Prosecco – habzóbor', 'cl', '2022-05-02 19:11:03', '2022-05-02 19:11:03'),
(2964, 'Prosecco – habzóbor', 'dl', '2022-05-02 19:11:03', '2022-05-02 19:11:03'),
(2965, 'Prosecco – habzóbor', 'ízlés szerint', '2022-05-02 19:11:03', '2022-05-02 19:11:03'),
(2966, 'Baileys', 'ml', '2022-05-02 19:11:03', '2022-05-02 19:11:03'),
(2967, 'Baileys', 'cl', '2022-05-02 19:11:03', '2022-05-02 19:11:03'),
(2968, 'Baileys', 'dl', '2022-05-02 19:11:03', '2022-05-02 19:11:03'),
(2969, 'zsemlemorzsa', 'g', '2022-05-02 19:11:03', '2022-05-02 19:11:03'),
(2970, 'zsemlemorzsa', 'dkg', '2022-05-02 19:11:04', '2022-05-02 19:11:04'),
(2971, 'zsemlemorzsa', 'kg', '2022-05-02 19:11:04', '2022-05-02 19:11:04'),
(2972, 'kifli', 'db', '2022-05-02 19:11:05', '2022-05-02 19:11:05'),
(2973, 'zsemle', 'db', '2022-05-02 19:11:05', '2022-05-02 19:11:05'),
(2974, 'hamburger zsemle', 'db', '2022-05-02 19:11:05', '2022-05-02 19:11:05'),
(2975, 'hot-dog kifli', 'db', '2022-05-02 19:11:05', '2022-05-02 19:11:05'),
(2976, 'kruton', 'g', '2022-05-02 19:11:05', '2022-05-02 19:11:05'),
(2977, 'kruton', 'dkg', '2022-05-02 19:11:05', '2022-05-02 19:11:05'),
(2978, 'kruton', 'kg', '2022-05-02 19:11:05', '2022-05-02 19:11:05'),
(2979, 'bagel', 'db', '2022-05-02 19:11:05', '2022-05-02 19:11:05'),
(2980, 'fokhagyma', 'gerezd', '2022-05-02 19:22:32', '2022-05-02 19:22:32'),
(2981, 'vegyes zöldség', 'dkg', '2022-05-02 19:22:56', '2022-05-02 19:22:56'),
(2982, 'gomba', 'db', '2022-05-02 19:29:07', '2022-05-02 19:29:07'),
(2983, 'só', 'ízlés szerint', '2022-05-02 19:42:15', '2022-05-02 19:42:15'),
(2984, 'sertésborda', 'szelet', '2022-05-02 19:49:01', '2022-05-02 19:49:01'),
(2985, 'Curaçao blue', 'cl', '2022-05-02 19:56:59', '2022-05-02 19:56:59'),
(2986, 'szódavíz', 'ízlés szerint', '2022-05-02 19:57:20', '2022-05-02 19:57:20'),
(2987, 'szódavíz', 'dl', '2022-05-02 19:57:29', '2022-05-02 19:57:29'),
(2988, 'ananász', 'szelet', '2022-05-02 19:57:49', '2022-05-02 19:57:49'),
(2989, 'narancshéj', 'db', '2022-05-02 19:58:10', '2022-05-02 19:58:10'),
(2990, 'koktélcseresznye', 'db', '2022-05-02 19:58:40', '2022-05-02 19:58:40'),
(2991, 'zsemlemorzsa', 'ek', '2022-05-02 20:29:31', '2022-05-02 20:29:31'),
(2992, 'reszelt citromhéj', 'ízlés szerint', '2022-05-02 20:29:58', '2022-05-02 20:29:58'),
(2993, 'liszt', 'dl', '2022-05-02 20:38:46', '2022-05-02 20:38:46'),
(2994, 'mazsola', 'dkg', '2022-05-02 20:43:41', '2022-05-02 20:43:41'),
(2995, 'babapiskóta', 'db', '2022-05-02 20:50:01', '2022-05-02 20:50:01'),
(2996, 'vaníliás cukor', 'csomag', '2022-05-02 20:50:29', '2022-05-02 20:50:29'),
(2997, 'hámozott mandula', 'ízlés szerint', '2022-05-02 20:51:26', '2022-05-02 20:51:26'),
(2998, 'hámozott mandula', 'dkg', '2022-05-02 20:51:33', '2022-05-02 20:51:33'),
(2999, 'zöldpetrezselyem', 'ízlés szerint', '2022-05-02 21:00:48', '2022-05-02 21:00:48');

-- --------------------------------------------------------

--
-- Tábla szerkezet ehhez a táblához `alkotjas`
--

CREATE TABLE `alkotjas` (
  `alk_id` int(10) UNSIGNED NOT NULL,
  `recept` int(10) UNSIGNED NOT NULL,
  `alapanyag_mertekegyseg` int(10) UNSIGNED NOT NULL,
  `mennyiseg` double(8,2) DEFAULT NULL,
  `created_at` timestamp NULL DEFAULT NULL,
  `updated_at` timestamp NULL DEFAULT NULL
) ENGINE=InnoDB DEFAULT CHARSET=utf8mb4 COLLATE=utf8mb4_unicode_ci;

--
-- A tábla adatainak kiíratása `alkotjas`
--

INSERT INTO `alkotjas` (`alk_id`, `recept`, `alapanyag_mertekegyseg`, `mennyiseg`, `created_at`, `updated_at`) VALUES
(13, 1, 2983, 1.00, '2022-05-02 19:42:48', '2022-05-02 19:42:48'),
(14, 1, 585, 80.00, '2022-05-02 19:42:48', '2022-05-02 19:42:48'),
(15, 1, 836, 1.00, '2022-05-02 19:42:48', '2022-05-02 19:42:48'),
(16, 1, 854, 5.00, '2022-05-02 19:42:48', '2022-05-02 19:42:48'),
(17, 1, 892, 1.00, '2022-05-02 19:42:48', '2022-05-02 19:42:48'),
(18, 1, 1001, 0.50, '2022-05-02 19:42:48', '2022-05-02 19:42:48'),
(19, 1, 1007, 0.50, '2022-05-02 19:42:48', '2022-05-02 19:42:48'),
(20, 1, 1149, 1.00, '2022-05-02 19:42:48', '2022-05-02 19:42:48'),
(21, 1, 1723, 1.00, '2022-05-02 19:42:48', '2022-05-02 19:42:48'),
(22, 1, 2980, 1.00, '2022-05-02 19:42:48', '2022-05-02 19:42:48'),
(23, 1, 2981, 20.00, '2022-05-02 19:42:48', '2022-05-02 19:42:48'),
(24, 1, 2982, 2.00, '2022-05-02 19:42:48', '2022-05-02 19:42:48'),
(29, 2, 106, 2.00, '2022-05-02 19:53:15', '2022-05-02 19:53:15'),
(30, 2, 1266, 20.00, '2022-05-02 19:53:15', '2022-05-02 19:53:15'),
(31, 2, 2983, NULL, '2022-05-02 19:53:15', '2022-05-02 19:53:15'),
(32, 2, 2984, 8.00, '2022-05-02 19:53:15', '2022-05-02 19:53:15'),
(40, 3, 16, 1.00, '2022-05-02 20:04:34', '2022-05-02 20:04:34'),
(41, 3, 2905, 3.00, '2022-05-02 20:04:34', '2022-05-02 20:04:34'),
(42, 3, 2985, 2.00, '2022-05-02 20:04:34', '2022-05-02 20:04:34'),
(43, 3, 2986, NULL, '2022-05-02 20:04:34', '2022-05-02 20:04:34'),
(44, 3, 2988, 0.50, '2022-05-02 20:04:34', '2022-05-02 20:04:34'),
(45, 3, 2989, 1.00, '2022-05-02 20:04:34', '2022-05-02 20:04:34'),
(46, 3, 2990, 1.00, '2022-05-02 20:04:34', '2022-05-02 20:04:34'),
(54, 4, 1, 0.50, '2022-05-02 20:22:32', '2022-05-02 20:22:32'),
(55, 4, 6, 1.00, '2022-05-02 20:22:32', '2022-05-02 20:22:32'),
(56, 4, 11, 1.00, '2022-05-02 20:22:32', '2022-05-02 20:22:32'),
(57, 4, 16, 1.00, '2022-05-02 20:22:32', '2022-05-02 20:22:32'),
(58, 4, 31, 1.00, '2022-05-02 20:22:32', '2022-05-02 20:22:32'),
(59, 4, 40, 3.00, '2022-05-02 20:22:32', '2022-05-02 20:22:32'),
(60, 4, 49, NULL, '2022-05-02 20:22:32', '2022-05-02 20:22:32'),
(68, 5, 50, 5.00, '2022-05-02 20:36:39', '2022-05-02 20:36:39'),
(69, 5, 64, 5.00, '2022-05-02 20:36:39', '2022-05-02 20:36:39'),
(70, 5, 209, 15.00, '2022-05-02 20:36:39', '2022-05-02 20:36:39'),
(71, 5, 343, 50.00, '2022-05-02 20:36:39', '2022-05-02 20:36:39'),
(72, 5, 2322, 10.00, '2022-05-02 20:36:39', '2022-05-02 20:36:39'),
(73, 5, 2991, 3.00, '2022-05-02 20:36:39', '2022-05-02 20:36:39'),
(74, 5, 2992, NULL, '2022-05-02 20:36:39', '2022-05-02 20:36:39'),
(75, 6, 50, 3.00, '2022-05-02 20:48:17', '2022-05-02 20:48:17'),
(76, 6, 64, 3.00, '2022-05-02 20:48:17', '2022-05-02 20:48:17'),
(77, 6, 2342, 3.00, '2022-05-02 20:48:17', '2022-05-02 20:48:17'),
(78, 6, 2993, 3.00, '2022-05-02 20:48:17', '2022-05-02 20:48:17'),
(79, 6, 2994, 5.00, '2022-05-02 20:48:17', '2022-05-02 20:48:17'),
(80, 6, 166, 1.00, '2022-05-02 20:48:17', '2022-05-02 20:48:17'),
(90, 7, 52, 1.00, '2022-05-02 20:58:49', '2022-05-02 20:58:49'),
(91, 7, 61, 20.00, '2022-05-02 20:58:49', '2022-05-02 20:58:49'),
(92, 7, 2291, 15.00, '2022-05-02 20:58:49', '2022-05-02 20:58:49'),
(93, 7, 2323, 25.00, '2022-05-02 20:58:50', '2022-05-02 20:58:50'),
(94, 7, 2756, 1.00, '2022-05-02 20:58:50', '2022-05-02 20:58:50'),
(95, 7, 2857, 2.00, '2022-05-02 20:58:50', '2022-05-02 20:58:50'),
(96, 7, 2995, 30.00, '2022-05-02 20:58:50', '2022-05-02 20:58:50'),
(97, 7, 2996, 1.00, '2022-05-02 20:58:50', '2022-05-02 20:58:50'),
(98, 7, 2997, NULL, '2022-05-02 20:58:50', '2022-05-02 20:58:50'),
(99, 8, 378, 25.00, '2022-05-02 21:05:34', '2022-05-02 21:05:34'),
(100, 8, 2323, 10.00, '2022-05-02 21:05:34', '2022-05-02 21:05:34'),
(101, 8, 2999, NULL, '2022-05-02 21:05:34', '2022-05-02 21:05:34'),
(102, 8, 2983, NULL, '2022-05-02 21:05:34', '2022-05-02 21:05:34'),
(103, 8, 1719, NULL, '2022-05-02 21:05:34', '2022-05-02 21:05:34'),
(104, 8, 2033, 1.00, '2022-05-02 21:05:34', '2022-05-02 21:05:34');

-- --------------------------------------------------------

--
-- Tábla szerkezet ehhez a táblához `allergens`
--

CREATE TABLE `allergens` (
  `a_id` bigint(20) UNSIGNED NOT NULL,
  `alapanyag` varchar(30) COLLATE utf8mb4_unicode_ci NOT NULL,
  `allergen` set('milk','egg','laktose','sugar','gluten','animal') COLLATE utf8mb4_unicode_ci NOT NULL,
  `created_at` timestamp NULL DEFAULT NULL,
  `updated_at` timestamp NULL DEFAULT NULL
) ENGINE=InnoDB DEFAULT CHARSET=utf8mb4 COLLATE=utf8mb4_unicode_ci;

--
-- A tábla adatainak kiíratása `allergens`
--

INSERT INTO `allergens` (`a_id`, `alapanyag`, `allergen`, `created_at`, `updated_at`) VALUES
(1, 'kristálycukor', 'sugar', '2022-05-02 19:05:44', '2022-05-02 19:05:44'),
(2, 'porcukor', 'sugar', '2022-05-02 19:05:44', '2022-05-02 19:05:44'),
(3, 'tojás', 'egg', '2022-05-02 19:05:44', '2022-05-02 19:05:44'),
(4, 'tojásfehérje', 'egg', '2022-05-02 19:05:45', '2022-05-02 19:05:45'),
(5, 'tojássárgája', 'egg', '2022-05-02 19:05:46', '2022-05-02 19:05:46'),
(6, 'főtt tojás', 'egg', '2022-05-02 19:05:46', '2022-05-02 19:05:46'),
(7, 'liszt', 'gluten', '2022-05-02 19:05:46', '2022-05-02 19:05:46'),
(8, 'tejszín', 'laktose', '2022-05-02 19:05:46', '2022-05-02 19:05:46'),
(9, 'tejszín', 'milk', '2022-05-02 19:05:46', '2022-05-02 19:05:46'),
(10, 'tönkölybúza', 'gluten', '2022-05-02 19:05:46', '2022-05-02 19:05:46'),
(11, 'bulgur', 'gluten', '2022-05-02 19:05:46', '2022-05-02 19:05:46'),
(12, 'gersli', 'gluten', '2022-05-02 19:05:46', '2022-05-02 19:05:46'),
(13, 'rozs', 'gluten', '2022-05-02 19:05:46', '2022-05-02 19:05:46'),
(14, 'búzadara', 'gluten', '2022-05-02 19:05:46', '2022-05-02 19:05:46'),
(15, 'háztartási keksz', 'gluten', '2022-05-02 19:05:46', '2022-05-02 19:05:46'),
(16, 'kekszmorzsa', 'gluten', '2022-05-02 19:05:46', '2022-05-02 19:05:46'),
(17, 'oreo keksz', 'gluten', '2022-05-02 19:05:46', '2022-05-02 19:05:46'),
(18, 'író', 'laktose', '2022-05-02 19:05:46', '2022-05-02 19:05:46'),
(19, 'író', 'milk', '2022-05-02 19:05:46', '2022-05-02 19:05:46'),
(20, 'tejpor', 'laktose', '2022-05-02 19:05:46', '2022-05-02 19:05:46'),
(21, 'tejpor', 'milk', '2022-05-02 19:05:46', '2022-05-02 19:05:46'),
(22, 'sűrített tej (cukrozott)', 'laktose', '2022-05-02 19:05:47', '2022-05-02 19:05:47'),
(23, 'sűrített tej (cukrozott)', 'milk', '2022-05-02 19:05:47', '2022-05-02 19:05:47'),
(24, 'sovány tejpor (cukrozott)', 'laktose', '2022-05-02 19:05:47', '2022-05-02 19:05:47'),
(25, 'sovány tejpor (cukrozott)', 'milk', '2022-05-02 19:05:47', '2022-05-02 19:05:47'),
(26, 'savó', 'laktose', '2022-05-02 19:05:47', '2022-05-02 19:05:47'),
(27, 'savó', 'milk', '2022-05-02 19:05:47', '2022-05-02 19:05:47'),
(28, 'túró rudi', 'laktose', '2022-05-02 19:05:47', '2022-05-02 19:05:47'),
(29, 'túró rudi', 'milk', '2022-05-02 19:05:47', '2022-05-02 19:05:47'),
(30, 'túródesszert', 'laktose', '2022-05-02 19:05:47', '2022-05-02 19:05:47'),
(31, 'túródesszert', 'milk', '2022-05-02 19:05:47', '2022-05-02 19:05:47'),
(32, 'joghurt', 'laktose', '2022-05-02 19:05:47', '2022-05-02 19:05:47'),
(33, 'joghurt', 'milk', '2022-05-02 19:05:47', '2022-05-02 19:05:47'),
(34, 'kefir', 'milk', '2022-05-02 19:05:47', '2022-05-02 19:05:47'),
(35, 'aludttej', 'laktose', '2022-05-02 19:05:47', '2022-05-02 19:05:47'),
(36, 'aludttej', 'milk', '2022-05-02 19:05:48', '2022-05-02 19:05:48'),
(37, 'görög joghurt', 'laktose', '2022-05-02 19:05:48', '2022-05-02 19:05:48'),
(38, 'görög joghurt', 'milk', '2022-05-02 19:05:48', '2022-05-02 19:05:48'),
(39, 'kaukázusi kefir', 'milk', '2022-05-02 19:05:48', '2022-05-02 19:05:48'),
(40, 'gyümölcsjoghurt', 'laktose', '2022-05-02 19:05:48', '2022-05-02 19:05:48'),
(41, 'gyümölcsjoghurt', 'milk', '2022-05-02 19:05:48', '2022-05-02 19:05:48'),
(42, 'juhkefir', 'milk', '2022-05-02 19:05:48', '2022-05-02 19:05:48'),
(43, 'kecskejoghurt', 'laktose', '2022-05-02 19:05:48', '2022-05-02 19:05:48'),
(44, 'kecskejoghurt', 'milk', '2022-05-02 19:05:48', '2022-05-02 19:05:48'),
(45, 'skyr', 'laktose', '2022-05-02 19:05:48', '2022-05-02 19:05:48'),
(46, 'skyr', 'milk', '2022-05-02 19:05:49', '2022-05-02 19:05:49'),
(47, 'parmezán sajt', 'laktose', '2022-05-02 19:05:49', '2022-05-02 19:05:49'),
(48, 'parmezán sajt', 'milk', '2022-05-02 19:05:49', '2022-05-02 19:05:49'),
(49, 'sajt', 'laktose', '2022-05-02 19:05:49', '2022-05-02 19:05:49'),
(50, 'sajt', 'milk', '2022-05-02 19:05:49', '2022-05-02 19:05:49'),
(51, 'kecskesajt', 'laktose', '2022-05-02 19:05:49', '2022-05-02 19:05:49'),
(52, 'kecskesajt', 'milk', '2022-05-02 19:05:49', '2022-05-02 19:05:49'),
(53, 'mozzarella', 'laktose', '2022-05-02 19:05:49', '2022-05-02 19:05:49'),
(54, 'mozzarella', 'milk', '2022-05-02 19:05:49', '2022-05-02 19:05:49'),
(55, 'mascarpone', 'laktose', '2022-05-02 19:05:49', '2022-05-02 19:05:49'),
(56, 'mascarpone', 'milk', '2022-05-02 19:05:49', '2022-05-02 19:05:49'),
(57, 'feta sajt', 'laktose', '2022-05-02 19:05:49', '2022-05-02 19:05:49'),
(58, 'feta sajt', 'milk', '2022-05-02 19:05:49', '2022-05-02 19:05:49'),
(59, 'gruyére sajt', 'laktose', '2022-05-02 19:05:49', '2022-05-02 19:05:49'),
(60, 'gruyére sajt', 'milk', '2022-05-02 19:05:49', '2022-05-02 19:05:49'),
(61, 'gomolya sajt', 'laktose', '2022-05-02 19:05:50', '2022-05-02 19:05:50'),
(62, 'gomolya sajt', 'milk', '2022-05-02 19:05:50', '2022-05-02 19:05:50'),
(63, 'juhsajt', 'laktose', '2022-05-02 19:05:50', '2022-05-02 19:05:50'),
(64, 'juhsajt', 'milk', '2022-05-02 19:05:50', '2022-05-02 19:05:50'),
(65, 'scamorza', 'laktose', '2022-05-02 19:05:50', '2022-05-02 19:05:50'),
(66, 'scamorza', 'milk', '2022-05-02 19:05:50', '2022-05-02 19:05:50'),
(67, 'halloumi sajt', 'laktose', '2022-05-02 19:05:50', '2022-05-02 19:05:50'),
(68, 'halloumi sajt', 'milk', '2022-05-02 19:05:50', '2022-05-02 19:05:50'),
(69, 'kéksajt', 'laktose', '2022-05-02 19:05:50', '2022-05-02 19:05:50'),
(70, 'kéksajt', 'milk', '2022-05-02 19:05:50', '2022-05-02 19:05:50'),
(71, 'camembert sajt', 'laktose', '2022-05-02 19:05:51', '2022-05-02 19:05:51'),
(72, 'camembert sajt', 'milk', '2022-05-02 19:05:51', '2022-05-02 19:05:51'),
(73, 'fromage frais', 'laktose', '2022-05-02 19:05:51', '2022-05-02 19:05:51'),
(74, 'fromage frais', 'milk', '2022-05-02 19:05:51', '2022-05-02 19:05:51'),
(75, 'krémsajt', 'laktose', '2022-05-02 19:05:51', '2022-05-02 19:05:51'),
(76, 'krémsajt', 'milk', '2022-05-02 19:05:51', '2022-05-02 19:05:51'),
(77, 'grana padano', 'milk', '2022-05-02 19:05:51', '2022-05-02 19:05:51'),
(78, 'gorgonzola', 'laktose', '2022-05-02 19:05:51', '2022-05-02 19:05:51'),
(79, 'gorgonzola', 'milk', '2022-05-02 19:05:51', '2022-05-02 19:05:51'),
(80, 'cheddar sajt', 'laktose', '2022-05-02 19:05:51', '2022-05-02 19:05:51'),
(81, 'cheddar sajt', 'milk', '2022-05-02 19:05:51', '2022-05-02 19:05:51'),
(82, 'edami sajt', 'laktose', '2022-05-02 19:05:51', '2022-05-02 19:05:51'),
(83, 'edami sajt', 'milk', '2022-05-02 19:05:51', '2022-05-02 19:05:51'),
(84, 'ementáli sajt', 'laktose', '2022-05-02 19:05:51', '2022-05-02 19:05:51'),
(85, 'ementáli sajt', 'milk', '2022-05-02 19:05:51', '2022-05-02 19:05:51'),
(86, 'trappista sajt', 'laktose', '2022-05-02 19:05:52', '2022-05-02 19:05:52'),
(87, 'trappista sajt', 'milk', '2022-05-02 19:05:52', '2022-05-02 19:05:52'),
(88, 'füstölt sajt', 'laktose', '2022-05-02 19:05:52', '2022-05-02 19:05:52'),
(89, 'füstölt sajt', 'milk', '2022-05-02 19:05:52', '2022-05-02 19:05:52'),
(90, 'tömlős krémsajt', 'laktose', '2022-05-02 19:05:52', '2022-05-02 19:05:52'),
(91, 'tömlős krémsajt', 'milk', '2022-05-02 19:05:52', '2022-05-02 19:05:52'),
(92, 'lapkasajt', 'laktose', '2022-05-02 19:05:52', '2022-05-02 19:05:52'),
(93, 'lapkasajt', 'milk', '2022-05-02 19:05:52', '2022-05-02 19:05:52'),
(94, 'pecorino sajt', 'laktose', '2022-05-02 19:05:52', '2022-05-02 19:05:52'),
(95, 'pecorino sajt', 'milk', '2022-05-02 19:05:52', '2022-05-02 19:05:52'),
(96, 'marinált feta', 'laktose', '2022-05-02 19:05:52', '2022-05-02 19:05:52'),
(97, 'marinált feta', 'milk', '2022-05-02 19:05:52', '2022-05-02 19:05:52'),
(98, 'raklett sajt', 'laktose', '2022-05-02 19:05:53', '2022-05-02 19:05:53'),
(99, 'raklett sajt', 'milk', '2022-05-02 19:05:53', '2022-05-02 19:05:53'),
(100, 'orda', 'laktose', '2022-05-02 19:05:54', '2022-05-02 19:05:54'),
(101, 'orda', 'milk', '2022-05-02 19:05:54', '2022-05-02 19:05:54'),
(102, 'parenyica sajt', 'laktose', '2022-05-02 19:05:54', '2022-05-02 19:05:54'),
(103, 'parenyica sajt', 'milk', '2022-05-02 19:05:54', '2022-05-02 19:05:54'),
(104, 'kockasajt', 'laktose', '2022-05-02 19:05:54', '2022-05-02 19:05:54'),
(105, 'kockasajt', 'milk', '2022-05-02 19:05:55', '2022-05-02 19:05:55'),
(106, 'brie sajt', 'laktose', '2022-05-02 19:05:55', '2022-05-02 19:05:55'),
(107, 'brie sajt', 'milk', '2022-05-02 19:05:55', '2022-05-02 19:05:55'),
(108, 'laktózmentes sajt', 'milk', '2022-05-02 19:05:55', '2022-05-02 19:05:55'),
(109, 'rántott sajt', 'laktose', '2022-05-02 19:05:55', '2022-05-02 19:05:55'),
(110, 'rántott sajt', 'milk', '2022-05-02 19:05:55', '2022-05-02 19:05:55'),
(111, 'krémfehérsajt', 'laktose', '2022-05-02 19:05:55', '2022-05-02 19:05:55'),
(112, 'krémfehérsajt', 'milk', '2022-05-02 19:05:55', '2022-05-02 19:05:55'),
(113, 'tejföl', 'laktose', '2022-05-02 19:05:55', '2022-05-02 19:05:55'),
(114, 'tejföl', 'milk', '2022-05-02 19:05:55', '2022-05-02 19:05:55'),
(115, 'crème fraîche', 'laktose', '2022-05-02 19:05:56', '2022-05-02 19:05:56'),
(116, 'crème fraîche', 'milk', '2022-05-02 19:05:56', '2022-05-02 19:05:56'),
(117, 'dupla tejszín', 'laktose', '2022-05-02 19:05:56', '2022-05-02 19:05:56'),
(118, 'dupla tejszín', 'milk', '2022-05-02 19:05:57', '2022-05-02 19:05:57'),
(119, 'habtejszín', 'laktose', '2022-05-02 19:05:57', '2022-05-02 19:05:57'),
(120, 'habtejszín', 'milk', '2022-05-02 19:05:58', '2022-05-02 19:05:58'),
(121, 'főzőtejszín', 'laktose', '2022-05-02 19:05:58', '2022-05-02 19:05:58'),
(122, 'főzőtejszín', 'milk', '2022-05-02 19:05:58', '2022-05-02 19:05:58'),
(123, 'tejszínhab', 'laktose', '2022-05-02 19:05:58', '2022-05-02 19:05:58'),
(124, 'tejszínhab', 'milk', '2022-05-02 19:05:58', '2022-05-02 19:05:58'),
(125, 'kávétejszín', 'laktose', '2022-05-02 19:05:58', '2022-05-02 19:05:58'),
(126, 'kávétejszín', 'milk', '2022-05-02 19:05:58', '2022-05-02 19:05:58'),
(127, 'ricotta', 'laktose', '2022-05-02 19:05:58', '2022-05-02 19:05:58'),
(128, 'ricotta', 'milk', '2022-05-02 19:05:58', '2022-05-02 19:05:58'),
(129, 'tehéntúró', 'laktose', '2022-05-02 19:05:58', '2022-05-02 19:05:58'),
(130, 'tehéntúró', 'milk', '2022-05-02 19:05:58', '2022-05-02 19:05:58'),
(131, 'juhtúró', 'laktose', '2022-05-02 19:05:58', '2022-05-02 19:05:58'),
(132, 'juhtúró', 'milk', '2022-05-02 19:05:58', '2022-05-02 19:05:58'),
(133, 'gomolyatúró', 'laktose', '2022-05-02 19:05:59', '2022-05-02 19:05:59'),
(134, 'gomolyatúró', 'milk', '2022-05-02 19:05:59', '2022-05-02 19:05:59'),
(135, 'cottage cheese', 'laktose', '2022-05-02 19:05:59', '2022-05-02 19:05:59'),
(136, 'cottage cheese', 'milk', '2022-05-02 19:05:59', '2022-05-02 19:05:59'),
(137, 'krémtúró', 'laktose', '2022-05-02 19:05:59', '2022-05-02 19:05:59'),
(138, 'krémtúró', 'milk', '2022-05-02 19:05:59', '2022-05-02 19:05:59'),
(139, 'sovány túró', 'laktose', '2022-05-02 19:05:59', '2022-05-02 19:05:59'),
(140, 'sovány túró', 'milk', '2022-05-02 19:05:59', '2022-05-02 19:05:59'),
(141, 'körözött', 'laktose', '2022-05-02 19:05:59', '2022-05-02 19:05:59'),
(142, 'körözött', 'milk', '2022-05-02 19:05:59', '2022-05-02 19:05:59'),
(143, 'laktózmentes túró', 'milk', '2022-05-02 19:05:59', '2022-05-02 19:05:59'),
(144, 'vaj', 'laktose', '2022-05-02 19:05:59', '2022-05-02 19:05:59'),
(145, 'vaj', 'milk', '2022-05-02 19:05:59', '2022-05-02 19:05:59'),
(146, 'ghee', 'laktose', '2022-05-02 19:05:59', '2022-05-02 19:05:59'),
(147, 'ghee', 'milk', '2022-05-02 19:05:59', '2022-05-02 19:05:59'),
(148, 'teavaj', 'laktose', '2022-05-02 19:05:59', '2022-05-02 19:05:59'),
(149, 'teavaj', 'milk', '2022-05-02 19:05:59', '2022-05-02 19:05:59'),
(150, 'vajkrém', 'laktose', '2022-05-02 19:06:00', '2022-05-02 19:06:00'),
(151, 'vajkrém', 'milk', '2022-05-02 19:06:00', '2022-05-02 19:06:00'),
(152, 'fűszervaj', 'laktose', '2022-05-02 19:06:00', '2022-05-02 19:06:00'),
(153, 'fűszervaj', 'milk', '2022-05-02 19:06:00', '2022-05-02 19:06:00'),
(154, 'szendvicskrém', 'laktose', '2022-05-02 19:06:00', '2022-05-02 19:06:00'),
(155, 'szendvicskrém', 'milk', '2022-05-02 19:06:00', '2022-05-02 19:06:00'),
(156, 'tej', 'laktose', '2022-05-02 19:06:00', '2022-05-02 19:06:00'),
(157, 'tej', 'milk', '2022-05-02 19:06:00', '2022-05-02 19:06:00'),
(158, 'sovány tej', 'laktose', '2022-05-02 19:06:01', '2022-05-02 19:06:01'),
(159, 'sovány tej', 'milk', '2022-05-02 19:06:01', '2022-05-02 19:06:01'),
(160, 'laktózmentes tej', 'milk', '2022-05-02 19:06:01', '2022-05-02 19:06:01'),
(161, 'tarhonya', 'gluten', '2022-05-02 19:06:01', '2022-05-02 19:06:01'),
(162, 'csuszatészta', 'gluten', '2022-05-02 19:06:01', '2022-05-02 19:06:01'),
(163, 'csigatészta', 'gluten', '2022-05-02 19:06:01', '2022-05-02 19:06:01'),
(164, 'hosszúmetélt', 'gluten', '2022-05-02 19:06:01', '2022-05-02 19:06:01'),
(165, 'szarvacska tészta', 'gluten', '2022-05-02 19:06:01', '2022-05-02 19:06:01'),
(166, 'rizstészta', 'gluten', '2022-05-02 19:06:01', '2022-05-02 19:06:01'),
(167, 'udon tészta', 'gluten', '2022-05-02 19:06:01', '2022-05-02 19:06:01'),
(168, 'üvegtészta', 'gluten', '2022-05-02 19:06:01', '2022-05-02 19:06:01'),
(169, 'ázsiai tészta', 'gluten', '2022-05-02 19:06:01', '2022-05-02 19:06:01'),
(170, 'kínai tészta', 'gluten', '2022-05-02 19:06:01', '2022-05-02 19:06:01'),
(171, 'spatzle tészta', 'gluten', '2022-05-02 19:06:01', '2022-05-02 19:06:01'),
(172, 'soba tészta', 'gluten', '2022-05-02 19:06:02', '2022-05-02 19:06:02'),
(173, 'gyufatészta', 'gluten', '2022-05-02 19:06:02', '2022-05-02 19:06:02'),
(174, 'cérnametélt', 'gluten', '2022-05-02 19:06:03', '2022-05-02 19:06:03'),
(175, 'eperlevél tészta', 'gluten', '2022-05-02 19:06:03', '2022-05-02 19:06:03'),
(176, 'levesgyöngy', 'gluten', '2022-05-02 19:06:03', '2022-05-02 19:06:03'),
(177, 'gnocchi', 'gluten', '2022-05-02 19:06:03', '2022-05-02 19:06:03'),
(178, 'cannelloni', 'gluten', '2022-05-02 19:06:03', '2022-05-02 19:06:03'),
(179, 'lasagne tészta', 'gluten', '2022-05-02 19:06:03', '2022-05-02 19:06:03'),
(180, 'spagetti tészta', 'gluten', '2022-05-02 19:06:03', '2022-05-02 19:06:03'),
(181, 'penne', 'gluten', '2022-05-02 19:06:03', '2022-05-02 19:06:03'),
(182, 'makaróni', 'gluten', '2022-05-02 19:06:04', '2022-05-02 19:06:04'),
(183, 'farfalle', 'gluten', '2022-05-02 19:06:04', '2022-05-02 19:06:04'),
(184, 'fusilli tészta', 'gluten', '2022-05-02 19:06:04', '2022-05-02 19:06:04'),
(185, 'rigatoni tészta', 'gluten', '2022-05-02 19:06:04', '2022-05-02 19:06:04'),
(186, 'zöld metélttészta', 'gluten', '2022-05-02 19:06:04', '2022-05-02 19:06:04'),
(187, 'kagylótészta', 'gluten', '2022-05-02 19:06:04', '2022-05-02 19:06:04'),
(188, 'orecchiette tészta', 'gluten', '2022-05-02 19:06:04', '2022-05-02 19:06:04'),
(189, 'tagliatelle', 'gluten', '2022-05-02 19:06:05', '2022-05-02 19:06:05'),
(190, 'orzo', 'gluten', '2022-05-02 19:06:05', '2022-05-02 19:06:05'),
(191, 'tészta', 'gluten', '2022-05-02 19:06:05', '2022-05-02 19:06:05'),
(192, 'tortellini', 'gluten', '2022-05-02 19:06:05', '2022-05-02 19:06:05'),
(193, 'sonkás tortellini', 'gluten', '2022-05-02 19:06:05', '2022-05-02 19:06:05'),
(194, 'sonkás tortellini', 'animal', '2022-05-02 19:06:06', '2022-05-02 19:06:06'),
(195, 'sajtos tortellini', 'gluten', '2022-05-02 19:06:07', '2022-05-02 19:06:07'),
(196, 'sajtos tortellini', 'animal', '2022-05-02 19:06:07', '2022-05-02 19:06:07'),
(197, 'tortelloni', 'gluten', '2022-05-02 19:06:07', '2022-05-02 19:06:07'),
(198, 'tepertő', 'animal', '2022-05-02 19:06:07', '2022-05-02 19:06:07'),
(199, 'libatepertő', 'animal', '2022-05-02 19:06:07', '2022-05-02 19:06:07'),
(200, 'hamburgerhús', 'animal', '2022-05-02 19:06:07', '2022-05-02 19:06:07'),
(201, 'löncshús', 'animal', '2022-05-02 19:06:07', '2022-05-02 19:06:07'),
(202, 'májgombóc', 'animal', '2022-05-02 19:06:07', '2022-05-02 19:06:07'),
(203, 'melegszendvicskrém', 'animal', '2022-05-02 19:06:07', '2022-05-02 19:06:07'),
(204, 'májas hurka', 'animal', '2022-05-02 19:06:07', '2022-05-02 19:06:07'),
(205, 'véres hurka', 'animal', '2022-05-02 19:06:08', '2022-05-02 19:06:08'),
(206, 'konzerv vagdalthús', 'animal', '2022-05-02 19:06:08', '2022-05-02 19:06:08'),
(207, 'disznósajt', 'animal', '2022-05-02 19:06:08', '2022-05-02 19:06:08'),
(208, 'tatárbifsztek', 'animal', '2022-05-02 19:06:08', '2022-05-02 19:06:08'),
(209, 'kolbász', 'animal', '2022-05-02 19:06:08', '2022-05-02 19:06:08'),
(210, 'chorizo', 'animal', '2022-05-02 19:06:08', '2022-05-02 19:06:08'),
(211, 'csípős kolbász', 'animal', '2022-05-02 19:06:08', '2022-05-02 19:06:08'),
(212, 'gyulai kolbász', 'animal', '2022-05-02 19:06:08', '2022-05-02 19:06:08'),
(213, 'paprikás szalámi', 'animal', '2022-05-02 19:06:08', '2022-05-02 19:06:08'),
(214, 'lecsókolbász', 'animal', '2022-05-02 19:06:08', '2022-05-02 19:06:08'),
(215, 'szalámi', 'animal', '2022-05-02 19:06:08', '2022-05-02 19:06:08'),
(216, 'főzőkolbász', 'animal', '2022-05-02 19:06:08', '2022-05-02 19:06:08'),
(217, 'debreceni kolbász', 'animal', '2022-05-02 19:06:09', '2022-05-02 19:06:09'),
(218, 'paprikás kolbász', 'animal', '2022-05-02 19:06:09', '2022-05-02 19:06:09'),
(219, 'kolbászhús', 'animal', '2022-05-02 19:06:09', '2022-05-02 19:06:09'),
(220, 'parasztkolbász', 'animal', '2022-05-02 19:06:09', '2022-05-02 19:06:09'),
(221, 'sonkás szalámi', 'animal', '2022-05-02 19:06:09', '2022-05-02 19:06:09'),
(222, 'sütnivaló kolbász', 'animal', '2022-05-02 19:06:09', '2022-05-02 19:06:09'),
(223, 'téliszalámi', 'animal', '2022-05-02 19:06:09', '2022-05-02 19:06:09'),
(224, 'lángolt kolbász', 'animal', '2022-05-02 19:06:09', '2022-05-02 19:06:09'),
(225, 'kenőmájas', 'animal', '2022-05-02 19:06:09', '2022-05-02 19:06:09'),
(226, 'májkrém', 'animal', '2022-05-02 19:06:09', '2022-05-02 19:06:09'),
(227, 'libamájpástétom', 'animal', '2022-05-02 19:06:09', '2022-05-02 19:06:09'),
(228, 'prosciutto', 'animal', '2022-05-02 19:06:09', '2022-05-02 19:06:09'),
(229, 'serrano sonka', 'animal', '2022-05-02 19:06:09', '2022-05-02 19:06:09'),
(230, 'sonka', 'animal', '2022-05-02 19:06:09', '2022-05-02 19:06:09'),
(231, 'felvágott', 'animal', '2022-05-02 19:06:09', '2022-05-02 19:06:09'),
(232, 'csirkemellsonka', 'animal', '2022-05-02 19:06:09', '2022-05-02 19:06:09'),
(233, 'gépsonka', 'animal', '2022-05-02 19:06:09', '2022-05-02 19:06:09'),
(234, 'pármai sonka', 'animal', '2022-05-02 19:06:09', '2022-05-02 19:06:09'),
(235, 'mangalicasonka', 'animal', '2022-05-02 19:06:09', '2022-05-02 19:06:09'),
(236, 'pulykamellsonka', 'animal', '2022-05-02 19:06:09', '2022-05-02 19:06:09'),
(237, 'feketeerdő sonka', 'animal', '2022-05-02 19:06:09', '2022-05-02 19:06:09'),
(238, 'kötözött sonka', 'animal', '2022-05-02 19:06:10', '2022-05-02 19:06:10'),
(239, 'prágai sonka', 'animal', '2022-05-02 19:06:10', '2022-05-02 19:06:10'),
(240, 'selyemsonka', 'animal', '2022-05-02 19:06:10', '2022-05-02 19:06:10'),
(241, 'főtt sonka', 'animal', '2022-05-02 19:06:10', '2022-05-02 19:06:10'),
(242, 'füstölt-főtt tarja', 'animal', '2022-05-02 19:06:10', '2022-05-02 19:06:10'),
(243, 'füstölt lapocka', 'animal', '2022-05-02 19:06:10', '2022-05-02 19:06:10'),
(244, 'pastrami', 'animal', '2022-05-02 19:06:10', '2022-05-02 19:06:10'),
(245, 'bacon', 'animal', '2022-05-02 19:06:10', '2022-05-02 19:06:10'),
(246, 'pancetta', 'animal', '2022-05-02 19:06:10', '2022-05-02 19:06:10'),
(247, 'füstölt szalonna', 'animal', '2022-05-02 19:06:10', '2022-05-02 19:06:10'),
(248, 'mangalica szalonna', 'animal', '2022-05-02 19:06:10', '2022-05-02 19:06:10'),
(249, 'erdélyi szalonna', 'animal', '2022-05-02 19:06:11', '2022-05-02 19:06:11'),
(250, 'kenyérszalonna', 'animal', '2022-05-02 19:06:11', '2022-05-02 19:06:11'),
(251, 'kanadai bacon', 'animal', '2022-05-02 19:06:11', '2022-05-02 19:06:11'),
(252, 'kolozsvári szalonna', 'animal', '2022-05-02 19:06:11', '2022-05-02 19:06:11'),
(253, 'angolszalonna', 'animal', '2022-05-02 19:06:11', '2022-05-02 19:06:11'),
(254, 'császárszalonna', 'animal', '2022-05-02 19:06:11', '2022-05-02 19:06:11'),
(255, 'tokaszalonna', 'animal', '2022-05-02 19:06:11', '2022-05-02 19:06:11'),
(256, 'mortadella', 'animal', '2022-05-02 19:06:11', '2022-05-02 19:06:11'),
(257, 'virsli', 'animal', '2022-05-02 19:06:12', '2022-05-02 19:06:12'),
(258, 'krinolin', 'animal', '2022-05-02 19:06:12', '2022-05-02 19:06:12'),
(259, 'párizsi', 'animal', '2022-05-02 19:06:12', '2022-05-02 19:06:12'),
(260, 'juhbeles virsli', 'animal', '2022-05-02 19:06:12', '2022-05-02 19:06:12'),
(261, 'frankfurti virsli', 'animal', '2022-05-02 19:06:12', '2022-05-02 19:06:12'),
(262, 'füstölt virsli', 'animal', '2022-05-02 19:06:12', '2022-05-02 19:06:12'),
(263, 'sertés virsli', 'animal', '2022-05-02 19:06:12', '2022-05-02 19:06:12'),
(264, 'cappuccino por', 'milk', '2022-05-02 19:06:12', '2022-05-02 19:06:12'),
(265, 'cappuccino por', 'laktose', '2022-05-02 19:06:12', '2022-05-02 19:06:12'),
(266, 'zsemlemorzsa', 'gluten', '2022-05-02 19:06:12', '2022-05-02 19:06:12'),
(267, 'kifli', 'gluten', '2022-05-02 19:06:12', '2022-05-02 19:06:12'),
(268, 'zsemle', 'gluten', '2022-05-02 19:06:12', '2022-05-02 19:06:12'),
(269, 'hamburger zsemle', 'gluten', '2022-05-02 19:06:13', '2022-05-02 19:06:13'),
(270, 'hot-dog kifli', 'gluten', '2022-05-02 19:06:13', '2022-05-02 19:06:13'),
(271, 'kruton', 'gluten', '2022-05-02 19:06:13', '2022-05-02 19:06:13'),
(272, 'bagel', 'gluten', '2022-05-02 19:06:13', '2022-05-02 19:06:13');

-- --------------------------------------------------------

--
-- Tábla szerkezet ehhez a táblához `failed_jobs`
--

CREATE TABLE `failed_jobs` (
  `id` bigint(20) UNSIGNED NOT NULL,
  `uuid` varchar(255) COLLATE utf8mb4_unicode_ci NOT NULL,
  `connection` text COLLATE utf8mb4_unicode_ci NOT NULL,
  `queue` text COLLATE utf8mb4_unicode_ci NOT NULL,
  `payload` longtext COLLATE utf8mb4_unicode_ci NOT NULL,
  `exception` longtext COLLATE utf8mb4_unicode_ci NOT NULL,
  `failed_at` timestamp NOT NULL DEFAULT current_timestamp()
) ENGINE=InnoDB DEFAULT CHARSET=utf8mb4 COLLATE=utf8mb4_unicode_ci;

-- --------------------------------------------------------

--
-- Tábla szerkezet ehhez a táblához `kategorias`
--

CREATE TABLE `kategorias` (
  `kategoria` varchar(30) COLLATE utf8mb4_unicode_ci NOT NULL,
  `created_at` timestamp NULL DEFAULT NULL,
  `updated_at` timestamp NULL DEFAULT NULL
) ENGINE=InnoDB DEFAULT CHARSET=utf8mb4 COLLATE=utf8mb4_unicode_ci;

--
-- A tábla adatainak kiíratása `kategorias`
--

INSERT INTO `kategorias` (`kategoria`, `created_at`, `updated_at`) VALUES
('aprósütemény', '2022-05-02 19:04:06', '2022-05-02 19:04:06'),
('befőttek', '2022-05-02 19:04:07', '2022-05-02 19:04:07'),
('bonbonok', '2022-05-02 19:04:07', '2022-05-02 19:04:07'),
('édes keksz', '2022-05-02 19:04:07', '2022-05-02 19:04:07'),
('édes krém', '2022-05-02 19:04:07', '2022-05-02 19:04:07'),
('édes süti', '2022-05-02 19:04:07', '2022-05-02 19:04:07'),
('egytálételek', '2022-05-02 19:04:07', '2022-05-02 19:04:07'),
('fagyi', '2022-05-02 19:04:07', '2022-05-02 19:04:07'),
('fánk', '2022-05-02 19:04:07', '2022-05-02 19:04:07'),
('felfújtak', '2022-05-02 19:04:08', '2022-05-02 19:04:08'),
('főzelékek', '2022-05-02 19:04:08', '2022-05-02 19:04:08'),
('halételek', '2022-05-02 19:04:08', '2022-05-02 19:04:08'),
('húsételek', '2022-05-02 19:04:08', '2022-05-02 19:04:08'),
('italok', '2022-05-02 19:04:08', '2022-05-02 19:04:08'),
('kelt tészta', '2022-05-02 19:04:07', '2022-05-02 19:04:07'),
('kenyerek', '2022-05-02 19:04:07', '2022-05-02 19:04:07'),
('köretek', '2022-05-02 19:04:07', '2022-05-02 19:04:07'),
('kuglóf', '2022-05-02 19:04:07', '2022-05-02 19:04:07'),
('lángos', '2022-05-02 19:04:07', '2022-05-02 19:04:07'),
('lekváros-dzsemek', '2022-05-02 19:04:07', '2022-05-02 19:04:07'),
('levesek', '2022-05-02 19:04:07', '2022-05-02 19:04:07'),
('muffin', '2022-05-02 19:04:08', '2022-05-02 19:04:08'),
('palacsinta', '2022-05-02 19:04:08', '2022-05-02 19:04:08'),
('péksütemény', '2022-05-02 19:04:08', '2022-05-02 19:04:08'),
('pite', '2022-05-02 19:04:08', '2022-05-02 19:04:08'),
('pizza', '2022-05-02 19:04:08', '2022-05-02 19:04:08'),
('pogácsa', '2022-05-02 19:04:08', '2022-05-02 19:04:08'),
('pörkölt', '2022-05-02 19:04:08', '2022-05-02 19:04:08'),
('rétes', '2022-05-02 19:04:08', '2022-05-02 19:04:08'),
('saláta', '2022-05-02 19:04:09', '2022-05-02 19:04:09'),
('savanyúság', '2022-05-02 19:04:09', '2022-05-02 19:04:09'),
('sós krémek', '2022-05-02 19:04:09', '2022-05-02 19:04:09'),
('sós süti', '2022-05-02 19:04:08', '2022-05-02 19:04:08'),
('szendvics', '2022-05-02 19:04:08', '2022-05-02 19:04:08'),
('szósz', '2022-05-02 19:04:08', '2022-05-02 19:04:08'),
('tapas', '2022-05-02 19:04:07', '2022-05-02 19:04:07'),
('tészta', '2022-05-02 19:04:07', '2022-05-02 19:04:07'),
('töltött zöldség', '2022-05-02 19:04:07', '2022-05-02 19:04:07'),
('torta', '2022-05-02 19:04:07', '2022-05-02 19:04:07');

-- --------------------------------------------------------

--
-- Tábla szerkezet ehhez a táblához `konyhas`
--

CREATE TABLE `konyhas` (
  `konyha` varchar(30) COLLATE utf8mb4_unicode_ci NOT NULL,
  `created_at` timestamp NULL DEFAULT NULL,
  `updated_at` timestamp NULL DEFAULT NULL
) ENGINE=InnoDB DEFAULT CHARSET=utf8mb4 COLLATE=utf8mb4_unicode_ci;

--
-- A tábla adatainak kiíratása `konyhas`
--

INSERT INTO `konyhas` (`konyha`, `created_at`, `updated_at`) VALUES
('afrikai', '2022-05-02 19:04:00', '2022-05-02 19:04:00'),
('amerikai', '2022-05-02 19:04:00', '2022-05-02 19:04:00'),
('angol', '2022-05-02 19:04:01', '2022-05-02 19:04:01'),
('arab', '2022-05-02 19:04:01', '2022-05-02 19:04:01'),
('ausztrál', '2022-05-02 19:04:01', '2022-05-02 19:04:01'),
('belga', '2022-05-02 19:04:01', '2022-05-02 19:04:01'),
('bolgár', '2022-05-02 19:04:01', '2022-05-02 19:04:01'),
('cseh', '2022-05-02 19:04:01', '2022-05-02 19:04:01'),
('dél-amerikai', '2022-05-02 19:04:01', '2022-05-02 19:04:01'),
('erdélyi', '2022-05-02 19:04:01', '2022-05-02 19:04:01'),
('francia', '2022-05-02 19:04:01', '2022-05-02 19:04:01'),
('fúziós', '2022-05-02 19:04:01', '2022-05-02 19:04:01'),
('görög', '2022-05-02 19:04:01', '2022-05-02 19:04:01'),
('holland', '2022-05-02 19:04:01', '2022-05-02 19:04:01'),
('horvát', '2022-05-02 19:04:02', '2022-05-02 19:04:02'),
('indiai', '2022-05-02 19:04:02', '2022-05-02 19:04:02'),
('japán', '2022-05-02 19:04:03', '2022-05-02 19:04:03'),
('kínai', '2022-05-02 19:04:03', '2022-05-02 19:04:03'),
('lengyel', '2022-05-02 19:04:03', '2022-05-02 19:04:03'),
('magyar', '2022-05-02 19:04:03', '2022-05-02 19:04:03'),
('máltai', '2022-05-02 19:04:04', '2022-05-02 19:04:04'),
('mexikói', '2022-05-02 19:04:04', '2022-05-02 19:04:04'),
('német', '2022-05-02 19:04:04', '2022-05-02 19:04:04'),
('olasz', '2022-05-02 19:04:04', '2022-05-02 19:04:04'),
('orosz', '2022-05-02 19:04:04', '2022-05-02 19:04:04'),
('osztrák', '2022-05-02 19:04:04', '2022-05-02 19:04:04'),
('pakisztáni', '2022-05-02 19:04:04', '2022-05-02 19:04:04'),
('portugál', '2022-05-02 19:04:04', '2022-05-02 19:04:04'),
('skandináv', '2022-05-02 19:04:04', '2022-05-02 19:04:04'),
('skót', '2022-05-02 19:04:04', '2022-05-02 19:04:04'),
('spanyol', '2022-05-02 19:04:04', '2022-05-02 19:04:04'),
('svájci', '2022-05-02 19:04:04', '2022-05-02 19:04:04'),
('szerb', '2022-05-02 19:04:04', '2022-05-02 19:04:04'),
('szlovák', '2022-05-02 19:04:04', '2022-05-02 19:04:04'),
('szlovén', '2022-05-02 19:04:05', '2022-05-02 19:04:05'),
('távol-keleti', '2022-05-02 19:04:05', '2022-05-02 19:04:05'),
('török', '2022-05-02 19:04:05', '2022-05-02 19:04:05'),
('zsidó', '2022-05-02 19:04:05', '2022-05-02 19:04:05');

-- --------------------------------------------------------

--
-- Tábla szerkezet ehhez a táblához `lepes`
--

CREATE TABLE `lepes` (
  `l_id` int(10) UNSIGNED NOT NULL,
  `recept` int(10) UNSIGNED NOT NULL,
  `lepes` text COLLATE utf8mb4_unicode_ci NOT NULL,
  `created_at` timestamp NULL DEFAULT NULL,
  `updated_at` timestamp NULL DEFAULT NULL
) ENGINE=InnoDB DEFAULT CHARSET=utf8mb4 COLLATE=utf8mb4_unicode_ci;

--
-- A tábla adatainak kiíratása `lepes`
--

INSERT INTO `lepes` (`l_id`, `recept`, `lepes`, `created_at`, `updated_at`) VALUES
(4, 1, 'A jól megmosott csontot 2 l vízben feltesszük főni, és lassú forralással főzzük.', '2022-05-02 19:42:48', '2022-05-02 19:42:48'),
(5, 1, 'Kb. 1 órai fövés után beletesszük a megtisztított zöldségféléket, egészben hagyva, megsózzuk, borsozzuk, belekeverjük a paradicsompürét, és még 2 óra hosszát főzzük, utána leszűrjük.', '2022-05-02 19:42:48', '2022-05-02 19:42:48'),
(6, 1, 'A zöldségféléket metéltre vágjuk, és a külön kifőzött kiskockával vagy eperlevéllel együtt a leszűrt levesbe tesszük.', '2022-05-02 19:42:48', '2022-05-02 19:42:48'),
(8, 2, 'Húsverővel a bordákat egy kissé kiverjük, megsózzuk, és lisztbe forgatva – forró zsírban – hirtelen pirosra sütjük.', '2022-05-02 19:53:15', '2022-05-02 19:53:15'),
(11, 3, 'Az össze adalékot (vodka, Curaçao blue, citromlé) a sékerben a jéggel összerázzuk és a hosszúitalos pohárba a jégkockákra szűrjük.', '2022-05-02 20:04:34', '2022-05-02 20:04:34'),
(12, 3, 'Az ananászszeletet a narancshéjjal és a nyársra tűzött cseresznyével a pohár peremére tűzzük. Egy keverővel tálaljuk.', '2022-05-02 20:04:34', '2022-05-02 20:04:34'),
(14, 4, 'Erőteljesen összerázzuk a sékerben az összes adalékot jéggel a pezsgő nélkül, a pezsgőskehelybe szűrjük és feltöltjük pezsgővel. Az epret a pohár szélére szúrjuk.', '2022-05-02 20:22:32', '2022-05-02 20:22:32'),
(18, 5, 'A tojássárgákat a porcukorral jól kikeverjük, teszünk bele kevés reszelt citromhéjat, a tojásfehérjékből vert kemény habot, a héjával megdarált mandulát, 2 kanál zsemlemorzsát és a megmosott, lecsurgatott magvas meggyet.', '2022-05-02 20:36:39', '2022-05-02 20:36:39'),
(19, 5, 'Vajjal kikent, morzsával meghintett formába öntjük, és egy órán át gőzöljük.', '2022-05-02 20:36:39', '2022-05-02 20:36:39'),
(20, 5, 'Meggymártással tálaljuk.', '2022-05-02 20:36:40', '2022-05-02 20:36:40'),
(21, 6, 'A tojássárgákat elkeverjük 1 púpozott evőkanál porcukorral, a liszttel és a tejjel, egy csipet sóval, majd a tojásfehérjékből vert kemény habbal.', '2022-05-02 20:48:17', '2022-05-02 20:48:17'),
(22, 6, 'Serpenyőbe zsírt forrósítunk, és a keveréket beleöntjük.', '2022-05-02 20:48:17', '2022-05-02 20:48:17'),
(23, 6, 'Amikor keményedni kezd, villával összetörjük, hogy morzsás legyen.', '2022-05-02 20:48:17', '2022-05-02 20:48:17'),
(24, 6, 'Beletesszük a vízbe vagy borba áztatott mazsolát, és porcukorral meghintve tálaljuk. Gyümölcsízt is adhatunk hozzá.', '2022-05-02 20:48:17', '2022-05-02 20:48:17'),
(28, 7, 'A vajat habosra keverjük a vaníliás porcukorral, a tojássárgájával és annyi erős feketekávéval, hogy sűrű, krémszerű massza legyen.', '2022-05-02 20:58:50', '2022-05-02 20:58:50'),
(29, 7, 'Egy hosszúkás tálra 10 babapiskótát teszünk, megöntözzük egy kevés rummal – esetleg tejjel kevert rumaromával –, és rákenjük a kávékrém felét. Erre rumos piskótát, majd a krém másik felét, végül ismét piskótát teszünk.', '2022-05-02 20:58:50', '2022-05-02 20:58:50'),
(30, 7, 'Egy napig vagy néhány óráig hideg helyen tartjuk. Fogyasztás előtt a tetejét bevonjuk cukrozott tejszínhabbal, és megszórjuk szálkásra vágott, hámozott mandulával.', '2022-05-02 20:58:50', '2022-05-02 20:58:50'),
(31, 8, 'A megtisztított, megmosott gombákat kockára vágjuk, és sós, ecetes vízben forraljuk néhány percig, azután leszűrjük, és jól lecsöpögtetjük.', '2022-05-02 21:05:34', '2022-05-02 21:05:34'),
(32, 8, 'A vajat jól megforrósítjuk, beledobjuk a gombát, meghintjük apróra vágott zöldpetrezselyemmel, törött borssal, és addig hagyjuk a tűzön, amíg a saját vizét el nem süli.', '2022-05-02 21:05:34', '2022-05-02 21:05:34'),
(33, 8, 'Tejfölös mártással, tükörtojással önálló étel, vagy húshoz köretként adhatjuk.', '2022-05-02 21:05:35', '2022-05-02 21:05:35');

-- --------------------------------------------------------

--
-- Tábla szerkezet ehhez a táblához `mertekegysegs`
--

CREATE TABLE `mertekegysegs` (
  `mertekegyseg` varchar(20) COLLATE utf8mb4_unicode_ci NOT NULL,
  `created_at` timestamp NULL DEFAULT NULL,
  `updated_at` timestamp NULL DEFAULT NULL
) ENGINE=InnoDB DEFAULT CHARSET=utf8mb4 COLLATE=utf8mb4_unicode_ci;

--
-- A tábla adatainak kiíratása `mertekegysegs`
--

INSERT INTO `mertekegysegs` (`mertekegyseg`, `created_at`, `updated_at`) VALUES
('bk', '2022-05-02 19:05:42', '2022-05-02 19:05:42'),
('bögre', '2022-05-02 19:05:42', '2022-05-02 19:05:42'),
('citromból nyert', '2022-05-02 19:05:41', '2022-05-02 19:05:41'),
('cl', '2022-05-02 19:05:41', '2022-05-02 19:05:41'),
('csepp', '2022-05-02 19:05:41', '2022-05-02 19:05:41'),
('csipet', '2022-05-02 19:05:42', '2022-05-02 19:05:42'),
('csokor', '2022-05-02 19:05:42', '2022-05-02 19:05:42'),
('csomag', '2022-05-02 19:05:42', '2022-05-02 19:05:42'),
('db', '2022-05-02 19:05:42', '2022-05-02 19:05:42'),
('dkg', '2022-05-02 19:05:41', '2022-05-02 19:05:41'),
('dl', '2022-05-02 19:05:41', '2022-05-02 19:05:41'),
('ek', '2022-05-02 19:05:41', '2022-05-02 19:05:41'),
('fél citromból nyert', '2022-05-02 19:05:41', '2022-05-02 19:05:41'),
('g', '2022-05-02 19:05:41', '2022-05-02 19:05:41'),
('gerezd', '2022-05-02 19:05:41', '2022-05-02 19:05:41'),
('ízlés szerint', '2022-05-02 19:05:42', '2022-05-02 19:05:42'),
('késhegynyi', '2022-05-02 19:05:42', '2022-05-02 19:05:42'),
('kg', '2022-05-02 19:05:41', '2022-05-02 19:05:41'),
('kk', '2022-05-02 19:05:40', '2022-05-02 19:05:40'),
('l', '2022-05-02 19:05:41', '2022-05-02 19:05:41'),
('ml', '2022-05-02 19:05:41', '2022-05-02 19:05:41'),
('szál', '2022-05-02 19:05:42', '2022-05-02 19:05:42'),
('szelet', '2022-05-02 21:48:18', '2022-05-02 21:48:18'),
('tk', '2022-05-02 19:05:41', '2022-05-02 19:05:41');

-- --------------------------------------------------------

--
-- Tábla szerkezet ehhez a táblához `migrations`
--

CREATE TABLE `migrations` (
  `id` int(10) UNSIGNED NOT NULL,
  `migration` varchar(255) COLLATE utf8mb4_unicode_ci NOT NULL,
  `batch` int(11) NOT NULL
) ENGINE=InnoDB DEFAULT CHARSET=utf8mb4 COLLATE=utf8mb4_unicode_ci;

--
-- A tábla adatainak kiíratása `migrations`
--

INSERT INTO `migrations` (`id`, `migration`, `batch`) VALUES
(1, '2014_10_12_000000_create_users_table', 1),
(2, '2014_10_12_100000_create_password_resets_table', 1),
(3, '2019_08_19_000000_create_failed_jobs_table', 1),
(4, '2019_12_14_000001_create_personal_access_tokens_table', 1),
(5, '2022_02_09_213421_create_konyhas_table', 1),
(6, '2022_02_09_213453_create_kategorias_table', 1),
(7, '2022_02_09_223054_create_recepts_table', 1),
(8, '2022_02_09_223138_create_receptkonyvs_table', 1),
(9, '2022_02_09_223525_create_alapanyags_table', 1),
(10, '2022_02_09_223709_create_mertekegysegs_table', 1),
(11, '2022_02_09_223753_create_allergens_table', 1),
(12, '2022_02_09_224144_create_alapanyag_mertekegysegs_table', 1),
(13, '2022_02_09_224227_create_alkotjas_table', 1),
(14, '2022_02_20_235226_create_lepes_table', 1),
(15, '2022_02_22_223832_create_uzenets_table', 1);

-- --------------------------------------------------------

--
-- Tábla szerkezet ehhez a táblához `password_resets`
--

CREATE TABLE `password_resets` (
  `email` varchar(255) COLLATE utf8mb4_unicode_ci NOT NULL,
  `token` varchar(255) COLLATE utf8mb4_unicode_ci NOT NULL,
  `created_at` timestamp NULL DEFAULT NULL
) ENGINE=InnoDB DEFAULT CHARSET=utf8mb4 COLLATE=utf8mb4_unicode_ci;

-- --------------------------------------------------------

--
-- Tábla szerkezet ehhez a táblához `personal_access_tokens`
--

CREATE TABLE `personal_access_tokens` (
  `id` bigint(20) UNSIGNED NOT NULL,
  `tokenable_type` varchar(255) COLLATE utf8mb4_unicode_ci NOT NULL,
  `tokenable_id` bigint(20) UNSIGNED NOT NULL,
  `name` varchar(255) COLLATE utf8mb4_unicode_ci NOT NULL,
  `token` varchar(64) COLLATE utf8mb4_unicode_ci NOT NULL,
  `abilities` text COLLATE utf8mb4_unicode_ci DEFAULT NULL,
  `last_used_at` timestamp NULL DEFAULT NULL,
  `created_at` timestamp NULL DEFAULT NULL,
  `updated_at` timestamp NULL DEFAULT NULL
) ENGINE=InnoDB DEFAULT CHARSET=utf8mb4 COLLATE=utf8mb4_unicode_ci;

-- --------------------------------------------------------

--
-- Tábla szerkezet ehhez a táblához `receptkonyvs`
--

CREATE TABLE `receptkonyvs` (
  `rk_id` int(10) UNSIGNED NOT NULL,
  `user` bigint(20) UNSIGNED NOT NULL,
  `recept` int(10) UNSIGNED NOT NULL,
  `elkeszitette` tinyint(1) NOT NULL DEFAULT 0,
  `sajat` tinyint(1) NOT NULL DEFAULT 0,
  `minosites` tinyint(4) NOT NULL DEFAULT 0,
  `created_at` timestamp NULL DEFAULT NULL,
  `updated_at` timestamp NULL DEFAULT NULL
) ENGINE=InnoDB DEFAULT CHARSET=utf8mb4 COLLATE=utf8mb4_unicode_ci;

--
-- A tábla adatainak kiíratása `receptkonyvs`
--

INSERT INTO `receptkonyvs` (`rk_id`, `user`, `recept`, `elkeszitette`, `sajat`, `minosites`, `created_at`, `updated_at`) VALUES
(1, 2, 1, 0, 1, 0, '2022-05-02 19:42:47', '2022-05-02 19:42:47'),
(2, 2, 2, 0, 1, 0, '2022-05-02 19:53:14', '2022-05-02 19:53:14'),
(3, 2, 3, 0, 1, 0, '2022-05-02 20:04:34', '2022-05-02 20:04:34'),
(4, 2, 4, 0, 1, 0, '2022-05-02 20:22:31', '2022-05-02 20:22:31'),
(5, 2, 5, 0, 1, 0, '2022-05-02 20:36:39', '2022-05-02 20:36:39');

-- --------------------------------------------------------

--
-- Tábla szerkezet ehhez a táblához `recepts`
--

CREATE TABLE `recepts` (
  `r_id` int(10) UNSIGNED NOT NULL,
  `url_slug` varchar(50) COLLATE utf8mb4_unicode_ci NOT NULL,
  `user` bigint(20) UNSIGNED DEFAULT NULL,
  `megnevezes` varchar(50) COLLATE utf8mb4_unicode_ci NOT NULL,
  `kep` varchar(255) COLLATE utf8mb4_unicode_ci NOT NULL,
  `kategoria` varchar(30) COLLATE utf8mb4_unicode_ci DEFAULT NULL,
  `konyha` varchar(30) COLLATE utf8mb4_unicode_ci DEFAULT NULL,
  `adag` tinyint(4) NOT NULL,
  `elokeszitesi_ido` mediumint(9) DEFAULT NULL,
  `fozesi_ido` mediumint(9) DEFAULT NULL,
  `sutesi_ido` mediumint(9) DEFAULT NULL,
  `fogas` varchar(20) COLLATE utf8mb4_unicode_ci DEFAULT NULL,
  `konyhatechnologia` varchar(20) COLLATE utf8mb4_unicode_ci DEFAULT NULL,
  `babakonyha` varchar(30) COLLATE utf8mb4_unicode_ci DEFAULT NULL,
  `egyeb_elnevezesek` text COLLATE utf8mb4_unicode_ci DEFAULT NULL,
  `ossznezettseg` mediumint(9) NOT NULL DEFAULT 0,
  `reggeli` tinyint(1) NOT NULL DEFAULT 0,
  `tizorai` tinyint(1) NOT NULL DEFAULT 0,
  `ebed` tinyint(1) NOT NULL DEFAULT 0,
  `uzsonna` tinyint(1) NOT NULL DEFAULT 0,
  `vacsora` tinyint(1) NOT NULL DEFAULT 0,
  `tavasz` tinyint(1) NOT NULL DEFAULT 0,
  `nyar` tinyint(1) NOT NULL DEFAULT 0,
  `osz` tinyint(1) NOT NULL DEFAULT 0,
  `tel` tinyint(1) NOT NULL DEFAULT 0,
  `statusz` varchar(15) COLLATE utf8mb4_unicode_ci NOT NULL DEFAULT 'beküldött',
  `created_at` timestamp NULL DEFAULT NULL,
  `updated_at` timestamp NULL DEFAULT NULL
) ENGINE=InnoDB DEFAULT CHARSET=utf8mb4 COLLATE=utf8mb4_unicode_ci;

--
-- A tábla adatainak kiíratása `recepts`
--

INSERT INTO `recepts` (`r_id`, `url_slug`, `user`, `megnevezes`, `kep`, `kategoria`, `konyha`, `adag`, `elokeszitesi_ido`, `fozesi_ido`, `sutesi_ido`, `fogas`, `konyhatechnologia`, `babakonyha`, `egyeb_elnevezesek`, `ossznezettseg`, `reggeli`, `tizorai`, `ebed`, `uzsonna`, `vacsora`, `tavasz`, `nyar`, `osz`, `tel`, `statusz`, `created_at`, `updated_at`) VALUES
(1, 'csontleves', 2, 'Csontleves', 'images/tcj9UBDJMRzHI7ZciCb4BU38qrmacdhEjA1BAu8z.jpg', 'levesek', 'magyar', 4, 15, 180, NULL, 'leves', NULL, NULL, 'null', 0, 0, 0, 1, 0, 1, 1, 1, 0, 0, 'publikus', '2022-05-02 19:41:53', '2022-05-02 19:42:47'),
(2, 'natur-sertesborda', 2, 'Natúr sertésborda', 'images/7s5TUtpNtmxknwtyI33DqkYbtt2Ro9SNW5qJCuQd.jpg', NULL, 'magyar', 4, 5, 15, NULL, 'főétel', NULL, NULL, 'null', 0, 0, 0, 1, 0, 1, 1, 1, 1, 1, 'publikus', '2022-05-02 19:52:42', '2022-05-02 19:53:14'),
(3, 'serrera', 2, 'Serrera', 'images/tq7L3CJrL8D6qkjfOA4XsWraH2KbWBUeLw0dM3NZ.jpg', NULL, NULL, 1, 5, NULL, NULL, NULL, 'séker', NULL, 'null', 0, 0, 0, 0, 0, 0, 0, 1, 0, 0, 'publikus', '2022-05-02 20:04:21', '2022-05-02 20:04:34'),
(4, 'light-strawberry', 2, 'Light Strawberry', 'images/83nUfurFlW1ASLdD32AZFZKtcXpeyPn6mVbGcZBw.webp', 'italok', NULL, 1, 5, NULL, NULL, NULL, 'séker', NULL, 'null', 0, 1, 0, 1, 0, 1, 1, 1, 0, 0, 'publikus', '2022-05-02 20:22:12', '2022-05-02 20:22:30'),
(5, 'meggypuding-i', 2, 'Meggypuding I.', 'images/GGjorvdat8t7YYYJAcENL1UqF3TFaJAXmbNCMABr.jpg', NULL, 'magyar', 4, 15, 60, NULL, 'desszert', NULL, NULL, 'null', 0, 0, 0, 0, 1, 0, 0, 1, 0, 0, 'publikus', '2022-05-02 20:36:27', '2022-05-02 20:36:38'),
(6, 'csaszarmorzsa', 2, 'Császármorzsa', 'images/q7mnJxN4zwXz7lfS1hW5i2rQkAmivwisnqKxec7R.jpg', NULL, 'magyar', 4, 15, 20, NULL, NULL, NULL, NULL, 'null', 0, 0, 0, 1, 0, 1, 0, 0, 0, 0, 'beküldött', '2022-05-02 20:48:16', '2022-05-02 20:48:16'),
(7, 'kaves-piskota', 2, 'Kávés piskóta', 'images/XMdAhnO7lsTpPRfrbU4qvqFIVjH6aMpJWTmCPTLG.jpg', 'édes süti', 'magyar', 4, 30, NULL, NULL, 'desszert', NULL, NULL, 'null', 0, 0, 0, 0, 1, 0, 1, 1, 1, 1, 'vázlat', '2022-05-02 20:58:32', '2022-05-02 20:58:49'),
(8, 'gomba-sutve', 2, 'Gomba sütve', 'images/S6YSxx9ObzKg8BWy9Sbt8H8H2Gjh76jdpEEfP5lt.jpg', NULL, NULL, 4, 15, 30, NULL, NULL, NULL, NULL, 'null', 0, 1, 0, 1, 0, 1, 1, 1, 1, 0, 'beküldött', '2022-05-02 21:05:34', '2022-05-02 21:05:34');

-- --------------------------------------------------------

--
-- Tábla szerkezet ehhez a táblához `users`
--

CREATE TABLE `users` (
  `id` bigint(20) UNSIGNED NOT NULL,
  `name` varchar(255) COLLATE utf8mb4_unicode_ci NOT NULL,
  `email` varchar(255) COLLATE utf8mb4_unicode_ci NOT NULL,
  `email_verified_at` timestamp NULL DEFAULT NULL,
  `password` varchar(255) COLLATE utf8mb4_unicode_ci NOT NULL,
  `is_admin` tinyint(1) NOT NULL DEFAULT 0,
  `remember_token` varchar(100) COLLATE utf8mb4_unicode_ci DEFAULT NULL,
  `created_at` timestamp NULL DEFAULT NULL,
  `updated_at` timestamp NULL DEFAULT NULL
) ENGINE=InnoDB DEFAULT CHARSET=utf8mb4 COLLATE=utf8mb4_unicode_ci;

--
-- A tábla adatainak kiíratása `users`
--

INSERT INTO `users` (`id`, `name`, `email`, `email_verified_at`, `password`, `is_admin`, `remember_token`, `created_at`, `updated_at`) VALUES
(1, 'Felhasználó', 'felhasznalo@example.com', NULL, '$2y$10$RPsggzPKp8H3CJyeVW11met4dJunnAQHLfKCZCwHQ3kLIqp906yB.', 0, NULL, '2022-05-02 19:16:06', '2022-05-02 19:16:06'),
(2, 'admin', 'admin@example.com', NULL, '$2y$10$EcSB/9PCliBetXeNeefl2.MDw.YmGy4hvsLTDt5okKKQtcqyUjVca', 1, NULL, '2022-05-02 19:16:53', '2022-05-02 19:16:53');

-- --------------------------------------------------------

--
-- Tábla szerkezet ehhez a táblához `uzenets`
--

CREATE TABLE `uzenets` (
  `m_id` int(10) UNSIGNED NOT NULL,
  `recept` int(10) UNSIGNED NOT NULL,
  `uzenet` text COLLATE utf8mb4_unicode_ci NOT NULL,
  `created_at` timestamp NULL DEFAULT NULL,
  `updated_at` timestamp NULL DEFAULT NULL
) ENGINE=InnoDB DEFAULT CHARSET=utf8mb4 COLLATE=utf8mb4_unicode_ci;

--
-- Indexek a kiírt táblákhoz
--

--
-- A tábla indexei `alapanyags`
--
ALTER TABLE `alapanyags`
  ADD UNIQUE KEY `alapanyags_megnevezes_unique` (`megnevezes`);

--
-- A tábla indexei `alapanyag_mertekegysegs`
--
ALTER TABLE `alapanyag_mertekegysegs`
  ADD PRIMARY KEY (`am_id`),
  ADD UNIQUE KEY `alapanyag_mertekegysegs_mertekegyseg_alapanyag_unique` (`mertekegyseg`,`alapanyag`),
  ADD KEY `alapanyag_mertekegysegs_alapanyag_foreign` (`alapanyag`);

--
-- A tábla indexei `alkotjas`
--
ALTER TABLE `alkotjas`
  ADD PRIMARY KEY (`alk_id`),
  ADD UNIQUE KEY `alkotjas_alk_id_unique` (`alk_id`),
  ADD UNIQUE KEY `alkotjas_recept_alapanyag_mertekegyseg_mennyiseg_unique` (`recept`,`alapanyag_mertekegyseg`,`mennyiseg`),
  ADD KEY `alkotjas_alapanyag_mertekegyseg_foreign` (`alapanyag_mertekegyseg`);

--
-- A tábla indexei `allergens`
--
ALTER TABLE `allergens`
  ADD PRIMARY KEY (`a_id`),
  ADD UNIQUE KEY `allergens_alapanyag_allergen_unique` (`alapanyag`,`allergen`);

--
-- A tábla indexei `failed_jobs`
--
ALTER TABLE `failed_jobs`
  ADD PRIMARY KEY (`id`),
  ADD UNIQUE KEY `failed_jobs_uuid_unique` (`uuid`);

--
-- A tábla indexei `kategorias`
--
ALTER TABLE `kategorias`
  ADD UNIQUE KEY `kategorias_kategoria_unique` (`kategoria`);

--
-- A tábla indexei `konyhas`
--
ALTER TABLE `konyhas`
  ADD UNIQUE KEY `konyhas_konyha_unique` (`konyha`);

--
-- A tábla indexei `lepes`
--
ALTER TABLE `lepes`
  ADD PRIMARY KEY (`l_id`),
  ADD KEY `lepes_recept_foreign` (`recept`);

--
-- A tábla indexei `mertekegysegs`
--
ALTER TABLE `mertekegysegs`
  ADD UNIQUE KEY `mertekegysegs_mertekegyseg_unique` (`mertekegyseg`);

--
-- A tábla indexei `migrations`
--
ALTER TABLE `migrations`
  ADD PRIMARY KEY (`id`);

--
-- A tábla indexei `password_resets`
--
ALTER TABLE `password_resets`
  ADD KEY `password_resets_email_index` (`email`);

--
-- A tábla indexei `personal_access_tokens`
--
ALTER TABLE `personal_access_tokens`
  ADD PRIMARY KEY (`id`),
  ADD UNIQUE KEY `personal_access_tokens_token_unique` (`token`),
  ADD KEY `personal_access_tokens_tokenable_type_tokenable_id_index` (`tokenable_type`,`tokenable_id`);

--
-- A tábla indexei `receptkonyvs`
--
ALTER TABLE `receptkonyvs`
  ADD PRIMARY KEY (`rk_id`),
  ADD UNIQUE KEY `receptkonyvs_user_recept_unique` (`user`,`recept`),
  ADD KEY `receptkonyvs_user_index` (`user`),
  ADD KEY `receptkonyvs_recept_index` (`recept`);

--
-- A tábla indexei `recepts`
--
ALTER TABLE `recepts`
  ADD PRIMARY KEY (`r_id`),
  ADD UNIQUE KEY `recepts_url_slug_unique` (`url_slug`),
  ADD UNIQUE KEY `recepts_megnevezes_unique` (`megnevezes`),
  ADD UNIQUE KEY `recepts_kep_unique` (`kep`),
  ADD KEY `recepts_kategoria_foreign` (`kategoria`),
  ADD KEY `recepts_konyha_foreign` (`konyha`),
  ADD KEY `recepts_user_foreign` (`user`);

--
-- A tábla indexei `users`
--
ALTER TABLE `users`
  ADD PRIMARY KEY (`id`),
  ADD UNIQUE KEY `users_email_unique` (`email`);

--
-- A tábla indexei `uzenets`
--
ALTER TABLE `uzenets`
  ADD PRIMARY KEY (`m_id`),
  ADD KEY `uzenets_recept_foreign` (`recept`);

--
-- A kiírt táblák AUTO_INCREMENT értéke
--

--
-- AUTO_INCREMENT a táblához `alapanyag_mertekegysegs`
--
ALTER TABLE `alapanyag_mertekegysegs`
  MODIFY `am_id` int(10) UNSIGNED NOT NULL AUTO_INCREMENT, AUTO_INCREMENT=3000;

--
-- AUTO_INCREMENT a táblához `alkotjas`
--
ALTER TABLE `alkotjas`
  MODIFY `alk_id` int(10) UNSIGNED NOT NULL AUTO_INCREMENT, AUTO_INCREMENT=105;

--
-- AUTO_INCREMENT a táblához `allergens`
--
ALTER TABLE `allergens`
  MODIFY `a_id` bigint(20) UNSIGNED NOT NULL AUTO_INCREMENT, AUTO_INCREMENT=273;

--
-- AUTO_INCREMENT a táblához `failed_jobs`
--
ALTER TABLE `failed_jobs`
  MODIFY `id` bigint(20) UNSIGNED NOT NULL AUTO_INCREMENT;

--
-- AUTO_INCREMENT a táblához `lepes`
--
ALTER TABLE `lepes`
  MODIFY `l_id` int(10) UNSIGNED NOT NULL AUTO_INCREMENT, AUTO_INCREMENT=34;

--
-- AUTO_INCREMENT a táblához `migrations`
--
ALTER TABLE `migrations`
  MODIFY `id` int(10) UNSIGNED NOT NULL AUTO_INCREMENT, AUTO_INCREMENT=16;

--
-- AUTO_INCREMENT a táblához `personal_access_tokens`
--
ALTER TABLE `personal_access_tokens`
  MODIFY `id` bigint(20) UNSIGNED NOT NULL AUTO_INCREMENT;

--
-- AUTO_INCREMENT a táblához `receptkonyvs`
--
ALTER TABLE `receptkonyvs`
  MODIFY `rk_id` int(10) UNSIGNED NOT NULL AUTO_INCREMENT, AUTO_INCREMENT=6;

--
-- AUTO_INCREMENT a táblához `recepts`
--
ALTER TABLE `recepts`
  MODIFY `r_id` int(10) UNSIGNED NOT NULL AUTO_INCREMENT, AUTO_INCREMENT=9;

--
-- AUTO_INCREMENT a táblához `users`
--
ALTER TABLE `users`
  MODIFY `id` bigint(20) UNSIGNED NOT NULL AUTO_INCREMENT, AUTO_INCREMENT=3;

--
-- AUTO_INCREMENT a táblához `uzenets`
--
ALTER TABLE `uzenets`
  MODIFY `m_id` int(10) UNSIGNED NOT NULL AUTO_INCREMENT;

--
-- Megkötések a kiírt táblákhoz
--

--
-- Megkötések a táblához `alapanyag_mertekegysegs`
--
ALTER TABLE `alapanyag_mertekegysegs`
  ADD CONSTRAINT `alapanyag_mertekegysegs_alapanyag_foreign` FOREIGN KEY (`alapanyag`) REFERENCES `alapanyags` (`megnevezes`) ON DELETE CASCADE ON UPDATE CASCADE,
  ADD CONSTRAINT `alapanyag_mertekegysegs_mertekegyseg_foreign` FOREIGN KEY (`mertekegyseg`) REFERENCES `mertekegysegs` (`mertekegyseg`) ON DELETE CASCADE ON UPDATE CASCADE;

--
-- Megkötések a táblához `alkotjas`
--
ALTER TABLE `alkotjas`
  ADD CONSTRAINT `alkotjas_alapanyag_mertekegyseg_foreign` FOREIGN KEY (`alapanyag_mertekegyseg`) REFERENCES `alapanyag_mertekegysegs` (`am_id`) ON DELETE CASCADE ON UPDATE CASCADE,
  ADD CONSTRAINT `alkotjas_recept_foreign` FOREIGN KEY (`recept`) REFERENCES `recepts` (`r_id`) ON DELETE CASCADE ON UPDATE CASCADE;

--
-- Megkötések a táblához `allergens`
--
ALTER TABLE `allergens`
  ADD CONSTRAINT `allergens_alapanyag_foreign` FOREIGN KEY (`alapanyag`) REFERENCES `alapanyags` (`megnevezes`) ON DELETE CASCADE ON UPDATE CASCADE;

--
-- Megkötések a táblához `lepes`
--
ALTER TABLE `lepes`
  ADD CONSTRAINT `lepes_recept_foreign` FOREIGN KEY (`recept`) REFERENCES `recepts` (`r_id`) ON DELETE CASCADE ON UPDATE CASCADE;

--
-- Megkötések a táblához `receptkonyvs`
--
ALTER TABLE `receptkonyvs`
  ADD CONSTRAINT `receptkonyvs_recept_foreign` FOREIGN KEY (`recept`) REFERENCES `recepts` (`r_id`) ON DELETE CASCADE ON UPDATE CASCADE,
  ADD CONSTRAINT `receptkonyvs_user_foreign` FOREIGN KEY (`user`) REFERENCES `users` (`id`) ON DELETE CASCADE ON UPDATE CASCADE;

--
-- Megkötések a táblához `recepts`
--
ALTER TABLE `recepts`
  ADD CONSTRAINT `recepts_kategoria_foreign` FOREIGN KEY (`kategoria`) REFERENCES `kategorias` (`kategoria`) ON DELETE SET NULL ON UPDATE CASCADE,
  ADD CONSTRAINT `recepts_konyha_foreign` FOREIGN KEY (`konyha`) REFERENCES `konyhas` (`konyha`) ON DELETE SET NULL ON UPDATE CASCADE,
  ADD CONSTRAINT `recepts_user_foreign` FOREIGN KEY (`user`) REFERENCES `users` (`id`) ON DELETE SET NULL ON UPDATE CASCADE;

--
-- Megkötések a táblához `uzenets`
--
ALTER TABLE `uzenets`
  ADD CONSTRAINT `uzenets_recept_foreign` FOREIGN KEY (`recept`) REFERENCES `recepts` (`r_id`) ON DELETE CASCADE ON UPDATE CASCADE;
COMMIT;

/*!40101 SET CHARACTER_SET_CLIENT=@OLD_CHARACTER_SET_CLIENT */;
/*!40101 SET CHARACTER_SET_RESULTS=@OLD_CHARACTER_SET_RESULTS */;
/*!40101 SET COLLATION_CONNECTION=@OLD_COLLATION_CONNECTION */;
